agent_a,agent_b,probe_id,time_s,parameter_pair_comparisons,collision_pair_count,collision_pair_fraction,min_trace_distance,mean_trace_distance,median_trace_distance,max_trace_distance,closest_parameter_point_a,closest_parameter_point_b,parameter_values_a_json,parameter_values_b_json
coherent-longitudinal-detuning,finite-mode-spin-boson-dephasing,+,0.0,80,80,1.0,0.0,0.0,0.0,0.0,coherent_rate_00,spin_boson_00,"{""delta_omega"": 0.25, ""interaction_time"": 0.0}","{""cutoff_angular_frequency"": 1.0, ""interaction_time"": 0.0, ""mode_count"": 2, ""temperature_angular_frequency"": 0.5}"
coherent-longitudinal-detuning,finite-mode-spin-boson-dephasing,+,6.283185307179586,80,2,0.025,1.224646799147353e-16,0.5228553393106522,0.4999999999999999,0.9999999999999998,coherent_rate_03,spin_boson_02,"{""delta_omega"": 1.0, ""interaction_time"": 6.283185307179586}","{""cutoff_angular_frequency"": 2.0, ""interaction_time"": 6.283185307179586, ""mode_count"": 2, ""temperature_angular_frequency"": 1.0}"
coherent-longitudinal-detuning,finite-mode-spin-boson-dephasing,+,12.566370614359172,80,18,0.225,1.224646799147353e-16,0.4625,0.4999999999999999,0.9999999999999998,coherent_rate_01,spin_boson_00,"{""delta_omega"": 0.5, ""interaction_time"": 12.566370614359172}","{""cutoff_angular_frequency"": 1.0, ""interaction_time"": 12.566370614359172, ""mode_count"": 2, ""temperature_angular_frequency"": 0.5}"
coherent-longitudinal-detuning,finite-mode-spin-boson-dephasing,+i,0.0,80,80,1.0,0.0,0.0,0.0,0.0,coherent_rate_00,spin_boson_00,"{""delta_omega"": 0.25, ""interaction_time"": 0.0}","{""cutoff_angular_frequency"": 1.0, ""interaction_time"": 0.0, ""mode_count"": 2, ""temperature_angular_frequency"": 0.5}"
coherent-longitudinal-detuning,finite-mode-spin-boson-dephasing,+i,6.283185307179586,80,2,0.025,1.224646799147353e-16,0.5228553393106522,0.4999999999999999,0.9999999999999998,coherent_rate_03,spin_boson_02,"{""delta_omega"": 1.0, ""interaction_time"": 6.283185307179586}","{""cutoff_angular_frequency"": 2.0, ""interaction_time"": 6.283185307179586, ""mode_count"": 2, ""temperature_angular_frequency"": 1.0}"
coherent-longitudinal-detuning,finite-mode-spin-boson-dephasing,+i,12.566370614359172,80,18,0.225,1.224646799147353e-16,0.4625,0.4999999999999999,0.9999999999999998,coherent_rate_01,spin_boson_00,"{""delta_omega"": 0.5, ""interaction_time"": 12.566370614359172}","{""cutoff_angular_frequency"": 1.0, ""interaction_time"": 12.566370614359172, ""mode_count"": 2, ""temperature_angular_frequency"": 0.5}"
coherent-longitudinal-detuning,finite-mode-spin-boson-dephasing,-,0.0,80,80,1.0,0.0,0.0,0.0,0.0,coherent_rate_00,spin_boson_00,"{""delta_omega"": 0.25, ""interaction_time"": 0.0}","{""cutoff_angular_frequency"": 1.0, ""interaction_time"": 0.0, ""mode_count"": 2, ""temperature_angular_frequency"": 0.5}"
coherent-longitudinal-detuning,finite-mode-spin-boson-dephasing,-,6.283185307179586,80,2,0.025,1.224646799147353e-16,0.5228553393106522,0.4999999999999999,0.9999999999999998,coherent_rate_03,spin_boson_02,"{""delta_omega"": 1.0, ""interaction_time"": 6.283185307179586}","{""cutoff_angular_frequency"": 2.0, ""interaction_time"": 6.283185307179586, ""mode_count"": 2, ""temperature_angular_frequency"": 1.0}"
coherent-longitudinal-detuning,finite-mode-spin-boson-dephasing,-,12.566370614359172,80,18,0.225,1.224646799147353e-16,0.4625,0.4999999999999999,0.9999999999999998,coherent_rate_01,spin_boson_00,"{""delta_omega"": 0.5, ""interaction_time"": 12.566370614359172}","{""cutoff_angular_frequency"": 1.0, ""interaction_time"": 12.566370614359172, ""mode_count"": 2, ""temperature_angular_frequency"": 0.5}"
coherent-longitudinal-detuning,finite-mode-spin-boson-dephasing,-i,0.0,80,80,1.0,0.0,0.0,0.0,0.0,coherent_rate_00,spin_boson_00,"{""delta_omega"": 0.25, ""interaction_time"": 0.0}","{""cutoff_angular_frequency"": 1.0, ""interaction_time"": 0.0, ""mode_count"": 2, ""temperature_angular_frequency"": 0.5}"
coherent-longitudinal-detuning,finite-mode-spin-boson-dephasing,-i,6.283185307179586,80,2,0.025,1.224646799147353e-16,0.5228553393106522,0.4999999999999999,0.9999999999999998,coherent_rate_03,spin_boson_02,"{""delta_omega"": 1.0, ""interaction_time"": 6.283185307179586}","{""cutoff_angular_frequency"": 2.0, ""interaction_time"": 6.283185307179586, ""mode_count"": 2, ""temperature_angular_frequency"": 1.0}"
coherent-longitudinal-detuning,finite-mode-spin-boson-dephasing,-i,12.566370614359172,80,18,0.225,1.224646799147353e-16,0.4625,0.4999999999999999,0.9999999999999998,coherent_rate_01,spin_boson_00,"{""delta_omega"": 0.5, ""interaction_time"": 12.566370614359172}","{""cutoff_angular_frequency"": 1.0, ""interaction_time"": 12.566370614359172, ""mode_count"": 2, ""temperature_angular_frequency"": 0.5}"
coherent-longitudinal-detuning,finite-mode-spin-boson-dephasing,0,0.0,80,80,1.0,0.0,0.0,0.0,0.0,coherent_rate_00,spin_boson_00,"{""delta_omega"": 0.25, ""interaction_time"": 0.0}","{""cutoff_angular_frequency"": 1.0, ""interaction_time"": 0.0, ""mode_count"": 2, ""temperature_angular_frequency"": 0.5}"
coherent-longitudinal-detuning,finite-mode-spin-boson-dephasing,0,0.15707963267948966,80,80,1.0,0.0,3.400058012914542e-17,0.0,1.6653345369377348e-16,coherent_rate_00,spin_boson_02,"{""delta_omega"": 0.25, ""interaction_time"": 0.15707963267948966}","{""cutoff_angular_frequency"": 2.0, ""interaction_time"": 0.15707963267948966, ""mode_count"": 2, ""temperature_angular_frequency"": 1.0}"
coherent-longitudinal-detuning,finite-mode-spin-boson-dephasing,0,0.3141592653589793,80,80,1.0,0.0,3.3306690738754695e-17,0.0,1.6653345369377348e-16,coherent_rate_01,spin_boson_00,"{""delta_omega"": 0.5, ""interaction_time"": 0.3141592653589793}","{""cutoff_angular_frequency"": 1.0, ""interaction_time"": 0.3141592653589793, ""mode_count"": 2, ""temperature_angular_frequency"": 0.5}"
coherent-longitudinal-detuning,finite-mode-spin-boson-dephasing,0,0.47123889803846897,80,80,1.0,0.0,2.7755575615628914e-17,0.0,1.1102230246251565e-16,coherent_rate_00,spin_boson_00,"{""delta_omega"": 0.25, ""interaction_time"": 0.47123889803846897}","{""cutoff_angular_frequency"": 1.0, ""interaction_time"": 0.47123889803846897, ""mode_count"": 2, ""temperature_angular_frequency"": 0.5}"
coherent-longitudinal-detuning,finite-mode-spin-boson-dephasing,0,0.6283185307179586,80,80,1.0,0.0,3.7470027081099036e-17,5.551115123125783e-17,1.6653345369377348e-16,coherent_rate_00,spin_boson_02,"{""delta_omega"": 0.25, ""interaction_time"": 0.6283185307179586}","{""cutoff_angular_frequency"": 2.0, ""interaction_time"": 0.6283185307179586, ""mode_count"": 2, ""temperature_angular_frequency"": 1.0}"
coherent-longitudinal-detuning,finite-mode-spin-boson-dephasing,0,0.7853981633974483,80,80,1.0,0.0,2.2898349882893852e-17,0.0,1.1102230246251565e-16,coherent_rate_00,spin_boson_00,"{""delta_omega"": 0.25, ""interaction_time"": 0.7853981633974483}","{""cutoff_angular_frequency"": 1.0, ""interaction_time"": 0.7853981633974483, ""mode_count"": 2, ""temperature_angular_frequency"": 0.5}"
coherent-longitudinal-detuning,finite-mode-spin-boson-dephasing,0,0.9424777960769379,80,80,1.0,0.0,1.5265566588595904e-17,0.0,5.551115123125783e-17,coherent_rate_00,spin_boson_00,"{""delta_omega"": 0.25, ""interaction_time"": 0.9424777960769379}","{""cutoff_angular_frequency"": 1.0, ""interaction_time"": 0.9424777960769379, ""mode_count"": 2, ""temperature_angular_frequency"": 0.5}"
coherent-longitudinal-detuning,finite-mode-spin-boson-dephasing,0,1.0995574287564276,80,80,1.0,0.0,1.5265566588595904e-17,0.0,5.551115123125783e-17,coherent_rate_00,spin_boson_00,"{""delta_omega"": 0.25, ""interaction_time"": 1.0995574287564276}","{""cutoff_angular_frequency"": 1.0, ""interaction_time"": 1.0995574287564276, ""mode_count"": 2, ""temperature_angular_frequency"": 0.5}"
coherent-longitudinal-detuning,finite-mode-spin-boson-dephasing,0,1.2566370614359172,80,80,1.0,0.0,1.734723475976807e-17,0.0,5.551115123125783e-17,coherent_rate_00,spin_boson_00,"{""delta_omega"": 0.25, ""interaction_time"": 1.2566370614359172}","{""cutoff_angular_frequency"": 1.0, ""interaction_time"": 1.2566370614359172, ""mode_count"": 2, ""temperature_angular_frequency"": 0.5}"
coherent-longitudinal-detuning,finite-mode-spin-boson-dephasing,0,1.413716694115407,80,80,1.0,0.0,2.5673907444456746e-17,0.0,1.6653345369377348e-16,coherent_rate_00,spin_boson_11,"{""delta_omega"": 0.25, ""interaction_time"": 1.413716694115407}","{""cutoff_angular_frequency"": 2.0, ""interaction_time"": 1.413716694115407, ""mode_count"": 16, ""temperature_angular_frequency"": 2.0}"
coherent-longitudinal-detuning,finite-mode-spin-boson-dephasing,0,1.5707963267948966,80,80,1.0,0.0,1.0408340855860843e-17,0.0,1.1102230246251565e-16,coherent_rate_00,spin_boson_00,"{""delta_omega"": 0.25, ""interaction_time"": 1.5707963267948966}","{""cutoff_angular_frequency"": 1.0, ""interaction_time"": 1.5707963267948966, ""mode_count"": 2, ""temperature_angular_frequency"": 0.5}"
coherent-longitudinal-detuning,finite-mode-spin-boson-dephasing,0,1.7278759594743862,80,80,1.0,0.0,4.5102810375396984e-17,5.551115123125783e-17,1.6653345369377348e-16,coherent_rate_00,spin_boson_11,"{""delta_omega"": 0.25, ""interaction_time"": 1.7278759594743862}","{""cutoff_angular_frequency"": 2.0, ""interaction_time"": 1.7278759594743862, ""mode_count"": 16, ""temperature_angular_frequency"": 2.0}"
coherent-longitudinal-detuning,finite-mode-spin-boson-dephasing,0,1.8849555921538759,80,80,1.0,0.0,2.2204460492503132e-17,0.0,1.6653345369377348e-16,coherent_rate_00,spin_boson_10,"{""delta_omega"": 0.25, ""interaction_time"": 1.8849555921538759}","{""cutoff_angular_frequency"": 2.0, ""interaction_time"": 1.8849555921538759, ""mode_count"": 16, ""temperature_angular_frequency"": 1.0}"
coherent-longitudinal-detuning,finite-mode-spin-boson-dephasing,0,2.0420352248333655,80,80,1.0,0.0,3.469446951953614e-17,2.7755575615628914e-17,1.6653345369377348e-16,coherent_rate_00,spin_boson_00,"{""delta_omega"": 0.25, ""interaction_time"": 2.0420352248333655}","{""cutoff_angular_frequency"": 1.0, ""interaction_time"": 2.0420352248333655, ""mode_count"": 2, ""temperature_angular_frequency"": 0.5}"
coherent-longitudinal-detuning,finite-mode-spin-boson-dephasing,0,2.199114857512855,80,80,1.0,0.0,2.7755575615628914e-17,0.0,1.1102230246251565e-16,coherent_rate_00,spin_boson_00,"{""delta_omega"": 0.25, ""interaction_time"": 2.199114857512855}","{""cutoff_angular_frequency"": 1.0, ""interaction_time"": 2.199114857512855, ""mode_count"": 2, ""temperature_angular_frequency"": 0.5}"
coherent-longitudinal-detuning,finite-mode-spin-boson-dephasing,0,2.356194490192345,80,80,1.0,0.0,1.1102230246251566e-17,0.0,5.551115123125783e-17,coherent_rate_01,spin_boson_00,"{""delta_omega"": 0.5, ""interaction_time"": 2.356194490192345}","{""cutoff_angular_frequency"": 1.0, ""interaction_time"": 2.356194490192345, ""mode_count"": 2, ""temperature_angular_frequency"": 0.5}"
coherent-longitudinal-detuning,finite-mode-spin-boson-dephasing,0,2.5132741228718345,80,80,1.0,0.0,3.538835890992686e-17,5.551115123125783e-17,1.6653345369377348e-16,coherent_rate_00,spin_boson_00,"{""delta_omega"": 0.25, ""interaction_time"": 2.5132741228718345}","{""cutoff_angular_frequency"": 1.0, ""interaction_time"": 2.5132741228718345, ""mode_count"": 2, ""temperature_angular_frequency"": 0.5}"
coherent-longitudinal-detuning,finite-mode-spin-boson-dephasing,0,2.670353755551324,80,80,1.0,0.0,3.122502256758253e-17,0.0,1.1102230246251565e-16,coherent_rate_00,spin_boson_01,"{""delta_omega"": 0.25, ""interaction_time"": 2.670353755551324}","{""cutoff_angular_frequency"": 1.0, ""interaction_time"": 2.670353755551324, ""mode_count"": 2, ""temperature_angular_frequency"": 1.0}"
coherent-longitudinal-detuning,finite-mode-spin-boson-dephasing,0,2.827433388230814,80,80,1.0,0.0,1.3877787807814457e-17,0.0,1.1102230246251565e-16,coherent_rate_00,spin_boson_01,"{""delta_omega"": 0.25, ""interaction_time"": 2.827433388230814}","{""cutoff_angular_frequency"": 1.0, ""interaction_time"": 2.827433388230814, ""mode_count"": 2, ""temperature_angular_frequency"": 1.0}"
coherent-longitudinal-detuning,finite-mode-spin-boson-dephasing,0,2.9845130209103035,80,80,1.0,0.0,3.469446951953614e-17,0.0,1.6653345369377348e-16,coherent_rate_00,spin_boson_00,"{""delta_omega"": 0.25, ""interaction_time"": 2.9845130209103035}","{""cutoff_angular_frequency"": 1.0, ""interaction_time"": 2.9845130209103035, ""mode_count"": 2, ""temperature_angular_frequency"": 0.5}"
coherent-longitudinal-detuning,finite-mode-spin-boson-dephasing,0,3.141592653589793,80,80,1.0,0.0,3.122502256758253e-17,0.0,1.1102230246251565e-16,coherent_rate_00,spin_boson_00,"{""delta_omega"": 0.25, ""interaction_time"": 3.141592653589793}","{""cutoff_angular_frequency"": 1.0, ""interaction_time"": 3.141592653589793, ""mode_count"": 2, ""temperature_angular_frequency"": 0.5}"
coherent-longitudinal-detuning,finite-mode-spin-boson-dephasing,0,3.2986722862692828,80,80,1.0,0.0,2.6367796834847467e-17,0.0,1.1102230246251565e-16,coherent_rate_00,spin_boson_00,"{""delta_omega"": 0.25, ""interaction_time"": 3.2986722862692828}","{""cutoff_angular_frequency"": 1.0, ""interaction_time"": 3.2986722862692828, ""mode_count"": 2, ""temperature_angular_frequency"": 0.5}"
coherent-longitudinal-detuning,finite-mode-spin-boson-dephasing,0,3.4557519189487724,80,80,1.0,0.0,2.3592239273284576e-17,0.0,1.6653345369377348e-16,coherent_rate_01,spin_boson_00,"{""delta_omega"": 0.5, ""interaction_time"": 3.4557519189487724}","{""cutoff_angular_frequency"": 1.0, ""interaction_time"": 3.4557519189487724, ""mode_count"": 2, ""temperature_angular_frequency"": 0.5}"
coherent-longitudinal-detuning,finite-mode-spin-boson-dephasing,0,3.612831551628262,80,80,1.0,0.0,3.469446951953614e-17,0.0,1.1102230246251565e-16,coherent_rate_00,spin_boson_00,"{""delta_omega"": 0.25, ""interaction_time"": 3.612831551628262}","{""cutoff_angular_frequency"": 1.0, ""interaction_time"": 3.612831551628262, ""mode_count"": 2, ""temperature_angular_frequency"": 0.5}"
coherent-longitudinal-detuning,finite-mode-spin-boson-dephasing,0,3.7699111843077517,80,80,1.0,0.0,4.85722573273506e-17,2.7755575615628914e-17,1.1102230246251565e-16,coherent_rate_00,spin_boson_00,"{""delta_omega"": 0.25, ""interaction_time"": 3.7699111843077517}","{""cutoff_angular_frequency"": 1.0, ""interaction_time"": 3.7699111843077517, ""mode_count"": 2, ""temperature_angular_frequency"": 0.5}"
coherent-longitudinal-detuning,finite-mode-spin-boson-dephasing,0,3.9269908169872414,80,80,1.0,0.0,4.9960036108132046e-17,5.551115123125783e-17,1.6653345369377348e-16,coherent_rate_00,spin_boson_00,"{""delta_omega"": 0.25, ""interaction_time"": 3.9269908169872414}","{""cutoff_angular_frequency"": 1.0, ""interaction_time"": 3.9269908169872414, ""mode_count"": 2, ""temperature_angular_frequency"": 0.5}"
coherent-longitudinal-detuning,finite-mode-spin-boson-dephasing,0,4.084070449666731,80,80,1.0,0.0,5.2735593669694933e-17,2.7755575615628914e-17,1.6653345369377348e-16,coherent_rate_00,spin_boson_00,"{""delta_omega"": 0.25, ""interaction_time"": 4.084070449666731}","{""cutoff_angular_frequency"": 1.0, ""interaction_time"": 4.084070449666731, ""mode_count"": 2, ""temperature_angular_frequency"": 0.5}"
coherent-longitudinal-detuning,finite-mode-spin-boson-dephasing,0,4.241150082346221,80,80,1.0,0.0,5.828670879282072e-17,5.551115123125783e-17,1.6653345369377348e-16,coherent_rate_00,spin_boson_01,"{""delta_omega"": 0.25, ""interaction_time"": 4.241150082346221}","{""cutoff_angular_frequency"": 1.0, ""interaction_time"": 4.241150082346221, ""mode_count"": 2, ""temperature_angular_frequency"": 1.0}"
coherent-longitudinal-detuning,finite-mode-spin-boson-dephasing,0,4.39822971502571,80,80,1.0,0.0,7.494005416219807e-17,5.551115123125783e-17,1.6653345369377348e-16,coherent_rate_02,spin_boson_00,"{""delta_omega"": 0.75, ""interaction_time"": 4.39822971502571}","{""cutoff_angular_frequency"": 1.0, ""interaction_time"": 4.39822971502571, ""mode_count"": 2, ""temperature_angular_frequency"": 0.5}"
coherent-longitudinal-detuning,finite-mode-spin-boson-dephasing,0,4.5553093477052,80,80,1.0,0.0,6.800116025829084e-17,5.551115123125783e-17,1.6653345369377348e-16,coherent_rate_02,spin_boson_00,"{""delta_omega"": 0.75, ""interaction_time"": 4.5553093477052}","{""cutoff_angular_frequency"": 1.0, ""interaction_time"": 4.5553093477052, ""mode_count"": 2, ""temperature_angular_frequency"": 0.5}"
coherent-longitudinal-detuning,finite-mode-spin-boson-dephasing,0,4.71238898038469,80,80,1.0,0.0,4.85722573273506e-17,0.0,1.1102230246251565e-16,coherent_rate_00,spin_boson_00,"{""delta_omega"": 0.25, ""interaction_time"": 4.71238898038469}","{""cutoff_angular_frequency"": 1.0, ""interaction_time"": 4.71238898038469, ""mode_count"": 2, ""temperature_angular_frequency"": 0.5}"
coherent-longitudinal-detuning,finite-mode-spin-boson-dephasing,0,4.869468613064179,80,80,1.0,0.0,7.424616477180734e-17,5.551115123125783e-17,2.220446049250313e-16,coherent_rate_00,spin_boson_06,"{""delta_omega"": 0.25, ""interaction_time"": 4.869468613064179}","{""cutoff_angular_frequency"": 2.0, ""interaction_time"": 4.869468613064179, ""mode_count"": 4, ""temperature_angular_frequency"": 1.0}"
coherent-longitudinal-detuning,finite-mode-spin-boson-dephasing,0,5.026548245743669,80,80,1.0,0.0,5.2735593669694933e-17,2.7755575615628914e-17,1.6653345369377348e-16,coherent_rate_00,spin_boson_00,"{""delta_omega"": 0.25, ""interaction_time"": 5.026548245743669}","{""cutoff_angular_frequency"": 1.0, ""interaction_time"": 5.026548245743669, ""mode_count"": 2, ""temperature_angular_frequency"": 0.5}"
coherent-longitudinal-detuning,finite-mode-spin-boson-dephasing,0,5.183627878423159,80,80,1.0,0.0,4.163336342344337e-17,0.0,1.1102230246251565e-16,coherent_rate_00,spin_boson_00,"{""delta_omega"": 0.25, ""interaction_time"": 5.183627878423159}","{""cutoff_angular_frequency"": 1.0, ""interaction_time"": 5.183627878423159, ""mode_count"": 2, ""temperature_angular_frequency"": 0.5}"
coherent-longitudinal-detuning,finite-mode-spin-boson-dephasing,0,5.340707511102648,80,80,1.0,0.0,4.787836793695988e-17,0.0,1.6653345369377348e-16,coherent_rate_00,spin_boson_00,"{""delta_omega"": 0.25, ""interaction_time"": 5.340707511102648}","{""cutoff_angular_frequency"": 1.0, ""interaction_time"": 5.340707511102648, ""mode_count"": 2, ""temperature_angular_frequency"": 0.5}"
coherent-longitudinal-detuning,finite-mode-spin-boson-dephasing,0,5.497787143782138,80,80,1.0,0.0,5.759281940243e-17,5.551115123125783e-17,2.220446049250313e-16,coherent_rate_00,spin_boson_00,"{""delta_omega"": 0.25, ""interaction_time"": 5.497787143782138}","{""cutoff_angular_frequency"": 1.0, ""interaction_time"": 5.497787143782138, ""mode_count"": 2, ""temperature_angular_frequency"": 0.5}"
coherent-longitudinal-detuning,finite-mode-spin-boson-dephasing,0,5.654866776461628,80,80,1.0,0.0,3.469446951953614e-17,0.0,1.1102230246251565e-16,coherent_rate_00,spin_boson_00,"{""delta_omega"": 0.25, ""interaction_time"": 5.654866776461628}","{""cutoff_angular_frequency"": 1.0, ""interaction_time"": 5.654866776461628, ""mode_count"": 2, ""temperature_angular_frequency"": 0.5}"
coherent-longitudinal-detuning,finite-mode-spin-boson-dephasing,0,5.811946409141117,80,80,1.0,0.0,4.302114220422482e-17,0.0,1.1102230246251565e-16,coherent_rate_00,spin_boson_05,"{""delta_omega"": 0.25, ""interaction_time"": 5.811946409141117}","{""cutoff_angular_frequency"": 1.0, ""interaction_time"": 5.811946409141117, ""mode_count"": 4, ""temperature_angular_frequency"": 1.0}"
coherent-longitudinal-detuning,finite-mode-spin-boson-dephasing,0,5.969026041820607,80,80,1.0,0.0,5.689893001203927e-17,5.551115123125783e-17,1.6653345369377348e-16,coherent_rate_01,spin_boson_00,"{""delta_omega"": 0.5, ""interaction_time"": 5.969026041820607}","{""cutoff_angular_frequency"": 1.0, ""interaction_time"": 5.969026041820607, ""mode_count"": 2, ""temperature_angular_frequency"": 0.5}"
coherent-longitudinal-detuning,finite-mode-spin-boson-dephasing,0,6.126105674500097,80,80,1.0,0.0,4.787836793695988e-17,0.0,1.6653345369377348e-16,coherent_rate_00,spin_boson_00,"{""delta_omega"": 0.25, ""interaction_time"": 6.126105674500097}","{""cutoff_angular_frequency"": 1.0, ""interaction_time"": 6.126105674500097, ""mode_count"": 2, ""temperature_angular_frequency"": 0.5}"
coherent-longitudinal-detuning,finite-mode-spin-boson-dephasing,0,6.283185307179586,80,80,1.0,0.0,4.85722573273506e-17,0.0,1.1102230246251565e-16,coherent_rate_00,spin_boson_01,"{""delta_omega"": 0.25, ""interaction_time"": 6.283185307179586}","{""cutoff_angular_frequency"": 1.0, ""interaction_time"": 6.283185307179586, ""mode_count"": 2, ""temperature_angular_frequency"": 1.0}"
coherent-longitudinal-detuning,finite-mode-spin-boson-dephasing,0,6.440264939859076,80,80,1.0,0.0,7.494005416219807e-17,5.551115123125783e-17,1.6653345369377348e-16,coherent_rate_00,spin_boson_00,"{""delta_omega"": 0.25, ""interaction_time"": 6.440264939859076}","{""cutoff_angular_frequency"": 1.0, ""interaction_time"": 6.440264939859076, ""mode_count"": 2, ""temperature_angular_frequency"": 0.5}"
coherent-longitudinal-detuning,finite-mode-spin-boson-dephasing,0,6.5973445725385655,80,80,1.0,0.0,6.245004513516506e-17,1.1102230246251565e-16,1.1102230246251565e-16,coherent_rate_00,spin_boson_00,"{""delta_omega"": 0.25, ""interaction_time"": 6.5973445725385655}","{""cutoff_angular_frequency"": 1.0, ""interaction_time"": 6.5973445725385655, ""mode_count"": 2, ""temperature_angular_frequency"": 0.5}"
coherent-longitudinal-detuning,finite-mode-spin-boson-dephasing,0,6.754424205218055,80,80,1.0,0.0,5.967448757360216e-17,5.551115123125783e-17,1.6653345369377348e-16,coherent_rate_00,spin_boson_00,"{""delta_omega"": 0.25, ""interaction_time"": 6.754424205218055}","{""cutoff_angular_frequency"": 1.0, ""interaction_time"": 6.754424205218055, ""mode_count"": 2, ""temperature_angular_frequency"": 0.5}"
coherent-longitudinal-detuning,finite-mode-spin-boson-dephasing,0,6.911503837897545,80,80,1.0,0.0,5.898059818321144e-17,8.326672684688674e-17,1.1102230246251565e-16,coherent_rate_00,spin_boson_00,"{""delta_omega"": 0.25, ""interaction_time"": 6.911503837897545}","{""cutoff_angular_frequency"": 1.0, ""interaction_time"": 6.911503837897545, ""mode_count"": 2, ""temperature_angular_frequency"": 0.5}"
coherent-longitudinal-detuning,finite-mode-spin-boson-dephasing,0,7.0685834705770345,80,80,1.0,0.0,6.661338147750939e-17,8.326672684688674e-17,1.6653345369377348e-16,coherent_rate_00,spin_boson_00,"{""delta_omega"": 0.25, ""interaction_time"": 7.0685834705770345}","{""cutoff_angular_frequency"": 1.0, ""interaction_time"": 7.0685834705770345, ""mode_count"": 2, ""temperature_angular_frequency"": 0.5}"
coherent-longitudinal-detuning,finite-mode-spin-boson-dephasing,0,7.225663103256524,80,80,1.0,0.0,6.730727086790011e-17,1.1102230246251565e-16,1.6653345369377348e-16,coherent_rate_00,spin_boson_00,"{""delta_omega"": 0.25, ""interaction_time"": 7.225663103256524}","{""cutoff_angular_frequency"": 1.0, ""interaction_time"": 7.225663103256524, ""mode_count"": 2, ""temperature_angular_frequency"": 0.5}"
coherent-longitudinal-detuning,finite-mode-spin-boson-dephasing,0,7.382742735936014,80,80,1.0,0.0,7.355227538141662e-17,1.1102230246251565e-16,1.6653345369377348e-16,coherent_rate_00,spin_boson_00,"{""delta_omega"": 0.25, ""interaction_time"": 7.382742735936014}","{""cutoff_angular_frequency"": 1.0, ""interaction_time"": 7.382742735936014, ""mode_count"": 2, ""temperature_angular_frequency"": 0.5}"
coherent-longitudinal-detuning,finite-mode-spin-boson-dephasing,0,7.5398223686155035,80,80,1.0,0.0,5.967448757360216e-17,1.1102230246251565e-16,1.1102230246251565e-16,coherent_rate_00,spin_boson_00,"{""delta_omega"": 0.25, ""interaction_time"": 7.5398223686155035}","{""cutoff_angular_frequency"": 1.0, ""interaction_time"": 7.5398223686155035, ""mode_count"": 2, ""temperature_angular_frequency"": 0.5}"
coherent-longitudinal-detuning,finite-mode-spin-boson-dephasing,0,7.696902001294993,80,80,1.0,0.0,8.326672684688674e-17,1.1102230246251565e-16,1.6653345369377348e-16,coherent_rate_00,spin_boson_00,"{""delta_omega"": 0.25, ""interaction_time"": 7.696902001294993}","{""cutoff_angular_frequency"": 1.0, ""interaction_time"": 7.696902001294993, ""mode_count"": 2, ""temperature_angular_frequency"": 0.5}"
coherent-longitudinal-detuning,finite-mode-spin-boson-dephasing,0,7.853981633974483,80,80,1.0,0.0,7.077671781985372e-17,1.1102230246251565e-16,1.6653345369377348e-16,coherent_rate_00,spin_boson_00,"{""delta_omega"": 0.25, ""interaction_time"": 7.853981633974483}","{""cutoff_angular_frequency"": 1.0, ""interaction_time"": 7.853981633974483, ""mode_count"": 2, ""temperature_angular_frequency"": 0.5}"
coherent-longitudinal-detuning,finite-mode-spin-boson-dephasing,0,8.011061266653972,80,80,1.0,0.0,7.91033905045424e-17,1.1102230246251565e-16,1.6653345369377348e-16,coherent_rate_00,spin_boson_00,"{""delta_omega"": 0.25, ""interaction_time"": 8.011061266653972}","{""cutoff_angular_frequency"": 1.0, ""interaction_time"": 8.011061266653972, ""mode_count"": 2, ""temperature_angular_frequency"": 0.5}"
coherent-longitudinal-detuning,finite-mode-spin-boson-dephasing,0,8.168140899333462,80,80,1.0,0.0,6.245004513516506e-17,1.1102230246251565e-16,1.1102230246251565e-16,coherent_rate_00,spin_boson_00,"{""delta_omega"": 0.25, ""interaction_time"": 8.168140899333462}","{""cutoff_angular_frequency"": 1.0, ""interaction_time"": 8.168140899333462, ""mode_count"": 2, ""temperature_angular_frequency"": 0.5}"
coherent-longitudinal-detuning,finite-mode-spin-boson-dephasing,0,8.325220532012953,80,80,1.0,0.0,8.604228440844963e-17,1.1102230246251565e-16,1.6653345369377348e-16,coherent_rate_00,spin_boson_01,"{""delta_omega"": 0.25, ""interaction_time"": 8.325220532012953}","{""cutoff_angular_frequency"": 1.0, ""interaction_time"": 8.325220532012953, ""mode_count"": 2, ""temperature_angular_frequency"": 1.0}"
coherent-longitudinal-detuning,finite-mode-spin-boson-dephasing,0,8.482300164692441,80,80,1.0,0.0,7.355227538141662e-17,1.1102230246251565e-16,1.6653345369377348e-16,coherent_rate_00,spin_boson_00,"{""delta_omega"": 0.25, ""interaction_time"": 8.482300164692441}","{""cutoff_angular_frequency"": 1.0, ""interaction_time"": 8.482300164692441, ""mode_count"": 2, ""temperature_angular_frequency"": 0.5}"
coherent-longitudinal-detuning,finite-mode-spin-boson-dephasing,0,8.63937979737193,80,80,1.0,0.0,6.245004513516506e-17,1.1102230246251565e-16,1.1102230246251565e-16,coherent_rate_00,spin_boson_00,"{""delta_omega"": 0.25, ""interaction_time"": 8.63937979737193}","{""cutoff_angular_frequency"": 1.0, ""interaction_time"": 8.63937979737193, ""mode_count"": 2, ""temperature_angular_frequency"": 0.5}"
coherent-longitudinal-detuning,finite-mode-spin-boson-dephasing,0,8.79645943005142,80,80,1.0,0.0,9.922618282587337e-17,1.1102230246251565e-16,1.6653345369377348e-16,coherent_rate_00,spin_boson_03,"{""delta_omega"": 0.25, ""interaction_time"": 8.79645943005142}","{""cutoff_angular_frequency"": 2.0, ""interaction_time"": 8.79645943005142, ""mode_count"": 2, ""temperature_angular_frequency"": 2.0}"
coherent-longitudinal-detuning,finite-mode-spin-boson-dephasing,0,8.953539062730911,80,80,1.0,0.0,6.245004513516506e-17,1.1102230246251565e-16,1.1102230246251565e-16,coherent_rate_00,spin_boson_00,"{""delta_omega"": 0.25, ""interaction_time"": 8.953539062730911}","{""cutoff_angular_frequency"": 1.0, ""interaction_time"": 8.953539062730911, ""mode_count"": 2, ""temperature_angular_frequency"": 0.5}"
coherent-longitudinal-detuning,finite-mode-spin-boson-dephasing,0,9.1106186954104,80,80,1.0,0.0,8.465450562766818e-17,1.1102230246251565e-16,1.6653345369377348e-16,coherent_rate_01,spin_boson_00,"{""delta_omega"": 0.5, ""interaction_time"": 9.1106186954104}","{""cutoff_angular_frequency"": 1.0, ""interaction_time"": 9.1106186954104, ""mode_count"": 2, ""temperature_angular_frequency"": 0.5}"
coherent-longitudinal-detuning,finite-mode-spin-boson-dephasing,0,9.267698328089889,80,80,1.0,0.0,7.077671781985372e-17,1.1102230246251565e-16,2.220446049250313e-16,coherent_rate_00,spin_boson_00,"{""delta_omega"": 0.25, ""interaction_time"": 9.267698328089889}","{""cutoff_angular_frequency"": 1.0, ""interaction_time"": 9.267698328089889, ""mode_count"": 2, ""temperature_angular_frequency"": 0.5}"
coherent-longitudinal-detuning,finite-mode-spin-boson-dephasing,0,9.42477796076938,80,80,1.0,0.0,8.326672684688674e-17,1.1102230246251565e-16,1.1102230246251565e-16,coherent_rate_00,spin_boson_00,"{""delta_omega"": 0.25, ""interaction_time"": 9.42477796076938}","{""cutoff_angular_frequency"": 1.0, ""interaction_time"": 9.42477796076938, ""mode_count"": 2, ""temperature_angular_frequency"": 0.5}"
coherent-longitudinal-detuning,finite-mode-spin-boson-dephasing,0,9.58185759344887,80,80,1.0,0.0,7.979727989493313e-17,1.1102230246251565e-16,1.1102230246251565e-16,coherent_rate_00,spin_boson_00,"{""delta_omega"": 0.25, ""interaction_time"": 9.58185759344887}","{""cutoff_angular_frequency"": 1.0, ""interaction_time"": 9.58185759344887, ""mode_count"": 2, ""temperature_angular_frequency"": 0.5}"
coherent-longitudinal-detuning,finite-mode-spin-boson-dephasing,0,9.738937226128359,80,80,1.0,0.0,7.28583859910259e-17,1.1102230246251565e-16,1.6653345369377348e-16,coherent_rate_00,spin_boson_01,"{""delta_omega"": 0.25, ""interaction_time"": 9.738937226128359}","{""cutoff_angular_frequency"": 1.0, ""interaction_time"": 9.738937226128359, ""mode_count"": 2, ""temperature_angular_frequency"": 1.0}"
coherent-longitudinal-detuning,finite-mode-spin-boson-dephasing,0,9.896016858807847,80,80,1.0,0.0,9.575673587391976e-17,1.1102230246251565e-16,1.6653345369377348e-16,coherent_rate_01,spin_boson_01,"{""delta_omega"": 0.5, ""interaction_time"": 9.896016858807847}","{""cutoff_angular_frequency"": 1.0, ""interaction_time"": 9.896016858807847, ""mode_count"": 2, ""temperature_angular_frequency"": 1.0}"
coherent-longitudinal-detuning,finite-mode-spin-boson-dephasing,0,10.053096491487338,80,80,1.0,0.0,7.771561172376095e-17,1.1102230246251565e-16,1.6653345369377348e-16,coherent_rate_00,spin_boson_00,"{""delta_omega"": 0.25, ""interaction_time"": 10.053096491487338}","{""cutoff_angular_frequency"": 1.0, ""interaction_time"": 10.053096491487338, ""mode_count"": 2, ""temperature_angular_frequency"": 0.5}"
coherent-longitudinal-detuning,finite-mode-spin-boson-dephasing,0,10.210176124166829,80,80,1.0,0.0,6.800116025829084e-17,1.1102230246251565e-16,1.6653345369377348e-16,coherent_rate_00,spin_boson_05,"{""delta_omega"": 0.25, ""interaction_time"": 10.210176124166829}","{""cutoff_angular_frequency"": 1.0, ""interaction_time"": 10.210176124166829, ""mode_count"": 4, ""temperature_angular_frequency"": 1.0}"
coherent-longitudinal-detuning,finite-mode-spin-boson-dephasing,0,10.367255756846317,80,80,1.0,0.0,6.314393452555578e-17,1.1102230246251565e-16,1.6653345369377348e-16,coherent_rate_00,spin_boson_00,"{""delta_omega"": 0.25, ""interaction_time"": 10.367255756846317}","{""cutoff_angular_frequency"": 1.0, ""interaction_time"": 10.367255756846317, ""mode_count"": 2, ""temperature_angular_frequency"": 0.5}"
coherent-longitudinal-detuning,finite-mode-spin-boson-dephasing,0,10.524335389525806,80,80,1.0,0.0,7.632783294297951e-17,1.1102230246251565e-16,1.1102230246251565e-16,coherent_rate_00,spin_boson_01,"{""delta_omega"": 0.25, ""interaction_time"": 10.524335389525806}","{""cutoff_angular_frequency"": 1.0, ""interaction_time"": 10.524335389525806, ""mode_count"": 2, ""temperature_angular_frequency"": 1.0}"
coherent-longitudinal-detuning,finite-mode-spin-boson-dephasing,0,10.681415022205297,80,80,1.0,0.0,8.465450562766818e-17,1.1102230246251565e-16,1.6653345369377348e-16,coherent_rate_00,spin_boson_00,"{""delta_omega"": 0.25, ""interaction_time"": 10.681415022205297}","{""cutoff_angular_frequency"": 1.0, ""interaction_time"": 10.681415022205297, ""mode_count"": 2, ""temperature_angular_frequency"": 0.5}"
coherent-longitudinal-detuning,finite-mode-spin-boson-dephasing,0,10.838494654884787,80,80,1.0,0.0,5.828670879282072e-17,1.1102230246251565e-16,1.1102230246251565e-16,coherent_rate_00,spin_boson_01,"{""delta_omega"": 0.25, ""interaction_time"": 10.838494654884787}","{""cutoff_angular_frequency"": 1.0, ""interaction_time"": 10.838494654884787, ""mode_count"": 2, ""temperature_angular_frequency"": 1.0}"
coherent-longitudinal-detuning,finite-mode-spin-boson-dephasing,0,10.995574287564276,80,80,1.0,0.0,6.938893903907228e-17,1.1102230246251565e-16,1.1102230246251565e-16,coherent_rate_00,spin_boson_00,"{""delta_omega"": 0.25, ""interaction_time"": 10.995574287564276}","{""cutoff_angular_frequency"": 1.0, ""interaction_time"": 10.995574287564276, ""mode_count"": 2, ""temperature_angular_frequency"": 0.5}"
coherent-longitudinal-detuning,finite-mode-spin-boson-dephasing,0,11.152653920243765,80,80,1.0,0.0,7.979727989493313e-17,1.1102230246251565e-16,1.1102230246251565e-16,coherent_rate_00,spin_boson_01,"{""delta_omega"": 0.25, ""interaction_time"": 11.152653920243765}","{""cutoff_angular_frequency"": 1.0, ""interaction_time"": 11.152653920243765, ""mode_count"": 2, ""temperature_angular_frequency"": 1.0}"
coherent-longitudinal-detuning,finite-mode-spin-boson-dephasing,0,11.309733552923255,80,80,1.0,0.0,5.689893001203927e-17,1.1102230246251565e-16,1.1102230246251565e-16,coherent_rate_00,spin_boson_00,"{""delta_omega"": 0.25, ""interaction_time"": 11.309733552923255}","{""cutoff_angular_frequency"": 1.0, ""interaction_time"": 11.309733552923255, ""mode_count"": 2, ""temperature_angular_frequency"": 0.5}"
coherent-longitudinal-detuning,finite-mode-spin-boson-dephasing,0,11.466813185602746,80,80,1.0,0.0,8.534839501805891e-17,1.1102230246251565e-16,1.6653345369377348e-16,coherent_rate_00,spin_boson_00,"{""delta_omega"": 0.25, ""interaction_time"": 11.466813185602746}","{""cutoff_angular_frequency"": 1.0, ""interaction_time"": 11.466813185602746, ""mode_count"": 2, ""temperature_angular_frequency"": 0.5}"
coherent-longitudinal-detuning,finite-mode-spin-boson-dephasing,0,11.623892818282235,80,80,1.0,0.0,7.563394355258879e-17,1.1102230246251565e-16,1.6653345369377348e-16,coherent_rate_00,spin_boson_00,"{""delta_omega"": 0.25, ""interaction_time"": 11.623892818282235}","{""cutoff_angular_frequency"": 1.0, ""interaction_time"": 11.623892818282235, ""mode_count"": 2, ""temperature_angular_frequency"": 0.5}"
coherent-longitudinal-detuning,finite-mode-spin-boson-dephasing,0,11.780972450961723,80,80,1.0,0.0,7.28583859910259e-17,1.1102230246251565e-16,1.6653345369377348e-16,coherent_rate_00,spin_boson_07,"{""delta_omega"": 0.25, ""interaction_time"": 11.780972450961723}","{""cutoff_angular_frequency"": 2.0, ""interaction_time"": 11.780972450961723, ""mode_count"": 4, ""temperature_angular_frequency"": 2.0}"
coherent-longitudinal-detuning,finite-mode-spin-boson-dephasing,0,11.938052083641214,80,80,1.0,0.0,7.355227538141662e-17,1.1102230246251565e-16,1.6653345369377348e-16,coherent_rate_00,spin_boson_00,"{""delta_omega"": 0.25, ""interaction_time"": 11.938052083641214}","{""cutoff_angular_frequency"": 1.0, ""interaction_time"": 11.938052083641214, ""mode_count"": 2, ""temperature_angular_frequency"": 0.5}"
coherent-longitudinal-detuning,finite-mode-spin-boson-dephasing,0,12.095131716320704,80,80,1.0,0.0,6.938893903907228e-17,1.1102230246251565e-16,1.1102230246251565e-16,coherent_rate_00,spin_boson_02,"{""delta_omega"": 0.25, ""interaction_time"": 12.095131716320704}","{""cutoff_angular_frequency"": 2.0, ""interaction_time"": 12.095131716320704, ""mode_count"": 2, ""temperature_angular_frequency"": 1.0}"
coherent-longitudinal-detuning,finite-mode-spin-boson-dephasing,0,12.252211349000193,80,80,1.0,0.0,7.771561172376095e-17,1.1102230246251565e-16,1.6653345369377348e-16,coherent_rate_00,spin_boson_03,"{""delta_omega"": 0.25, ""interaction_time"": 12.252211349000193}","{""cutoff_angular_frequency"": 2.0, ""interaction_time"": 12.252211349000193, ""mode_count"": 2, ""temperature_angular_frequency"": 2.0}"
coherent-longitudinal-detuning,finite-mode-spin-boson-dephasing,0,12.409290981679682,80,80,1.0,0.0,8.534839501805891e-17,1.1102230246251565e-16,1.6653345369377348e-16,coherent_rate_00,spin_boson_02,"{""delta_omega"": 0.25, ""interaction_time"": 12.409290981679682}","{""cutoff_angular_frequency"": 2.0, ""interaction_time"": 12.409290981679682, ""mode_count"": 2, ""temperature_angular_frequency"": 1.0}"
coherent-longitudinal-detuning,finite-mode-spin-boson-dephasing,0,12.566370614359172,80,80,1.0,0.0,6.245004513516506e-17,1.1102230246251565e-16,1.1102230246251565e-16,coherent_rate_00,spin_boson_00,"{""delta_omega"": 0.25, ""interaction_time"": 12.566370614359172}","{""cutoff_angular_frequency"": 1.0, ""interaction_time"": 12.566370614359172, ""mode_count"": 2, ""temperature_angular_frequency"": 0.5}"
coherent-longitudinal-detuning,finite-mode-spin-boson-dephasing,1,0.0,80,80,1.0,0.0,0.0,0.0,0.0,coherent_rate_00,spin_boson_00,"{""delta_omega"": 0.25, ""interaction_time"": 0.0}","{""cutoff_angular_frequency"": 1.0, ""interaction_time"": 0.0, ""mode_count"": 2, ""temperature_angular_frequency"": 0.5}"
coherent-longitudinal-detuning,finite-mode-spin-boson-dephasing,1,0.15707963267948966,80,80,1.0,0.0,3.400058012914542e-17,0.0,1.6653345369377348e-16,coherent_rate_00,spin_boson_02,"{""delta_omega"": 0.25, ""interaction_time"": 0.15707963267948966}","{""cutoff_angular_frequency"": 2.0, ""interaction_time"": 0.15707963267948966, ""mode_count"": 2, ""temperature_angular_frequency"": 1.0}"
coherent-longitudinal-detuning,finite-mode-spin-boson-dephasing,1,0.3141592653589793,80,80,1.0,0.0,3.3306690738754695e-17,0.0,1.6653345369377348e-16,coherent_rate_01,spin_boson_00,"{""delta_omega"": 0.5, ""interaction_time"": 0.3141592653589793}","{""cutoff_angular_frequency"": 1.0, ""interaction_time"": 0.3141592653589793, ""mode_count"": 2, ""temperature_angular_frequency"": 0.5}"
coherent-longitudinal-detuning,finite-mode-spin-boson-dephasing,1,0.47123889803846897,80,80,1.0,0.0,2.7755575615628914e-17,0.0,1.1102230246251565e-16,coherent_rate_00,spin_boson_00,"{""delta_omega"": 0.25, ""interaction_time"": 0.47123889803846897}","{""cutoff_angular_frequency"": 1.0, ""interaction_time"": 0.47123889803846897, ""mode_count"": 2, ""temperature_angular_frequency"": 0.5}"
coherent-longitudinal-detuning,finite-mode-spin-boson-dephasing,1,0.6283185307179586,80,80,1.0,0.0,3.7470027081099036e-17,5.551115123125783e-17,1.6653345369377348e-16,coherent_rate_00,spin_boson_02,"{""delta_omega"": 0.25, ""interaction_time"": 0.6283185307179586}","{""cutoff_angular_frequency"": 2.0, ""interaction_time"": 0.6283185307179586, ""mode_count"": 2, ""temperature_angular_frequency"": 1.0}"
coherent-longitudinal-detuning,finite-mode-spin-boson-dephasing,1,0.7853981633974483,80,80,1.0,0.0,2.2898349882893852e-17,0.0,1.1102230246251565e-16,coherent_rate_00,spin_boson_00,"{""delta_omega"": 0.25, ""interaction_time"": 0.7853981633974483}","{""cutoff_angular_frequency"": 1.0, ""interaction_time"": 0.7853981633974483, ""mode_count"": 2, ""temperature_angular_frequency"": 0.5}"
coherent-longitudinal-detuning,finite-mode-spin-boson-dephasing,1,0.9424777960769379,80,80,1.0,0.0,1.5265566588595904e-17,0.0,5.551115123125783e-17,coherent_rate_00,spin_boson_00,"{""delta_omega"": 0.25, ""interaction_time"": 0.9424777960769379}","{""cutoff_angular_frequency"": 1.0, ""interaction_time"": 0.9424777960769379, ""mode_count"": 2, ""temperature_angular_frequency"": 0.5}"
coherent-longitudinal-detuning,finite-mode-spin-boson-dephasing,1,1.0995574287564276,80,80,1.0,0.0,1.5265566588595904e-17,0.0,5.551115123125783e-17,coherent_rate_00,spin_boson_00,"{""delta_omega"": 0.25, ""interaction_time"": 1.0995574287564276}","{""cutoff_angular_frequency"": 1.0, ""interaction_time"": 1.0995574287564276, ""mode_count"": 2, ""temperature_angular_frequency"": 0.5}"
coherent-longitudinal-detuning,finite-mode-spin-boson-dephasing,1,1.2566370614359172,80,80,1.0,0.0,1.734723475976807e-17,0.0,5.551115123125783e-17,coherent_rate_00,spin_boson_00,"{""delta_omega"": 0.25, ""interaction_time"": 1.2566370614359172}","{""cutoff_angular_frequency"": 1.0, ""interaction_time"": 1.2566370614359172, ""mode_count"": 2, ""temperature_angular_frequency"": 0.5}"
coherent-longitudinal-detuning,finite-mode-spin-boson-dephasing,1,1.413716694115407,80,80,1.0,0.0,2.5673907444456746e-17,0.0,1.6653345369377348e-16,coherent_rate_00,spin_boson_11,"{""delta_omega"": 0.25, ""interaction_time"": 1.413716694115407}","{""cutoff_angular_frequency"": 2.0, ""interaction_time"": 1.413716694115407, ""mode_count"": 16, ""temperature_angular_frequency"": 2.0}"
coherent-longitudinal-detuning,finite-mode-spin-boson-dephasing,1,1.5707963267948966,80,80,1.0,0.0,1.0408340855860843e-17,0.0,1.1102230246251565e-16,coherent_rate_00,spin_boson_00,"{""delta_omega"": 0.25, ""interaction_time"": 1.5707963267948966}","{""cutoff_angular_frequency"": 1.0, ""interaction_time"": 1.5707963267948966, ""mode_count"": 2, ""temperature_angular_frequency"": 0.5}"
coherent-longitudinal-detuning,finite-mode-spin-boson-dephasing,1,1.7278759594743862,80,80,1.0,0.0,4.5102810375396984e-17,5.551115123125783e-17,1.6653345369377348e-16,coherent_rate_00,spin_boson_11,"{""delta_omega"": 0.25, ""interaction_time"": 1.7278759594743862}","{""cutoff_angular_frequency"": 2.0, ""interaction_time"": 1.7278759594743862, ""mode_count"": 16, ""temperature_angular_frequency"": 2.0}"
coherent-longitudinal-detuning,finite-mode-spin-boson-dephasing,1,1.8849555921538759,80,80,1.0,0.0,2.2204460492503132e-17,0.0,1.6653345369377348e-16,coherent_rate_00,spin_boson_10,"{""delta_omega"": 0.25, ""interaction_time"": 1.8849555921538759}","{""cutoff_angular_frequency"": 2.0, ""interaction_time"": 1.8849555921538759, ""mode_count"": 16, ""temperature_angular_frequency"": 1.0}"
coherent-longitudinal-detuning,finite-mode-spin-boson-dephasing,1,2.0420352248333655,80,80,1.0,0.0,3.469446951953614e-17,2.7755575615628914e-17,1.6653345369377348e-16,coherent_rate_00,spin_boson_00,"{""delta_omega"": 0.25, ""interaction_time"": 2.0420352248333655}","{""cutoff_angular_frequency"": 1.0, ""interaction_time"": 2.0420352248333655, ""mode_count"": 2, ""temperature_angular_frequency"": 0.5}"
coherent-longitudinal-detuning,finite-mode-spin-boson-dephasing,1,2.199114857512855,80,80,1.0,0.0,2.7755575615628914e-17,0.0,1.1102230246251565e-16,coherent_rate_00,spin_boson_00,"{""delta_omega"": 0.25, ""interaction_time"": 2.199114857512855}","{""cutoff_angular_frequency"": 1.0, ""interaction_time"": 2.199114857512855, ""mode_count"": 2, ""temperature_angular_frequency"": 0.5}"
coherent-longitudinal-detuning,finite-mode-spin-boson-dephasing,1,2.356194490192345,80,80,1.0,0.0,1.1102230246251566e-17,0.0,5.551115123125783e-17,coherent_rate_01,spin_boson_00,"{""delta_omega"": 0.5, ""interaction_time"": 2.356194490192345}","{""cutoff_angular_frequency"": 1.0, ""interaction_time"": 2.356194490192345, ""mode_count"": 2, ""temperature_angular_frequency"": 0.5}"
coherent-longitudinal-detuning,finite-mode-spin-boson-dephasing,1,2.5132741228718345,80,80,1.0,0.0,3.538835890992686e-17,5.551115123125783e-17,1.6653345369377348e-16,coherent_rate_00,spin_boson_00,"{""delta_omega"": 0.25, ""interaction_time"": 2.5132741228718345}","{""cutoff_angular_frequency"": 1.0, ""interaction_time"": 2.5132741228718345, ""mode_count"": 2, ""temperature_angular_frequency"": 0.5}"
coherent-longitudinal-detuning,finite-mode-spin-boson-dephasing,1,2.670353755551324,80,80,1.0,0.0,3.122502256758253e-17,0.0,1.1102230246251565e-16,coherent_rate_00,spin_boson_01,"{""delta_omega"": 0.25, ""interaction_time"": 2.670353755551324}","{""cutoff_angular_frequency"": 1.0, ""interaction_time"": 2.670353755551324, ""mode_count"": 2, ""temperature_angular_frequency"": 1.0}"
coherent-longitudinal-detuning,finite-mode-spin-boson-dephasing,1,2.827433388230814,80,80,1.0,0.0,1.3877787807814457e-17,0.0,1.1102230246251565e-16,coherent_rate_00,spin_boson_01,"{""delta_omega"": 0.25, ""interaction_time"": 2.827433388230814}","{""cutoff_angular_frequency"": 1.0, ""interaction_time"": 2.827433388230814, ""mode_count"": 2, ""temperature_angular_frequency"": 1.0}"
coherent-longitudinal-detuning,finite-mode-spin-boson-dephasing,1,2.9845130209103035,80,80,1.0,0.0,3.469446951953614e-17,0.0,1.6653345369377348e-16,coherent_rate_00,spin_boson_00,"{""delta_omega"": 0.25, ""interaction_time"": 2.9845130209103035}","{""cutoff_angular_frequency"": 1.0, ""interaction_time"": 2.9845130209103035, ""mode_count"": 2, ""temperature_angular_frequency"": 0.5}"
coherent-longitudinal-detuning,finite-mode-spin-boson-dephasing,1,3.141592653589793,80,80,1.0,0.0,3.122502256758253e-17,0.0,1.1102230246251565e-16,coherent_rate_00,spin_boson_00,"{""delta_omega"": 0.25, ""interaction_time"": 3.141592653589793}","{""cutoff_angular_frequency"": 1.0, ""interaction_time"": 3.141592653589793, ""mode_count"": 2, ""temperature_angular_frequency"": 0.5}"
coherent-longitudinal-detuning,finite-mode-spin-boson-dephasing,1,3.2986722862692828,80,80,1.0,0.0,2.6367796834847467e-17,0.0,1.1102230246251565e-16,coherent_rate_00,spin_boson_00,"{""delta_omega"": 0.25, ""interaction_time"": 3.2986722862692828}","{""cutoff_angular_frequency"": 1.0, ""interaction_time"": 3.2986722862692828, ""mode_count"": 2, ""temperature_angular_frequency"": 0.5}"
coherent-longitudinal-detuning,finite-mode-spin-boson-dephasing,1,3.4557519189487724,80,80,1.0,0.0,2.3592239273284576e-17,0.0,1.6653345369377348e-16,coherent_rate_01,spin_boson_00,"{""delta_omega"": 0.5, ""interaction_time"": 3.4557519189487724}","{""cutoff_angular_frequency"": 1.0, ""interaction_time"": 3.4557519189487724, ""mode_count"": 2, ""temperature_angular_frequency"": 0.5}"
coherent-longitudinal-detuning,finite-mode-spin-boson-dephasing,1,3.612831551628262,80,80,1.0,0.0,3.469446951953614e-17,0.0,1.1102230246251565e-16,coherent_rate_00,spin_boson_00,"{""delta_omega"": 0.25, ""interaction_time"": 3.612831551628262}","{""cutoff_angular_frequency"": 1.0, ""interaction_time"": 3.612831551628262, ""mode_count"": 2, ""temperature_angular_frequency"": 0.5}"
coherent-longitudinal-detuning,finite-mode-spin-boson-dephasing,1,3.7699111843077517,80,80,1.0,0.0,4.85722573273506e-17,2.7755575615628914e-17,1.1102230246251565e-16,coherent_rate_00,spin_boson_00,"{""delta_omega"": 0.25, ""interaction_time"": 3.7699111843077517}","{""cutoff_angular_frequency"": 1.0, ""interaction_time"": 3.7699111843077517, ""mode_count"": 2, ""temperature_angular_frequency"": 0.5}"
coherent-longitudinal-detuning,finite-mode-spin-boson-dephasing,1,3.9269908169872414,80,80,1.0,0.0,4.9960036108132046e-17,5.551115123125783e-17,1.6653345369377348e-16,coherent_rate_00,spin_boson_00,"{""delta_omega"": 0.25, ""interaction_time"": 3.9269908169872414}","{""cutoff_angular_frequency"": 1.0, ""interaction_time"": 3.9269908169872414, ""mode_count"": 2, ""temperature_angular_frequency"": 0.5}"
coherent-longitudinal-detuning,finite-mode-spin-boson-dephasing,1,4.084070449666731,80,80,1.0,0.0,5.2735593669694933e-17,2.7755575615628914e-17,1.6653345369377348e-16,coherent_rate_00,spin_boson_00,"{""delta_omega"": 0.25, ""interaction_time"": 4.084070449666731}","{""cutoff_angular_frequency"": 1.0, ""interaction_time"": 4.084070449666731, ""mode_count"": 2, ""temperature_angular_frequency"": 0.5}"
coherent-longitudinal-detuning,finite-mode-spin-boson-dephasing,1,4.241150082346221,80,80,1.0,0.0,5.828670879282072e-17,5.551115123125783e-17,1.6653345369377348e-16,coherent_rate_00,spin_boson_01,"{""delta_omega"": 0.25, ""interaction_time"": 4.241150082346221}","{""cutoff_angular_frequency"": 1.0, ""interaction_time"": 4.241150082346221, ""mode_count"": 2, ""temperature_angular_frequency"": 1.0}"
coherent-longitudinal-detuning,finite-mode-spin-boson-dephasing,1,4.39822971502571,80,80,1.0,0.0,7.494005416219807e-17,5.551115123125783e-17,1.6653345369377348e-16,coherent_rate_02,spin_boson_00,"{""delta_omega"": 0.75, ""interaction_time"": 4.39822971502571}","{""cutoff_angular_frequency"": 1.0, ""interaction_time"": 4.39822971502571, ""mode_count"": 2, ""temperature_angular_frequency"": 0.5}"
coherent-longitudinal-detuning,finite-mode-spin-boson-dephasing,1,4.5553093477052,80,80,1.0,0.0,6.800116025829084e-17,5.551115123125783e-17,1.6653345369377348e-16,coherent_rate_02,spin_boson_00,"{""delta_omega"": 0.75, ""interaction_time"": 4.5553093477052}","{""cutoff_angular_frequency"": 1.0, ""interaction_time"": 4.5553093477052, ""mode_count"": 2, ""temperature_angular_frequency"": 0.5}"
coherent-longitudinal-detuning,finite-mode-spin-boson-dephasing,1,4.71238898038469,80,80,1.0,0.0,4.85722573273506e-17,0.0,1.1102230246251565e-16,coherent_rate_00,spin_boson_00,"{""delta_omega"": 0.25, ""interaction_time"": 4.71238898038469}","{""cutoff_angular_frequency"": 1.0, ""interaction_time"": 4.71238898038469, ""mode_count"": 2, ""temperature_angular_frequency"": 0.5}"
coherent-longitudinal-detuning,finite-mode-spin-boson-dephasing,1,4.869468613064179,80,80,1.0,0.0,7.424616477180734e-17,5.551115123125783e-17,2.220446049250313e-16,coherent_rate_00,spin_boson_06,"{""delta_omega"": 0.25, ""interaction_time"": 4.869468613064179}","{""cutoff_angular_frequency"": 2.0, ""interaction_time"": 4.869468613064179, ""mode_count"": 4, ""temperature_angular_frequency"": 1.0}"
coherent-longitudinal-detuning,finite-mode-spin-boson-dephasing,1,5.026548245743669,80,80,1.0,0.0,5.2735593669694933e-17,2.7755575615628914e-17,1.6653345369377348e-16,coherent_rate_00,spin_boson_00,"{""delta_omega"": 0.25, ""interaction_time"": 5.026548245743669}","{""cutoff_angular_frequency"": 1.0, ""interaction_time"": 5.026548245743669, ""mode_count"": 2, ""temperature_angular_frequency"": 0.5}"
coherent-longitudinal-detuning,finite-mode-spin-boson-dephasing,1,5.183627878423159,80,80,1.0,0.0,4.163336342344337e-17,0.0,1.1102230246251565e-16,coherent_rate_00,spin_boson_00,"{""delta_omega"": 0.25, ""interaction_time"": 5.183627878423159}","{""cutoff_angular_frequency"": 1.0, ""interaction_time"": 5.183627878423159, ""mode_count"": 2, ""temperature_angular_frequency"": 0.5}"
coherent-longitudinal-detuning,finite-mode-spin-boson-dephasing,1,5.340707511102648,80,80,1.0,0.0,4.787836793695988e-17,0.0,1.6653345369377348e-16,coherent_rate_00,spin_boson_00,"{""delta_omega"": 0.25, ""interaction_time"": 5.340707511102648}","{""cutoff_angular_frequency"": 1.0, ""interaction_time"": 5.340707511102648, ""mode_count"": 2, ""temperature_angular_frequency"": 0.5}"
coherent-longitudinal-detuning,finite-mode-spin-boson-dephasing,1,5.497787143782138,80,80,1.0,0.0,5.759281940243e-17,5.551115123125783e-17,2.220446049250313e-16,coherent_rate_00,spin_boson_00,"{""delta_omega"": 0.25, ""interaction_time"": 5.497787143782138}","{""cutoff_angular_frequency"": 1.0, ""interaction_time"": 5.497787143782138, ""mode_count"": 2, ""temperature_angular_frequency"": 0.5}"
coherent-longitudinal-detuning,finite-mode-spin-boson-dephasing,1,5.654866776461628,80,80,1.0,0.0,3.469446951953614e-17,0.0,1.1102230246251565e-16,coherent_rate_00,spin_boson_00,"{""delta_omega"": 0.25, ""interaction_time"": 5.654866776461628}","{""cutoff_angular_frequency"": 1.0, ""interaction_time"": 5.654866776461628, ""mode_count"": 2, ""temperature_angular_frequency"": 0.5}"
coherent-longitudinal-detuning,finite-mode-spin-boson-dephasing,1,5.811946409141117,80,80,1.0,0.0,4.302114220422482e-17,0.0,1.1102230246251565e-16,coherent_rate_00,spin_boson_05,"{""delta_omega"": 0.25, ""interaction_time"": 5.811946409141117}","{""cutoff_angular_frequency"": 1.0, ""interaction_time"": 5.811946409141117, ""mode_count"": 4, ""temperature_angular_frequency"": 1.0}"
coherent-longitudinal-detuning,finite-mode-spin-boson-dephasing,1,5.969026041820607,80,80,1.0,0.0,5.689893001203927e-17,5.551115123125783e-17,1.6653345369377348e-16,coherent_rate_01,spin_boson_00,"{""delta_omega"": 0.5, ""interaction_time"": 5.969026041820607}","{""cutoff_angular_frequency"": 1.0, ""interaction_time"": 5.969026041820607, ""mode_count"": 2, ""temperature_angular_frequency"": 0.5}"
coherent-longitudinal-detuning,finite-mode-spin-boson-dephasing,1,6.126105674500097,80,80,1.0,0.0,4.787836793695988e-17,0.0,1.6653345369377348e-16,coherent_rate_00,spin_boson_00,"{""delta_omega"": 0.25, ""interaction_time"": 6.126105674500097}","{""cutoff_angular_frequency"": 1.0, ""interaction_time"": 6.126105674500097, ""mode_count"": 2, ""temperature_angular_frequency"": 0.5}"
coherent-longitudinal-detuning,finite-mode-spin-boson-dephasing,1,6.283185307179586,80,80,1.0,0.0,4.85722573273506e-17,0.0,1.1102230246251565e-16,coherent_rate_00,spin_boson_01,"{""delta_omega"": 0.25, ""interaction_time"": 6.283185307179586}","{""cutoff_angular_frequency"": 1.0, ""interaction_time"": 6.283185307179586, ""mode_count"": 2, ""temperature_angular_frequency"": 1.0}"
coherent-longitudinal-detuning,finite-mode-spin-boson-dephasing,1,6.440264939859076,80,80,1.0,0.0,7.494005416219807e-17,5.551115123125783e-17,1.6653345369377348e-16,coherent_rate_00,spin_boson_00,"{""delta_omega"": 0.25, ""interaction_time"": 6.440264939859076}","{""cutoff_angular_frequency"": 1.0, ""interaction_time"": 6.440264939859076, ""mode_count"": 2, ""temperature_angular_frequency"": 0.5}"
coherent-longitudinal-detuning,finite-mode-spin-boson-dephasing,1,6.5973445725385655,80,80,1.0,0.0,6.245004513516506e-17,1.1102230246251565e-16,1.1102230246251565e-16,coherent_rate_00,spin_boson_00,"{""delta_omega"": 0.25, ""interaction_time"": 6.5973445725385655}","{""cutoff_angular_frequency"": 1.0, ""interaction_time"": 6.5973445725385655, ""mode_count"": 2, ""temperature_angular_frequency"": 0.5}"
coherent-longitudinal-detuning,finite-mode-spin-boson-dephasing,1,6.754424205218055,80,80,1.0,0.0,5.967448757360216e-17,5.551115123125783e-17,1.6653345369377348e-16,coherent_rate_00,spin_boson_00,"{""delta_omega"": 0.25, ""interaction_time"": 6.754424205218055}","{""cutoff_angular_frequency"": 1.0, ""interaction_time"": 6.754424205218055, ""mode_count"": 2, ""temperature_angular_frequency"": 0.5}"
coherent-longitudinal-detuning,finite-mode-spin-boson-dephasing,1,6.911503837897545,80,80,1.0,0.0,5.898059818321144e-17,8.326672684688674e-17,1.1102230246251565e-16,coherent_rate_00,spin_boson_00,"{""delta_omega"": 0.25, ""interaction_time"": 6.911503837897545}","{""cutoff_angular_frequency"": 1.0, ""interaction_time"": 6.911503837897545, ""mode_count"": 2, ""temperature_angular_frequency"": 0.5}"
coherent-longitudinal-detuning,finite-mode-spin-boson-dephasing,1,7.0685834705770345,80,80,1.0,0.0,6.661338147750939e-17,8.326672684688674e-17,1.6653345369377348e-16,coherent_rate_00,spin_boson_00,"{""delta_omega"": 0.25, ""interaction_time"": 7.0685834705770345}","{""cutoff_angular_frequency"": 1.0, ""interaction_time"": 7.0685834705770345, ""mode_count"": 2, ""temperature_angular_frequency"": 0.5}"
coherent-longitudinal-detuning,finite-mode-spin-boson-dephasing,1,7.225663103256524,80,80,1.0,0.0,6.730727086790011e-17,1.1102230246251565e-16,1.6653345369377348e-16,coherent_rate_00,spin_boson_00,"{""delta_omega"": 0.25, ""interaction_time"": 7.225663103256524}","{""cutoff_angular_frequency"": 1.0, ""interaction_time"": 7.225663103256524, ""mode_count"": 2, ""temperature_angular_frequency"": 0.5}"
coherent-longitudinal-detuning,finite-mode-spin-boson-dephasing,1,7.382742735936014,80,80,1.0,0.0,7.355227538141662e-17,1.1102230246251565e-16,1.6653345369377348e-16,coherent_rate_00,spin_boson_00,"{""delta_omega"": 0.25, ""interaction_time"": 7.382742735936014}","{""cutoff_angular_frequency"": 1.0, ""interaction_time"": 7.382742735936014, ""mode_count"": 2, ""temperature_angular_frequency"": 0.5}"
coherent-longitudinal-detuning,finite-mode-spin-boson-dephasing,1,7.5398223686155035,80,80,1.0,0.0,5.967448757360216e-17,1.1102230246251565e-16,1.1102230246251565e-16,coherent_rate_00,spin_boson_00,"{""delta_omega"": 0.25, ""interaction_time"": 7.5398223686155035}","{""cutoff_angular_frequency"": 1.0, ""interaction_time"": 7.5398223686155035, ""mode_count"": 2, ""temperature_angular_frequency"": 0.5}"
coherent-longitudinal-detuning,finite-mode-spin-boson-dephasing,1,7.696902001294993,80,80,1.0,0.0,8.326672684688674e-17,1.1102230246251565e-16,1.6653345369377348e-16,coherent_rate_00,spin_boson_00,"{""delta_omega"": 0.25, ""interaction_time"": 7.696902001294993}","{""cutoff_angular_frequency"": 1.0, ""interaction_time"": 7.696902001294993, ""mode_count"": 2, ""temperature_angular_frequency"": 0.5}"
coherent-longitudinal-detuning,finite-mode-spin-boson-dephasing,1,7.853981633974483,80,80,1.0,0.0,7.077671781985372e-17,1.1102230246251565e-16,1.6653345369377348e-16,coherent_rate_00,spin_boson_00,"{""delta_omega"": 0.25, ""interaction_time"": 7.853981633974483}","{""cutoff_angular_frequency"": 1.0, ""interaction_time"": 7.853981633974483, ""mode_count"": 2, ""temperature_angular_frequency"": 0.5}"
coherent-longitudinal-detuning,finite-mode-spin-boson-dephasing,1,8.011061266653972,80,80,1.0,0.0,7.91033905045424e-17,1.1102230246251565e-16,1.6653345369377348e-16,coherent_rate_00,spin_boson_00,"{""delta_omega"": 0.25, ""interaction_time"": 8.011061266653972}","{""cutoff_angular_frequency"": 1.0, ""interaction_time"": 8.011061266653972, ""mode_count"": 2, ""temperature_angular_frequency"": 0.5}"
coherent-longitudinal-detuning,finite-mode-spin-boson-dephasing,1,8.168140899333462,80,80,1.0,0.0,6.245004513516506e-17,1.1102230246251565e-16,1.1102230246251565e-16,coherent_rate_00,spin_boson_00,"{""delta_omega"": 0.25, ""interaction_time"": 8.168140899333462}","{""cutoff_angular_frequency"": 1.0, ""interaction_time"": 8.168140899333462, ""mode_count"": 2, ""temperature_angular_frequency"": 0.5}"
coherent-longitudinal-detuning,finite-mode-spin-boson-dephasing,1,8.325220532012953,80,80,1.0,0.0,8.604228440844963e-17,1.1102230246251565e-16,1.6653345369377348e-16,coherent_rate_00,spin_boson_01,"{""delta_omega"": 0.25, ""interaction_time"": 8.325220532012953}","{""cutoff_angular_frequency"": 1.0, ""interaction_time"": 8.325220532012953, ""mode_count"": 2, ""temperature_angular_frequency"": 1.0}"
coherent-longitudinal-detuning,finite-mode-spin-boson-dephasing,1,8.482300164692441,80,80,1.0,0.0,7.355227538141662e-17,1.1102230246251565e-16,1.6653345369377348e-16,coherent_rate_00,spin_boson_00,"{""delta_omega"": 0.25, ""interaction_time"": 8.482300164692441}","{""cutoff_angular_frequency"": 1.0, ""interaction_time"": 8.482300164692441, ""mode_count"": 2, ""temperature_angular_frequency"": 0.5}"
coherent-longitudinal-detuning,finite-mode-spin-boson-dephasing,1,8.63937979737193,80,80,1.0,0.0,6.245004513516506e-17,1.1102230246251565e-16,1.1102230246251565e-16,coherent_rate_00,spin_boson_00,"{""delta_omega"": 0.25, ""interaction_time"": 8.63937979737193}","{""cutoff_angular_frequency"": 1.0, ""interaction_time"": 8.63937979737193, ""mode_count"": 2, ""temperature_angular_frequency"": 0.5}"
coherent-longitudinal-detuning,finite-mode-spin-boson-dephasing,1,8.79645943005142,80,80,1.0,0.0,9.922618282587337e-17,1.1102230246251565e-16,1.6653345369377348e-16,coherent_rate_00,spin_boson_03,"{""delta_omega"": 0.25, ""interaction_time"": 8.79645943005142}","{""cutoff_angular_frequency"": 2.0, ""interaction_time"": 8.79645943005142, ""mode_count"": 2, ""temperature_angular_frequency"": 2.0}"
coherent-longitudinal-detuning,finite-mode-spin-boson-dephasing,1,8.953539062730911,80,80,1.0,0.0,6.245004513516506e-17,1.1102230246251565e-16,1.1102230246251565e-16,coherent_rate_00,spin_boson_00,"{""delta_omega"": 0.25, ""interaction_time"": 8.953539062730911}","{""cutoff_angular_frequency"": 1.0, ""interaction_time"": 8.953539062730911, ""mode_count"": 2, ""temperature_angular_frequency"": 0.5}"
coherent-longitudinal-detuning,finite-mode-spin-boson-dephasing,1,9.1106186954104,80,80,1.0,0.0,8.465450562766818e-17,1.1102230246251565e-16,1.6653345369377348e-16,coherent_rate_01,spin_boson_00,"{""delta_omega"": 0.5, ""interaction_time"": 9.1106186954104}","{""cutoff_angular_frequency"": 1.0, ""interaction_time"": 9.1106186954104, ""mode_count"": 2, ""temperature_angular_frequency"": 0.5}"
coherent-longitudinal-detuning,finite-mode-spin-boson-dephasing,1,9.267698328089889,80,80,1.0,0.0,7.077671781985372e-17,1.1102230246251565e-16,2.220446049250313e-16,coherent_rate_00,spin_boson_00,"{""delta_omega"": 0.25, ""interaction_time"": 9.267698328089889}","{""cutoff_angular_frequency"": 1.0, ""interaction_time"": 9.267698328089889, ""mode_count"": 2, ""temperature_angular_frequency"": 0.5}"
coherent-longitudinal-detuning,finite-mode-spin-boson-dephasing,1,9.42477796076938,80,80,1.0,0.0,8.326672684688674e-17,1.1102230246251565e-16,1.1102230246251565e-16,coherent_rate_00,spin_boson_00,"{""delta_omega"": 0.25, ""interaction_time"": 9.42477796076938}","{""cutoff_angular_frequency"": 1.0, ""interaction_time"": 9.42477796076938, ""mode_count"": 2, ""temperature_angular_frequency"": 0.5}"
coherent-longitudinal-detuning,finite-mode-spin-boson-dephasing,1,9.58185759344887,80,80,1.0,0.0,7.979727989493313e-17,1.1102230246251565e-16,1.1102230246251565e-16,coherent_rate_00,spin_boson_00,"{""delta_omega"": 0.25, ""interaction_time"": 9.58185759344887}","{""cutoff_angular_frequency"": 1.0, ""interaction_time"": 9.58185759344887, ""mode_count"": 2, ""temperature_angular_frequency"": 0.5}"
coherent-longitudinal-detuning,finite-mode-spin-boson-dephasing,1,9.738937226128359,80,80,1.0,0.0,7.28583859910259e-17,1.1102230246251565e-16,1.6653345369377348e-16,coherent_rate_00,spin_boson_01,"{""delta_omega"": 0.25, ""interaction_time"": 9.738937226128359}","{""cutoff_angular_frequency"": 1.0, ""interaction_time"": 9.738937226128359, ""mode_count"": 2, ""temperature_angular_frequency"": 1.0}"
coherent-longitudinal-detuning,finite-mode-spin-boson-dephasing,1,9.896016858807847,80,80,1.0,0.0,9.575673587391976e-17,1.1102230246251565e-16,1.6653345369377348e-16,coherent_rate_01,spin_boson_01,"{""delta_omega"": 0.5, ""interaction_time"": 9.896016858807847}","{""cutoff_angular_frequency"": 1.0, ""interaction_time"": 9.896016858807847, ""mode_count"": 2, ""temperature_angular_frequency"": 1.0}"
coherent-longitudinal-detuning,finite-mode-spin-boson-dephasing,1,10.053096491487338,80,80,1.0,0.0,7.771561172376095e-17,1.1102230246251565e-16,1.6653345369377348e-16,coherent_rate_00,spin_boson_00,"{""delta_omega"": 0.25, ""interaction_time"": 10.053096491487338}","{""cutoff_angular_frequency"": 1.0, ""interaction_time"": 10.053096491487338, ""mode_count"": 2, ""temperature_angular_frequency"": 0.5}"
coherent-longitudinal-detuning,finite-mode-spin-boson-dephasing,1,10.210176124166829,80,80,1.0,0.0,6.800116025829084e-17,1.1102230246251565e-16,1.6653345369377348e-16,coherent_rate_00,spin_boson_05,"{""delta_omega"": 0.25, ""interaction_time"": 10.210176124166829}","{""cutoff_angular_frequency"": 1.0, ""interaction_time"": 10.210176124166829, ""mode_count"": 4, ""temperature_angular_frequency"": 1.0}"
coherent-longitudinal-detuning,finite-mode-spin-boson-dephasing,1,10.367255756846317,80,80,1.0,0.0,6.314393452555578e-17,1.1102230246251565e-16,1.6653345369377348e-16,coherent_rate_00,spin_boson_00,"{""delta_omega"": 0.25, ""interaction_time"": 10.367255756846317}","{""cutoff_angular_frequency"": 1.0, ""interaction_time"": 10.367255756846317, ""mode_count"": 2, ""temperature_angular_frequency"": 0.5}"
coherent-longitudinal-detuning,finite-mode-spin-boson-dephasing,1,10.524335389525806,80,80,1.0,0.0,7.632783294297951e-17,1.1102230246251565e-16,1.1102230246251565e-16,coherent_rate_00,spin_boson_01,"{""delta_omega"": 0.25, ""interaction_time"": 10.524335389525806}","{""cutoff_angular_frequency"": 1.0, ""interaction_time"": 10.524335389525806, ""mode_count"": 2, ""temperature_angular_frequency"": 1.0}"
coherent-longitudinal-detuning,finite-mode-spin-boson-dephasing,1,10.681415022205297,80,80,1.0,0.0,8.465450562766818e-17,1.1102230246251565e-16,1.6653345369377348e-16,coherent_rate_00,spin_boson_00,"{""delta_omega"": 0.25, ""interaction_time"": 10.681415022205297}","{""cutoff_angular_frequency"": 1.0, ""interaction_time"": 10.681415022205297, ""mode_count"": 2, ""temperature_angular_frequency"": 0.5}"
coherent-longitudinal-detuning,finite-mode-spin-boson-dephasing,1,10.838494654884787,80,80,1.0,0.0,5.828670879282072e-17,1.1102230246251565e-16,1.1102230246251565e-16,coherent_rate_00,spin_boson_01,"{""delta_omega"": 0.25, ""interaction_time"": 10.838494654884787}","{""cutoff_angular_frequency"": 1.0, ""interaction_time"": 10.838494654884787, ""mode_count"": 2, ""temperature_angular_frequency"": 1.0}"
coherent-longitudinal-detuning,finite-mode-spin-boson-dephasing,1,10.995574287564276,80,80,1.0,0.0,6.938893903907228e-17,1.1102230246251565e-16,1.1102230246251565e-16,coherent_rate_00,spin_boson_00,"{""delta_omega"": 0.25, ""interaction_time"": 10.995574287564276}","{""cutoff_angular_frequency"": 1.0, ""interaction_time"": 10.995574287564276, ""mode_count"": 2, ""temperature_angular_frequency"": 0.5}"
coherent-longitudinal-detuning,finite-mode-spin-boson-dephasing,1,11.152653920243765,80,80,1.0,0.0,7.979727989493313e-17,1.1102230246251565e-16,1.1102230246251565e-16,coherent_rate_00,spin_boson_01,"{""delta_omega"": 0.25, ""interaction_time"": 11.152653920243765}","{""cutoff_angular_frequency"": 1.0, ""interaction_time"": 11.152653920243765, ""mode_count"": 2, ""temperature_angular_frequency"": 1.0}"
coherent-longitudinal-detuning,finite-mode-spin-boson-dephasing,1,11.309733552923255,80,80,1.0,0.0,5.689893001203927e-17,1.1102230246251565e-16,1.1102230246251565e-16,coherent_rate_00,spin_boson_00,"{""delta_omega"": 0.25, ""interaction_time"": 11.309733552923255}","{""cutoff_angular_frequency"": 1.0, ""interaction_time"": 11.309733552923255, ""mode_count"": 2, ""temperature_angular_frequency"": 0.5}"
coherent-longitudinal-detuning,finite-mode-spin-boson-dephasing,1,11.466813185602746,80,80,1.0,0.0,8.534839501805891e-17,1.1102230246251565e-16,1.6653345369377348e-16,coherent_rate_00,spin_boson_00,"{""delta_omega"": 0.25, ""interaction_time"": 11.466813185602746}","{""cutoff_angular_frequency"": 1.0, ""interaction_time"": 11.466813185602746, ""mode_count"": 2, ""temperature_angular_frequency"": 0.5}"
coherent-longitudinal-detuning,finite-mode-spin-boson-dephasing,1,11.623892818282235,80,80,1.0,0.0,7.563394355258879e-17,1.1102230246251565e-16,1.6653345369377348e-16,coherent_rate_00,spin_boson_00,"{""delta_omega"": 0.25, ""interaction_time"": 11.623892818282235}","{""cutoff_angular_frequency"": 1.0, ""interaction_time"": 11.623892818282235, ""mode_count"": 2, ""temperature_angular_frequency"": 0.5}"
coherent-longitudinal-detuning,finite-mode-spin-boson-dephasing,1,11.780972450961723,80,80,1.0,0.0,7.28583859910259e-17,1.1102230246251565e-16,1.6653345369377348e-16,coherent_rate_00,spin_boson_07,"{""delta_omega"": 0.25, ""interaction_time"": 11.780972450961723}","{""cutoff_angular_frequency"": 2.0, ""interaction_time"": 11.780972450961723, ""mode_count"": 4, ""temperature_angular_frequency"": 2.0}"
coherent-longitudinal-detuning,finite-mode-spin-boson-dephasing,1,11.938052083641214,80,80,1.0,0.0,7.355227538141662e-17,1.1102230246251565e-16,1.6653345369377348e-16,coherent_rate_00,spin_boson_00,"{""delta_omega"": 0.25, ""interaction_time"": 11.938052083641214}","{""cutoff_angular_frequency"": 1.0, ""interaction_time"": 11.938052083641214, ""mode_count"": 2, ""temperature_angular_frequency"": 0.5}"
coherent-longitudinal-detuning,finite-mode-spin-boson-dephasing,1,12.095131716320704,80,80,1.0,0.0,6.938893903907228e-17,1.1102230246251565e-16,1.1102230246251565e-16,coherent_rate_00,spin_boson_02,"{""delta_omega"": 0.25, ""interaction_time"": 12.095131716320704}","{""cutoff_angular_frequency"": 2.0, ""interaction_time"": 12.095131716320704, ""mode_count"": 2, ""temperature_angular_frequency"": 1.0}"
coherent-longitudinal-detuning,finite-mode-spin-boson-dephasing,1,12.252211349000193,80,80,1.0,0.0,7.771561172376095e-17,1.1102230246251565e-16,1.6653345369377348e-16,coherent_rate_00,spin_boson_03,"{""delta_omega"": 0.25, ""interaction_time"": 12.252211349000193}","{""cutoff_angular_frequency"": 2.0, ""interaction_time"": 12.252211349000193, ""mode_count"": 2, ""temperature_angular_frequency"": 2.0}"
coherent-longitudinal-detuning,finite-mode-spin-boson-dephasing,1,12.409290981679682,80,80,1.0,0.0,8.534839501805891e-17,1.1102230246251565e-16,1.6653345369377348e-16,coherent_rate_00,spin_boson_02,"{""delta_omega"": 0.25, ""interaction_time"": 12.409290981679682}","{""cutoff_angular_frequency"": 2.0, ""interaction_time"": 12.409290981679682, ""mode_count"": 2, ""temperature_angular_frequency"": 1.0}"
coherent-longitudinal-detuning,finite-mode-spin-boson-dephasing,1,12.566370614359172,80,80,1.0,0.0,6.245004513516506e-17,1.1102230246251565e-16,1.1102230246251565e-16,coherent_rate_00,spin_boson_00,"{""delta_omega"": 0.25, ""interaction_time"": 12.566370614359172}","{""cutoff_angular_frequency"": 1.0, ""interaction_time"": 12.566370614359172, ""mode_count"": 2, ""temperature_angular_frequency"": 0.5}"
coherent-longitudinal-detuning,finite-mode-spin-boson-dephasing,cube_mmm,0.0,80,80,1.0,0.0,0.0,0.0,0.0,coherent_rate_00,spin_boson_00,"{""delta_omega"": 0.25, ""interaction_time"": 0.0}","{""cutoff_angular_frequency"": 1.0, ""interaction_time"": 0.0, ""mode_count"": 2, ""temperature_angular_frequency"": 0.5}"
coherent-longitudinal-detuning,finite-mode-spin-boson-dephasing,cube_mmm,6.283185307179586,80,2,0.025,1.5700924586837752e-16,0.42690959686695373,0.4082482904638631,0.8164965809277261,coherent_rate_03,spin_boson_02,"{""delta_omega"": 1.0, ""interaction_time"": 6.283185307179586}","{""cutoff_angular_frequency"": 2.0, ""interaction_time"": 6.283185307179586, ""mode_count"": 2, ""temperature_angular_frequency"": 1.0}"
coherent-longitudinal-detuning,finite-mode-spin-boson-dephasing,cube_mmm,12.566370614359172,80,18,0.225,1.5700924586837752e-16,0.3776296686790734,0.4082482904638631,0.8164965809277261,coherent_rate_01,spin_boson_00,"{""delta_omega"": 0.5, ""interaction_time"": 12.566370614359172}","{""cutoff_angular_frequency"": 1.0, ""interaction_time"": 12.566370614359172, ""mode_count"": 2, ""temperature_angular_frequency"": 0.5}"
coherent-longitudinal-detuning,finite-mode-spin-boson-dephasing,cube_mmp,0.0,80,80,1.0,0.0,0.0,0.0,0.0,coherent_rate_00,spin_boson_00,"{""delta_omega"": 0.25, ""interaction_time"": 0.0}","{""cutoff_angular_frequency"": 1.0, ""interaction_time"": 0.0, ""mode_count"": 2, ""temperature_angular_frequency"": 0.5}"
coherent-longitudinal-detuning,finite-mode-spin-boson-dephasing,cube_mmp,6.283185307179586,80,2,0.025,1.5700924586837752e-16,0.42690959686695373,0.4082482904638631,0.8164965809277261,coherent_rate_03,spin_boson_02,"{""delta_omega"": 1.0, ""interaction_time"": 6.283185307179586}","{""cutoff_angular_frequency"": 2.0, ""interaction_time"": 6.283185307179586, ""mode_count"": 2, ""temperature_angular_frequency"": 1.0}"
coherent-longitudinal-detuning,finite-mode-spin-boson-dephasing,cube_mmp,12.566370614359172,80,18,0.225,1.5700924586837752e-16,0.3776296686790734,0.4082482904638631,0.8164965809277261,coherent_rate_01,spin_boson_00,"{""delta_omega"": 0.5, ""interaction_time"": 12.566370614359172}","{""cutoff_angular_frequency"": 1.0, ""interaction_time"": 12.566370614359172, ""mode_count"": 2, ""temperature_angular_frequency"": 0.5}"
coherent-longitudinal-detuning,finite-mode-spin-boson-dephasing,cube_mpm,0.0,80,80,1.0,0.0,0.0,0.0,0.0,coherent_rate_00,spin_boson_00,"{""delta_omega"": 0.25, ""interaction_time"": 0.0}","{""cutoff_angular_frequency"": 1.0, ""interaction_time"": 0.0, ""mode_count"": 2, ""temperature_angular_frequency"": 0.5}"
coherent-longitudinal-detuning,finite-mode-spin-boson-dephasing,cube_mpm,6.283185307179586,80,2,0.025,1.5700924586837752e-16,0.42690959686695373,0.4082482904638631,0.8164965809277261,coherent_rate_03,spin_boson_02,"{""delta_omega"": 1.0, ""interaction_time"": 6.283185307179586}","{""cutoff_angular_frequency"": 2.0, ""interaction_time"": 6.283185307179586, ""mode_count"": 2, ""temperature_angular_frequency"": 1.0}"
coherent-longitudinal-detuning,finite-mode-spin-boson-dephasing,cube_mpm,12.566370614359172,80,18,0.225,1.5700924586837752e-16,0.3776296686790734,0.4082482904638631,0.8164965809277261,coherent_rate_01,spin_boson_00,"{""delta_omega"": 0.5, ""interaction_time"": 12.566370614359172}","{""cutoff_angular_frequency"": 1.0, ""interaction_time"": 12.566370614359172, ""mode_count"": 2, ""temperature_angular_frequency"": 0.5}"
coherent-longitudinal-detuning,finite-mode-spin-boson-dephasing,cube_mpp,0.0,80,80,1.0,0.0,0.0,0.0,0.0,coherent_rate_00,spin_boson_00,"{""delta_omega"": 0.25, ""interaction_time"": 0.0}","{""cutoff_angular_frequency"": 1.0, ""interaction_time"": 0.0, ""mode_count"": 2, ""temperature_angular_frequency"": 0.5}"
coherent-longitudinal-detuning,finite-mode-spin-boson-dephasing,cube_mpp,6.283185307179586,80,2,0.025,1.5700924586837752e-16,0.42690959686695373,0.4082482904638631,0.8164965809277261,coherent_rate_03,spin_boson_02,"{""delta_omega"": 1.0, ""interaction_time"": 6.283185307179586}","{""cutoff_angular_frequency"": 2.0, ""interaction_time"": 6.283185307179586, ""mode_count"": 2, ""temperature_angular_frequency"": 1.0}"
coherent-longitudinal-detuning,finite-mode-spin-boson-dephasing,cube_mpp,12.566370614359172,80,18,0.225,1.5700924586837752e-16,0.3776296686790734,0.4082482904638631,0.8164965809277261,coherent_rate_01,spin_boson_00,"{""delta_omega"": 0.5, ""interaction_time"": 12.566370614359172}","{""cutoff_angular_frequency"": 1.0, ""interaction_time"": 12.566370614359172, ""mode_count"": 2, ""temperature_angular_frequency"": 0.5}"
coherent-longitudinal-detuning,finite-mode-spin-boson-dephasing,cube_pmm,0.0,80,80,1.0,0.0,0.0,0.0,0.0,coherent_rate_00,spin_boson_00,"{""delta_omega"": 0.25, ""interaction_time"": 0.0}","{""cutoff_angular_frequency"": 1.0, ""interaction_time"": 0.0, ""mode_count"": 2, ""temperature_angular_frequency"": 0.5}"
coherent-longitudinal-detuning,finite-mode-spin-boson-dephasing,cube_pmm,6.283185307179586,80,2,0.025,1.5700924586837752e-16,0.42690959686695373,0.4082482904638631,0.8164965809277261,coherent_rate_03,spin_boson_02,"{""delta_omega"": 1.0, ""interaction_time"": 6.283185307179586}","{""cutoff_angular_frequency"": 2.0, ""interaction_time"": 6.283185307179586, ""mode_count"": 2, ""temperature_angular_frequency"": 1.0}"
coherent-longitudinal-detuning,finite-mode-spin-boson-dephasing,cube_pmm,12.566370614359172,80,18,0.225,1.5700924586837752e-16,0.3776296686790734,0.4082482904638631,0.8164965809277261,coherent_rate_01,spin_boson_00,"{""delta_omega"": 0.5, ""interaction_time"": 12.566370614359172}","{""cutoff_angular_frequency"": 1.0, ""interaction_time"": 12.566370614359172, ""mode_count"": 2, ""temperature_angular_frequency"": 0.5}"
coherent-longitudinal-detuning,finite-mode-spin-boson-dephasing,cube_pmp,0.0,80,80,1.0,0.0,0.0,0.0,0.0,coherent_rate_00,spin_boson_00,"{""delta_omega"": 0.25, ""interaction_time"": 0.0}","{""cutoff_angular_frequency"": 1.0, ""interaction_time"": 0.0, ""mode_count"": 2, ""temperature_angular_frequency"": 0.5}"
coherent-longitudinal-detuning,finite-mode-spin-boson-dephasing,cube_pmp,6.283185307179586,80,2,0.025,1.5700924586837752e-16,0.42690959686695373,0.4082482904638631,0.8164965809277261,coherent_rate_03,spin_boson_02,"{""delta_omega"": 1.0, ""interaction_time"": 6.283185307179586}","{""cutoff_angular_frequency"": 2.0, ""interaction_time"": 6.283185307179586, ""mode_count"": 2, ""temperature_angular_frequency"": 1.0}"
coherent-longitudinal-detuning,finite-mode-spin-boson-dephasing,cube_pmp,12.566370614359172,80,18,0.225,1.5700924586837752e-16,0.3776296686790734,0.4082482904638631,0.8164965809277261,coherent_rate_01,spin_boson_00,"{""delta_omega"": 0.5, ""interaction_time"": 12.566370614359172}","{""cutoff_angular_frequency"": 1.0, ""interaction_time"": 12.566370614359172, ""mode_count"": 2, ""temperature_angular_frequency"": 0.5}"
coherent-longitudinal-detuning,finite-mode-spin-boson-dephasing,cube_ppm,0.0,80,80,1.0,0.0,0.0,0.0,0.0,coherent_rate_00,spin_boson_00,"{""delta_omega"": 0.25, ""interaction_time"": 0.0}","{""cutoff_angular_frequency"": 1.0, ""interaction_time"": 0.0, ""mode_count"": 2, ""temperature_angular_frequency"": 0.5}"
coherent-longitudinal-detuning,finite-mode-spin-boson-dephasing,cube_ppm,6.283185307179586,80,2,0.025,1.5700924586837752e-16,0.42690959686695373,0.4082482904638631,0.8164965809277261,coherent_rate_03,spin_boson_02,"{""delta_omega"": 1.0, ""interaction_time"": 6.283185307179586}","{""cutoff_angular_frequency"": 2.0, ""interaction_time"": 6.283185307179586, ""mode_count"": 2, ""temperature_angular_frequency"": 1.0}"
coherent-longitudinal-detuning,finite-mode-spin-boson-dephasing,cube_ppm,12.566370614359172,80,18,0.225,1.5700924586837752e-16,0.3776296686790734,0.4082482904638631,0.8164965809277261,coherent_rate_01,spin_boson_00,"{""delta_omega"": 0.5, ""interaction_time"": 12.566370614359172}","{""cutoff_angular_frequency"": 1.0, ""interaction_time"": 12.566370614359172, ""mode_count"": 2, ""temperature_angular_frequency"": 0.5}"
coherent-longitudinal-detuning,finite-mode-spin-boson-dephasing,cube_ppp,0.0,80,80,1.0,0.0,0.0,0.0,0.0,coherent_rate_00,spin_boson_00,"{""delta_omega"": 0.25, ""interaction_time"": 0.0}","{""cutoff_angular_frequency"": 1.0, ""interaction_time"": 0.0, ""mode_count"": 2, ""temperature_angular_frequency"": 0.5}"
coherent-longitudinal-detuning,finite-mode-spin-boson-dephasing,cube_ppp,6.283185307179586,80,2,0.025,1.5700924586837752e-16,0.42690959686695373,0.4082482904638631,0.8164965809277261,coherent_rate_03,spin_boson_02,"{""delta_omega"": 1.0, ""interaction_time"": 6.283185307179586}","{""cutoff_angular_frequency"": 2.0, ""interaction_time"": 6.283185307179586, ""mode_count"": 2, ""temperature_angular_frequency"": 1.0}"
coherent-longitudinal-detuning,finite-mode-spin-boson-dephasing,cube_ppp,12.566370614359172,80,18,0.225,1.5700924586837752e-16,0.3776296686790734,0.4082482904638631,0.8164965809277261,coherent_rate_01,spin_boson_00,"{""delta_omega"": 0.5, ""interaction_time"": 12.566370614359172}","{""cutoff_angular_frequency"": 1.0, ""interaction_time"": 12.566370614359172, ""mode_count"": 2, ""temperature_angular_frequency"": 0.5}"
coherent-longitudinal-detuning,finite-two-level-exchange-relaxation,+,0.0,25,25,1.0,0.0,0.0,0.0,0.0,coherent_rate_00,exchange_rate_00,"{""delta_omega"": 0.25, ""interaction_time"": 0.0}","{""coupling"": 0.25, ""interaction_time"": 0.0}"
coherent-longitudinal-detuning,finite-two-level-exchange-relaxation,+,3.141592653589793,25,1,0.04,1.685268606033212e-16,0.6456432273893122,0.7071067811865474,0.9238795325112865,coherent_rate_03,exchange_rate_03,"{""delta_omega"": 1.0, ""interaction_time"": 3.141592653589793}","{""coupling"": 1.0, ""interaction_time"": 3.141592653589793}"
coherent-longitudinal-detuning,finite-two-level-exchange-relaxation,+,6.283185307179586,25,5,0.2,1.685268606033212e-16,0.6125483399593903,0.7071067811865474,1.0,coherent_rate_01,exchange_rate_01,"{""delta_omega"": 0.5, ""interaction_time"": 6.283185307179586}","{""coupling"": 0.5, ""interaction_time"": 6.283185307179586}"
coherent-longitudinal-detuning,finite-two-level-exchange-relaxation,+,9.42477796076938,25,1,0.04,3.6380243025922494e-16,0.6456432273893122,0.7071067811865474,0.9238795325112868,coherent_rate_03,exchange_rate_03,"{""delta_omega"": 1.0, ""interaction_time"": 9.42477796076938}","{""coupling"": 1.0, ""interaction_time"": 9.42477796076938}"
coherent-longitudinal-detuning,finite-two-level-exchange-relaxation,+,12.566370614359172,25,13,0.52,1.685268606033212e-16,0.48000000000000015,7.276048605184499e-16,1.0000000000000002,coherent_rate_00,exchange_rate_00,"{""delta_omega"": 0.25, ""interaction_time"": 12.566370614359172}","{""coupling"": 0.25, ""interaction_time"": 12.566370614359172}"
coherent-longitudinal-detuning,finite-two-level-exchange-relaxation,+i,0.0,25,25,1.0,0.0,0.0,0.0,0.0,coherent_rate_00,exchange_rate_00,"{""delta_omega"": 0.25, ""interaction_time"": 0.0}","{""coupling"": 0.25, ""interaction_time"": 0.0}"
coherent-longitudinal-detuning,finite-two-level-exchange-relaxation,+i,3.141592653589793,25,1,0.04,1.685268606033212e-16,0.6456432273893122,0.7071067811865474,0.9238795325112865,coherent_rate_03,exchange_rate_03,"{""delta_omega"": 1.0, ""interaction_time"": 3.141592653589793}","{""coupling"": 1.0, ""interaction_time"": 3.141592653589793}"
coherent-longitudinal-detuning,finite-two-level-exchange-relaxation,+i,6.283185307179586,25,5,0.2,1.685268606033212e-16,0.6125483399593903,0.7071067811865474,1.0,coherent_rate_01,exchange_rate_01,"{""delta_omega"": 0.5, ""interaction_time"": 6.283185307179586}","{""coupling"": 0.5, ""interaction_time"": 6.283185307179586}"
coherent-longitudinal-detuning,finite-two-level-exchange-relaxation,+i,9.42477796076938,25,1,0.04,3.6380243025922494e-16,0.6456432273893122,0.7071067811865474,0.9238795325112868,coherent_rate_03,exchange_rate_03,"{""delta_omega"": 1.0, ""interaction_time"": 9.42477796076938}","{""coupling"": 1.0, ""interaction_time"": 9.42477796076938}"
coherent-longitudinal-detuning,finite-two-level-exchange-relaxation,+i,12.566370614359172,25,13,0.52,1.685268606033212e-16,0.48000000000000015,7.276048605184499e-16,1.0000000000000002,coherent_rate_00,exchange_rate_00,"{""delta_omega"": 0.25, ""interaction_time"": 12.566370614359172}","{""coupling"": 0.25, ""interaction_time"": 12.566370614359172}"
coherent-longitudinal-detuning,finite-two-level-exchange-relaxation,-,0.0,25,25,1.0,0.0,0.0,0.0,0.0,coherent_rate_00,exchange_rate_00,"{""delta_omega"": 0.25, ""interaction_time"": 0.0}","{""coupling"": 0.25, ""interaction_time"": 0.0}"
coherent-longitudinal-detuning,finite-two-level-exchange-relaxation,-,3.141592653589793,25,1,0.04,1.685268606033212e-16,0.6456432273893122,0.7071067811865474,0.9238795325112865,coherent_rate_03,exchange_rate_03,"{""delta_omega"": 1.0, ""interaction_time"": 3.141592653589793}","{""coupling"": 1.0, ""interaction_time"": 3.141592653589793}"
coherent-longitudinal-detuning,finite-two-level-exchange-relaxation,-,6.283185307179586,25,5,0.2,1.685268606033212e-16,0.6125483399593903,0.7071067811865474,1.0,coherent_rate_01,exchange_rate_01,"{""delta_omega"": 0.5, ""interaction_time"": 6.283185307179586}","{""coupling"": 0.5, ""interaction_time"": 6.283185307179586}"
coherent-longitudinal-detuning,finite-two-level-exchange-relaxation,-,9.42477796076938,25,1,0.04,3.6380243025922494e-16,0.6456432273893122,0.7071067811865474,0.9238795325112868,coherent_rate_03,exchange_rate_03,"{""delta_omega"": 1.0, ""interaction_time"": 9.42477796076938}","{""coupling"": 1.0, ""interaction_time"": 9.42477796076938}"
coherent-longitudinal-detuning,finite-two-level-exchange-relaxation,-,12.566370614359172,25,13,0.52,1.685268606033212e-16,0.48000000000000015,7.276048605184499e-16,1.0000000000000002,coherent_rate_00,exchange_rate_00,"{""delta_omega"": 0.25, ""interaction_time"": 12.566370614359172}","{""coupling"": 0.25, ""interaction_time"": 12.566370614359172}"
coherent-longitudinal-detuning,finite-two-level-exchange-relaxation,-i,0.0,25,25,1.0,0.0,0.0,0.0,0.0,coherent_rate_00,exchange_rate_00,"{""delta_omega"": 0.25, ""interaction_time"": 0.0}","{""coupling"": 0.25, ""interaction_time"": 0.0}"
coherent-longitudinal-detuning,finite-two-level-exchange-relaxation,-i,3.141592653589793,25,1,0.04,1.685268606033212e-16,0.6456432273893122,0.7071067811865474,0.9238795325112865,coherent_rate_03,exchange_rate_03,"{""delta_omega"": 1.0, ""interaction_time"": 3.141592653589793}","{""coupling"": 1.0, ""interaction_time"": 3.141592653589793}"
coherent-longitudinal-detuning,finite-two-level-exchange-relaxation,-i,6.283185307179586,25,5,0.2,1.685268606033212e-16,0.6125483399593903,0.7071067811865474,1.0,coherent_rate_01,exchange_rate_01,"{""delta_omega"": 0.5, ""interaction_time"": 6.283185307179586}","{""coupling"": 0.5, ""interaction_time"": 6.283185307179586}"
coherent-longitudinal-detuning,finite-two-level-exchange-relaxation,-i,9.42477796076938,25,1,0.04,3.6380243025922494e-16,0.6456432273893122,0.7071067811865474,0.9238795325112868,coherent_rate_03,exchange_rate_03,"{""delta_omega"": 1.0, ""interaction_time"": 9.42477796076938}","{""coupling"": 1.0, ""interaction_time"": 9.42477796076938}"
coherent-longitudinal-detuning,finite-two-level-exchange-relaxation,-i,12.566370614359172,25,13,0.52,1.685268606033212e-16,0.48000000000000015,7.276048605184499e-16,1.0000000000000002,coherent_rate_00,exchange_rate_00,"{""delta_omega"": 0.25, ""interaction_time"": 12.566370614359172}","{""coupling"": 0.25, ""interaction_time"": 12.566370614359172}"
coherent-longitudinal-detuning,finite-two-level-exchange-relaxation,0,0.0,25,25,1.0,0.0,0.0,0.0,0.0,coherent_rate_00,exchange_rate_00,"{""delta_omega"": 0.25, ""interaction_time"": 0.0}","{""coupling"": 0.25, ""interaction_time"": 0.0}"
coherent-longitudinal-detuning,finite-two-level-exchange-relaxation,0,0.15707963267948966,25,25,1.0,0.0,2.2204460492503132e-17,0.0,5.551115123125783e-17,coherent_rate_02,exchange_rate_00,"{""delta_omega"": 0.75, ""interaction_time"": 0.15707963267948966}","{""coupling"": 0.25, ""interaction_time"": 0.15707963267948966}"
coherent-longitudinal-detuning,finite-two-level-exchange-relaxation,0,0.3141592653589793,25,25,1.0,0.0,2.2204460492503132e-17,0.0,5.551115123125783e-17,coherent_rate_01,exchange_rate_00,"{""delta_omega"": 0.5, ""interaction_time"": 0.3141592653589793}","{""coupling"": 0.25, ""interaction_time"": 0.3141592653589793}"
coherent-longitudinal-detuning,finite-two-level-exchange-relaxation,0,0.47123889803846897,25,25,1.0,0.0,2.2204460492503132e-17,0.0,5.551115123125783e-17,coherent_rate_00,exchange_rate_00,"{""delta_omega"": 0.25, ""interaction_time"": 0.47123889803846897}","{""coupling"": 0.25, ""interaction_time"": 0.47123889803846897}"
coherent-longitudinal-detuning,finite-two-level-exchange-relaxation,0,0.6283185307179586,25,25,1.0,0.0,2.2204460492503132e-17,0.0,5.551115123125783e-17,coherent_rate_00,exchange_rate_00,"{""delta_omega"": 0.25, ""interaction_time"": 0.6283185307179586}","{""coupling"": 0.25, ""interaction_time"": 0.6283185307179586}"
coherent-longitudinal-detuning,finite-two-level-exchange-relaxation,0,0.7853981633974483,25,25,1.0,0.0,1.1102230246251566e-17,0.0,5.551115123125783e-17,coherent_rate_00,exchange_rate_00,"{""delta_omega"": 0.25, ""interaction_time"": 0.7853981633974483}","{""coupling"": 0.25, ""interaction_time"": 0.7853981633974483}"
coherent-longitudinal-detuning,finite-two-level-exchange-relaxation,0,0.9424777960769379,25,25,1.0,0.0,1.1102230246251566e-17,0.0,5.551115123125783e-17,coherent_rate_00,exchange_rate_00,"{""delta_omega"": 0.25, ""interaction_time"": 0.9424777960769379}","{""coupling"": 0.25, ""interaction_time"": 0.9424777960769379}"
coherent-longitudinal-detuning,finite-two-level-exchange-relaxation,0,1.0995574287564276,25,25,1.0,0.0,1.1102230246251566e-17,0.0,5.551115123125783e-17,coherent_rate_00,exchange_rate_00,"{""delta_omega"": 0.25, ""interaction_time"": 1.0995574287564276}","{""coupling"": 0.25, ""interaction_time"": 1.0995574287564276}"
coherent-longitudinal-detuning,finite-two-level-exchange-relaxation,0,1.2566370614359172,25,25,1.0,0.0,1.1102230246251566e-17,0.0,5.551115123125783e-17,coherent_rate_00,exchange_rate_00,"{""delta_omega"": 0.25, ""interaction_time"": 1.2566370614359172}","{""coupling"": 0.25, ""interaction_time"": 1.2566370614359172}"
coherent-longitudinal-detuning,finite-two-level-exchange-relaxation,0,1.413716694115407,25,25,1.0,0.0,1.1102230246251566e-17,0.0,5.551115123125783e-17,coherent_rate_01,exchange_rate_00,"{""delta_omega"": 0.5, ""interaction_time"": 1.413716694115407}","{""coupling"": 0.25, ""interaction_time"": 1.413716694115407}"
coherent-longitudinal-detuning,finite-two-level-exchange-relaxation,0,1.5707963267948966,25,25,1.0,0.0,0.0,0.0,0.0,coherent_rate_00,exchange_rate_00,"{""delta_omega"": 0.25, ""interaction_time"": 1.5707963267948966}","{""coupling"": 0.25, ""interaction_time"": 1.5707963267948966}"
coherent-longitudinal-detuning,finite-two-level-exchange-relaxation,0,1.7278759594743862,25,25,1.0,0.0,2.2204460492503132e-17,0.0,5.551115123125783e-17,coherent_rate_02,exchange_rate_00,"{""delta_omega"": 0.75, ""interaction_time"": 1.7278759594743862}","{""coupling"": 0.25, ""interaction_time"": 1.7278759594743862}"
coherent-longitudinal-detuning,finite-two-level-exchange-relaxation,0,1.8849555921538759,25,25,1.0,0.0,1.1102230246251566e-17,0.0,5.551115123125783e-17,coherent_rate_01,exchange_rate_00,"{""delta_omega"": 0.5, ""interaction_time"": 1.8849555921538759}","{""coupling"": 0.25, ""interaction_time"": 1.8849555921538759}"
coherent-longitudinal-detuning,finite-two-level-exchange-relaxation,0,2.0420352248333655,25,25,1.0,0.0,2.2204460492503132e-17,0.0,5.551115123125783e-17,coherent_rate_01,exchange_rate_00,"{""delta_omega"": 0.5, ""interaction_time"": 2.0420352248333655}","{""coupling"": 0.25, ""interaction_time"": 2.0420352248333655}"
coherent-longitudinal-detuning,finite-two-level-exchange-relaxation,0,2.199114857512855,25,25,1.0,0.0,2.2204460492503132e-17,0.0,5.551115123125783e-17,coherent_rate_00,exchange_rate_00,"{""delta_omega"": 0.25, ""interaction_time"": 2.199114857512855}","{""coupling"": 0.25, ""interaction_time"": 2.199114857512855}"
coherent-longitudinal-detuning,finite-two-level-exchange-relaxation,0,2.356194490192345,25,25,1.0,0.0,1.1102230246251566e-17,0.0,5.551115123125783e-17,coherent_rate_01,exchange_rate_00,"{""delta_omega"": 0.5, ""interaction_time"": 2.356194490192345}","{""coupling"": 0.25, ""interaction_time"": 2.356194490192345}"
coherent-longitudinal-detuning,finite-two-level-exchange-relaxation,0,2.5132741228718345,25,25,1.0,0.0,2.2204460492503132e-17,0.0,5.551115123125783e-17,coherent_rate_01,exchange_rate_00,"{""delta_omega"": 0.5, ""interaction_time"": 2.5132741228718345}","{""coupling"": 0.25, ""interaction_time"": 2.5132741228718345}"
coherent-longitudinal-detuning,finite-two-level-exchange-relaxation,0,2.670353755551324,25,25,1.0,0.0,0.0,0.0,0.0,coherent_rate_00,exchange_rate_00,"{""delta_omega"": 0.25, ""interaction_time"": 2.670353755551324}","{""coupling"": 0.25, ""interaction_time"": 2.670353755551324}"
coherent-longitudinal-detuning,finite-two-level-exchange-relaxation,0,2.827433388230814,25,25,1.0,0.0,0.0,0.0,0.0,coherent_rate_00,exchange_rate_00,"{""delta_omega"": 0.25, ""interaction_time"": 2.827433388230814}","{""coupling"": 0.25, ""interaction_time"": 2.827433388230814}"
coherent-longitudinal-detuning,finite-two-level-exchange-relaxation,0,2.9845130209103035,25,25,1.0,0.0,1.1102230246251566e-17,0.0,5.551115123125783e-17,coherent_rate_00,exchange_rate_00,"{""delta_omega"": 0.25, ""interaction_time"": 2.9845130209103035}","{""coupling"": 0.25, ""interaction_time"": 2.9845130209103035}"
coherent-longitudinal-detuning,finite-two-level-exchange-relaxation,0,3.141592653589793,25,25,1.0,0.0,0.0,0.0,0.0,coherent_rate_00,exchange_rate_00,"{""delta_omega"": 0.25, ""interaction_time"": 3.141592653589793}","{""coupling"": 0.25, ""interaction_time"": 3.141592653589793}"
coherent-longitudinal-detuning,finite-two-level-exchange-relaxation,0,3.2986722862692828,25,25,1.0,0.0,1.1102230246251566e-17,0.0,5.551115123125783e-17,coherent_rate_00,exchange_rate_00,"{""delta_omega"": 0.25, ""interaction_time"": 3.2986722862692828}","{""coupling"": 0.25, ""interaction_time"": 3.2986722862692828}"
coherent-longitudinal-detuning,finite-two-level-exchange-relaxation,0,3.4557519189487724,25,25,1.0,0.0,1.1102230246251566e-17,0.0,5.551115123125783e-17,coherent_rate_01,exchange_rate_00,"{""delta_omega"": 0.5, ""interaction_time"": 3.4557519189487724}","{""coupling"": 0.25, ""interaction_time"": 3.4557519189487724}"
coherent-longitudinal-detuning,finite-two-level-exchange-relaxation,0,3.612831551628262,25,25,1.0,0.0,2.2204460492503132e-17,0.0,1.1102230246251565e-16,coherent_rate_00,exchange_rate_00,"{""delta_omega"": 0.25, ""interaction_time"": 3.612831551628262}","{""coupling"": 0.25, ""interaction_time"": 3.612831551628262}"
coherent-longitudinal-detuning,finite-two-level-exchange-relaxation,0,3.7699111843077517,25,25,1.0,0.0,0.0,0.0,0.0,coherent_rate_00,exchange_rate_00,"{""delta_omega"": 0.25, ""interaction_time"": 3.7699111843077517}","{""coupling"": 0.25, ""interaction_time"": 3.7699111843077517}"
coherent-longitudinal-detuning,finite-two-level-exchange-relaxation,0,3.9269908169872414,25,25,1.0,0.0,2.2204460492503132e-17,0.0,5.551115123125783e-17,coherent_rate_00,exchange_rate_00,"{""delta_omega"": 0.25, ""interaction_time"": 3.9269908169872414}","{""coupling"": 0.25, ""interaction_time"": 3.9269908169872414}"
coherent-longitudinal-detuning,finite-two-level-exchange-relaxation,0,4.084070449666731,25,25,1.0,0.0,1.1102230246251566e-17,0.0,5.551115123125783e-17,coherent_rate_00,exchange_rate_00,"{""delta_omega"": 0.25, ""interaction_time"": 4.084070449666731}","{""coupling"": 0.25, ""interaction_time"": 4.084070449666731}"
coherent-longitudinal-detuning,finite-two-level-exchange-relaxation,0,4.241150082346221,25,25,1.0,0.0,2.2204460492503132e-17,0.0,5.551115123125783e-17,coherent_rate_00,exchange_rate_00,"{""delta_omega"": 0.25, ""interaction_time"": 4.241150082346221}","{""coupling"": 0.25, ""interaction_time"": 4.241150082346221}"
coherent-longitudinal-detuning,finite-two-level-exchange-relaxation,0,4.39822971502571,25,25,1.0,0.0,3.3306690738754695e-17,5.551115123125783e-17,5.551115123125783e-17,coherent_rate_02,exchange_rate_00,"{""delta_omega"": 0.75, ""interaction_time"": 4.39822971502571}","{""coupling"": 0.25, ""interaction_time"": 4.39822971502571}"
coherent-longitudinal-detuning,finite-two-level-exchange-relaxation,0,4.5553093477052,25,25,1.0,0.0,2.2204460492503132e-17,0.0,5.551115123125783e-17,coherent_rate_02,exchange_rate_00,"{""delta_omega"": 0.75, ""interaction_time"": 4.5553093477052}","{""coupling"": 0.25, ""interaction_time"": 4.5553093477052}"
coherent-longitudinal-detuning,finite-two-level-exchange-relaxation,0,4.71238898038469,25,25,1.0,0.0,0.0,0.0,0.0,coherent_rate_00,exchange_rate_00,"{""delta_omega"": 0.25, ""interaction_time"": 4.71238898038469}","{""coupling"": 0.25, ""interaction_time"": 4.71238898038469}"
coherent-longitudinal-detuning,finite-two-level-exchange-relaxation,0,4.869468613064179,25,25,1.0,0.0,4.4408920985006264e-17,5.551115123125783e-17,1.1102230246251565e-16,coherent_rate_01,exchange_rate_00,"{""delta_omega"": 0.5, ""interaction_time"": 4.869468613064179}","{""coupling"": 0.25, ""interaction_time"": 4.869468613064179}"
coherent-longitudinal-detuning,finite-two-level-exchange-relaxation,0,5.026548245743669,25,25,1.0,0.0,1.1102230246251566e-17,0.0,5.551115123125783e-17,coherent_rate_00,exchange_rate_00,"{""delta_omega"": 0.25, ""interaction_time"": 5.026548245743669}","{""coupling"": 0.25, ""interaction_time"": 5.026548245743669}"
coherent-longitudinal-detuning,finite-two-level-exchange-relaxation,0,5.183627878423159,25,25,1.0,0.0,0.0,0.0,0.0,coherent_rate_00,exchange_rate_00,"{""delta_omega"": 0.25, ""interaction_time"": 5.183627878423159}","{""coupling"": 0.25, ""interaction_time"": 5.183627878423159}"
coherent-longitudinal-detuning,finite-two-level-exchange-relaxation,0,5.340707511102648,25,25,1.0,0.0,1.1102230246251566e-17,0.0,5.551115123125783e-17,coherent_rate_00,exchange_rate_00,"{""delta_omega"": 0.25, ""interaction_time"": 5.340707511102648}","{""coupling"": 0.25, ""interaction_time"": 5.340707511102648}"
coherent-longitudinal-detuning,finite-two-level-exchange-relaxation,0,5.497787143782138,25,25,1.0,0.0,2.2204460492503132e-17,0.0,1.1102230246251565e-16,coherent_rate_00,exchange_rate_00,"{""delta_omega"": 0.25, ""interaction_time"": 5.497787143782138}","{""coupling"": 0.25, ""interaction_time"": 5.497787143782138}"
coherent-longitudinal-detuning,finite-two-level-exchange-relaxation,0,5.654866776461628,25,25,1.0,0.0,0.0,0.0,0.0,coherent_rate_00,exchange_rate_00,"{""delta_omega"": 0.25, ""interaction_time"": 5.654866776461628}","{""coupling"": 0.25, ""interaction_time"": 5.654866776461628}"
coherent-longitudinal-detuning,finite-two-level-exchange-relaxation,0,5.811946409141117,25,25,1.0,0.0,2.2204460492503132e-17,0.0,1.1102230246251565e-16,coherent_rate_01,exchange_rate_00,"{""delta_omega"": 0.5, ""interaction_time"": 5.811946409141117}","{""coupling"": 0.25, ""interaction_time"": 5.811946409141117}"
coherent-longitudinal-detuning,finite-two-level-exchange-relaxation,0,5.969026041820607,25,25,1.0,0.0,2.2204460492503132e-17,0.0,5.551115123125783e-17,coherent_rate_01,exchange_rate_00,"{""delta_omega"": 0.5, ""interaction_time"": 5.969026041820607}","{""coupling"": 0.25, ""interaction_time"": 5.969026041820607}"
coherent-longitudinal-detuning,finite-two-level-exchange-relaxation,0,6.126105674500097,25,25,1.0,0.0,1.1102230246251566e-17,0.0,5.551115123125783e-17,coherent_rate_00,exchange_rate_00,"{""delta_omega"": 0.25, ""interaction_time"": 6.126105674500097}","{""coupling"": 0.25, ""interaction_time"": 6.126105674500097}"
coherent-longitudinal-detuning,finite-two-level-exchange-relaxation,0,6.283185307179586,25,25,1.0,0.0,0.0,0.0,0.0,coherent_rate_00,exchange_rate_00,"{""delta_omega"": 0.25, ""interaction_time"": 6.283185307179586}","{""coupling"": 0.25, ""interaction_time"": 6.283185307179586}"
coherent-longitudinal-detuning,finite-two-level-exchange-relaxation,0,6.440264939859076,25,25,1.0,0.0,3.3306690738754695e-17,5.551115123125783e-17,5.551115123125783e-17,coherent_rate_00,exchange_rate_00,"{""delta_omega"": 0.25, ""interaction_time"": 6.440264939859076}","{""coupling"": 0.25, ""interaction_time"": 6.440264939859076}"
coherent-longitudinal-detuning,finite-two-level-exchange-relaxation,0,6.5973445725385655,25,25,1.0,0.0,0.0,0.0,0.0,coherent_rate_00,exchange_rate_00,"{""delta_omega"": 0.25, ""interaction_time"": 6.5973445725385655}","{""coupling"": 0.25, ""interaction_time"": 6.5973445725385655}"
coherent-longitudinal-detuning,finite-two-level-exchange-relaxation,0,6.754424205218055,25,25,1.0,0.0,1.1102230246251566e-17,0.0,5.551115123125783e-17,coherent_rate_00,exchange_rate_00,"{""delta_omega"": 0.25, ""interaction_time"": 6.754424205218055}","{""coupling"": 0.25, ""interaction_time"": 6.754424205218055}"
coherent-longitudinal-detuning,finite-two-level-exchange-relaxation,0,6.911503837897545,25,25,1.0,0.0,0.0,0.0,0.0,coherent_rate_00,exchange_rate_00,"{""delta_omega"": 0.25, ""interaction_time"": 6.911503837897545}","{""coupling"": 0.25, ""interaction_time"": 6.911503837897545}"
coherent-longitudinal-detuning,finite-two-level-exchange-relaxation,0,7.0685834705770345,25,25,1.0,0.0,1.1102230246251566e-17,0.0,5.551115123125783e-17,coherent_rate_00,exchange_rate_00,"{""delta_omega"": 0.25, ""interaction_time"": 7.0685834705770345}","{""coupling"": 0.25, ""interaction_time"": 7.0685834705770345}"
coherent-longitudinal-detuning,finite-two-level-exchange-relaxation,0,7.225663103256524,25,25,1.0,0.0,2.2204460492503132e-17,0.0,1.1102230246251565e-16,coherent_rate_00,exchange_rate_00,"{""delta_omega"": 0.25, ""interaction_time"": 7.225663103256524}","{""coupling"": 0.25, ""interaction_time"": 7.225663103256524}"
coherent-longitudinal-detuning,finite-two-level-exchange-relaxation,0,7.382742735936014,25,25,1.0,0.0,1.1102230246251566e-17,0.0,5.551115123125783e-17,coherent_rate_00,exchange_rate_00,"{""delta_omega"": 0.25, ""interaction_time"": 7.382742735936014}","{""coupling"": 0.25, ""interaction_time"": 7.382742735936014}"
coherent-longitudinal-detuning,finite-two-level-exchange-relaxation,0,7.5398223686155035,25,25,1.0,0.0,2.2204460492503132e-17,0.0,1.1102230246251565e-16,coherent_rate_00,exchange_rate_00,"{""delta_omega"": 0.25, ""interaction_time"": 7.5398223686155035}","{""coupling"": 0.25, ""interaction_time"": 7.5398223686155035}"
coherent-longitudinal-detuning,finite-two-level-exchange-relaxation,0,7.696902001294993,25,25,1.0,0.0,1.1102230246251566e-17,0.0,5.551115123125783e-17,coherent_rate_00,exchange_rate_00,"{""delta_omega"": 0.25, ""interaction_time"": 7.696902001294993}","{""coupling"": 0.25, ""interaction_time"": 7.696902001294993}"
coherent-longitudinal-detuning,finite-two-level-exchange-relaxation,0,7.853981633974483,25,25,1.0,0.0,3.3306690738754695e-17,0.0,1.1102230246251565e-16,coherent_rate_00,exchange_rate_00,"{""delta_omega"": 0.25, ""interaction_time"": 7.853981633974483}","{""coupling"": 0.25, ""interaction_time"": 7.853981633974483}"
coherent-longitudinal-detuning,finite-two-level-exchange-relaxation,0,8.011061266653972,25,25,1.0,0.0,1.1102230246251566e-17,0.0,5.551115123125783e-17,coherent_rate_00,exchange_rate_00,"{""delta_omega"": 0.25, ""interaction_time"": 8.011061266653972}","{""coupling"": 0.25, ""interaction_time"": 8.011061266653972}"
coherent-longitudinal-detuning,finite-two-level-exchange-relaxation,0,8.168140899333462,25,25,1.0,0.0,0.0,0.0,0.0,coherent_rate_00,exchange_rate_00,"{""delta_omega"": 0.25, ""interaction_time"": 8.168140899333462}","{""coupling"": 0.25, ""interaction_time"": 8.168140899333462}"
coherent-longitudinal-detuning,finite-two-level-exchange-relaxation,0,8.325220532012953,25,25,1.0,0.0,2.2204460492503132e-17,0.0,5.551115123125783e-17,coherent_rate_00,exchange_rate_00,"{""delta_omega"": 0.25, ""interaction_time"": 8.325220532012953}","{""coupling"": 0.25, ""interaction_time"": 8.325220532012953}"
coherent-longitudinal-detuning,finite-two-level-exchange-relaxation,0,8.482300164692441,25,25,1.0,0.0,1.1102230246251566e-17,0.0,5.551115123125783e-17,coherent_rate_00,exchange_rate_00,"{""delta_omega"": 0.25, ""interaction_time"": 8.482300164692441}","{""coupling"": 0.25, ""interaction_time"": 8.482300164692441}"
coherent-longitudinal-detuning,finite-two-level-exchange-relaxation,0,8.63937979737193,25,25,1.0,0.0,0.0,0.0,0.0,coherent_rate_00,exchange_rate_00,"{""delta_omega"": 0.25, ""interaction_time"": 8.63937979737193}","{""coupling"": 0.25, ""interaction_time"": 8.63937979737193}"
coherent-longitudinal-detuning,finite-two-level-exchange-relaxation,0,8.79645943005142,25,25,1.0,0.0,2.2204460492503132e-17,0.0,5.551115123125783e-17,coherent_rate_02,exchange_rate_00,"{""delta_omega"": 0.75, ""interaction_time"": 8.79645943005142}","{""coupling"": 0.25, ""interaction_time"": 8.79645943005142}"
coherent-longitudinal-detuning,finite-two-level-exchange-relaxation,0,8.953539062730911,25,25,1.0,0.0,0.0,0.0,0.0,coherent_rate_00,exchange_rate_00,"{""delta_omega"": 0.25, ""interaction_time"": 8.953539062730911}","{""coupling"": 0.25, ""interaction_time"": 8.953539062730911}"
coherent-longitudinal-detuning,finite-two-level-exchange-relaxation,0,9.1106186954104,25,25,1.0,0.0,2.2204460492503132e-17,0.0,5.551115123125783e-17,coherent_rate_01,exchange_rate_00,"{""delta_omega"": 0.5, ""interaction_time"": 9.1106186954104}","{""coupling"": 0.25, ""interaction_time"": 9.1106186954104}"
coherent-longitudinal-detuning,finite-two-level-exchange-relaxation,0,9.267698328089889,25,25,1.0,0.0,4.4408920985006264e-17,0.0,1.1102230246251565e-16,coherent_rate_00,exchange_rate_00,"{""delta_omega"": 0.25, ""interaction_time"": 9.267698328089889}","{""coupling"": 0.25, ""interaction_time"": 9.267698328089889}"
coherent-longitudinal-detuning,finite-two-level-exchange-relaxation,0,9.42477796076938,25,25,1.0,0.0,0.0,0.0,0.0,coherent_rate_00,exchange_rate_00,"{""delta_omega"": 0.25, ""interaction_time"": 9.42477796076938}","{""coupling"": 0.25, ""interaction_time"": 9.42477796076938}"
coherent-longitudinal-detuning,finite-two-level-exchange-relaxation,0,9.58185759344887,25,25,1.0,0.0,0.0,0.0,0.0,coherent_rate_00,exchange_rate_00,"{""delta_omega"": 0.25, ""interaction_time"": 9.58185759344887}","{""coupling"": 0.25, ""interaction_time"": 9.58185759344887}"
coherent-longitudinal-detuning,finite-two-level-exchange-relaxation,0,9.738937226128359,25,25,1.0,0.0,3.3306690738754695e-17,0.0,1.1102230246251565e-16,coherent_rate_00,exchange_rate_00,"{""delta_omega"": 0.25, ""interaction_time"": 9.738937226128359}","{""coupling"": 0.25, ""interaction_time"": 9.738937226128359}"
coherent-longitudinal-detuning,finite-two-level-exchange-relaxation,0,9.896016858807847,25,25,1.0,0.0,2.2204460492503132e-17,0.0,5.551115123125783e-17,coherent_rate_01,exchange_rate_00,"{""delta_omega"": 0.5, ""interaction_time"": 9.896016858807847}","{""coupling"": 0.25, ""interaction_time"": 9.896016858807847}"
coherent-longitudinal-detuning,finite-two-level-exchange-relaxation,0,10.053096491487338,25,25,1.0,0.0,1.1102230246251566e-17,0.0,5.551115123125783e-17,coherent_rate_01,exchange_rate_00,"{""delta_omega"": 0.5, ""interaction_time"": 10.053096491487338}","{""coupling"": 0.25, ""interaction_time"": 10.053096491487338}"
coherent-longitudinal-detuning,finite-two-level-exchange-relaxation,0,10.210176124166829,25,25,1.0,0.0,5.551115123125783e-17,5.551115123125783e-17,1.1102230246251565e-16,coherent_rate_02,exchange_rate_00,"{""delta_omega"": 0.75, ""interaction_time"": 10.210176124166829}","{""coupling"": 0.25, ""interaction_time"": 10.210176124166829}"
coherent-longitudinal-detuning,finite-two-level-exchange-relaxation,0,10.367255756846317,25,25,1.0,0.0,2.2204460492503132e-17,0.0,1.1102230246251565e-16,coherent_rate_00,exchange_rate_00,"{""delta_omega"": 0.25, ""interaction_time"": 10.367255756846317}","{""coupling"": 0.25, ""interaction_time"": 10.367255756846317}"
coherent-longitudinal-detuning,finite-two-level-exchange-relaxation,0,10.524335389525806,25,25,1.0,0.0,0.0,0.0,0.0,coherent_rate_00,exchange_rate_00,"{""delta_omega"": 0.25, ""interaction_time"": 10.524335389525806}","{""coupling"": 0.25, ""interaction_time"": 10.524335389525806}"
coherent-longitudinal-detuning,finite-two-level-exchange-relaxation,0,10.681415022205297,25,25,1.0,0.0,2.2204460492503132e-17,0.0,5.551115123125783e-17,coherent_rate_00,exchange_rate_00,"{""delta_omega"": 0.25, ""interaction_time"": 10.681415022205297}","{""coupling"": 0.25, ""interaction_time"": 10.681415022205297}"
coherent-longitudinal-detuning,finite-two-level-exchange-relaxation,0,10.838494654884787,25,25,1.0,0.0,4.4408920985006264e-17,0.0,1.1102230246251565e-16,coherent_rate_01,exchange_rate_00,"{""delta_omega"": 0.5, ""interaction_time"": 10.838494654884787}","{""coupling"": 0.25, ""interaction_time"": 10.838494654884787}"
coherent-longitudinal-detuning,finite-two-level-exchange-relaxation,0,10.995574287564276,25,25,1.0,0.0,0.0,0.0,0.0,coherent_rate_00,exchange_rate_00,"{""delta_omega"": 0.25, ""interaction_time"": 10.995574287564276}","{""coupling"": 0.25, ""interaction_time"": 10.995574287564276}"
coherent-longitudinal-detuning,finite-two-level-exchange-relaxation,0,11.152653920243765,25,25,1.0,0.0,0.0,0.0,0.0,coherent_rate_00,exchange_rate_00,"{""delta_omega"": 0.25, ""interaction_time"": 11.152653920243765}","{""coupling"": 0.25, ""interaction_time"": 11.152653920243765}"
coherent-longitudinal-detuning,finite-two-level-exchange-relaxation,0,11.309733552923255,25,25,1.0,0.0,4.4408920985006264e-17,0.0,1.1102230246251565e-16,coherent_rate_00,exchange_rate_00,"{""delta_omega"": 0.25, ""interaction_time"": 11.309733552923255}","{""coupling"": 0.25, ""interaction_time"": 11.309733552923255}"
coherent-longitudinal-detuning,finite-two-level-exchange-relaxation,0,11.466813185602746,25,25,1.0,0.0,2.2204460492503132e-17,0.0,5.551115123125783e-17,coherent_rate_00,exchange_rate_00,"{""delta_omega"": 0.25, ""interaction_time"": 11.466813185602746}","{""coupling"": 0.25, ""interaction_time"": 11.466813185602746}"
coherent-longitudinal-detuning,finite-two-level-exchange-relaxation,0,11.623892818282235,25,25,1.0,0.0,1.1102230246251566e-17,0.0,5.551115123125783e-17,coherent_rate_00,exchange_rate_00,"{""delta_omega"": 0.25, ""interaction_time"": 11.623892818282235}","{""coupling"": 0.25, ""interaction_time"": 11.623892818282235}"
coherent-longitudinal-detuning,finite-two-level-exchange-relaxation,0,11.780972450961723,25,25,1.0,0.0,3.3306690738754695e-17,0.0,1.1102230246251565e-16,coherent_rate_01,exchange_rate_00,"{""delta_omega"": 0.5, ""interaction_time"": 11.780972450961723}","{""coupling"": 0.25, ""interaction_time"": 11.780972450961723}"
coherent-longitudinal-detuning,finite-two-level-exchange-relaxation,0,11.938052083641214,25,25,1.0,0.0,1.1102230246251566e-17,0.0,5.551115123125783e-17,coherent_rate_00,exchange_rate_00,"{""delta_omega"": 0.25, ""interaction_time"": 11.938052083641214}","{""coupling"": 0.25, ""interaction_time"": 11.938052083641214}"
coherent-longitudinal-detuning,finite-two-level-exchange-relaxation,0,12.095131716320704,25,25,1.0,0.0,0.0,0.0,0.0,coherent_rate_00,exchange_rate_00,"{""delta_omega"": 0.25, ""interaction_time"": 12.095131716320704}","{""coupling"": 0.25, ""interaction_time"": 12.095131716320704}"
coherent-longitudinal-detuning,finite-two-level-exchange-relaxation,0,12.252211349000193,25,25,1.0,0.0,1.1102230246251566e-17,0.0,5.551115123125783e-17,coherent_rate_01,exchange_rate_00,"{""delta_omega"": 0.5, ""interaction_time"": 12.252211349000193}","{""coupling"": 0.25, ""interaction_time"": 12.252211349000193}"
coherent-longitudinal-detuning,finite-two-level-exchange-relaxation,0,12.409290981679682,25,25,1.0,0.0,2.2204460492503132e-17,0.0,5.551115123125783e-17,coherent_rate_01,exchange_rate_00,"{""delta_omega"": 0.5, ""interaction_time"": 12.409290981679682}","{""coupling"": 0.25, ""interaction_time"": 12.409290981679682}"
coherent-longitudinal-detuning,finite-two-level-exchange-relaxation,0,12.566370614359172,25,25,1.0,0.0,0.0,0.0,0.0,coherent_rate_00,exchange_rate_00,"{""delta_omega"": 0.25, ""interaction_time"": 12.566370614359172}","{""coupling"": 0.25, ""interaction_time"": 12.566370614359172}"
coherent-longitudinal-detuning,finite-two-level-exchange-relaxation,1,0.0,25,25,1.0,0.0,0.0,0.0,0.0,coherent_rate_00,exchange_rate_00,"{""delta_omega"": 0.25, ""interaction_time"": 0.0}","{""coupling"": 0.25, ""interaction_time"": 0.0}"
coherent-longitudinal-detuning,finite-two-level-exchange-relaxation,1,3.141592653589793,25,5,0.2,2.220446049250313e-16,0.6,0.5000000000000002,1.0000000000000002,coherent_rate_00,exchange_rate_03,"{""delta_omega"": 0.25, ""interaction_time"": 3.141592653589793}","{""coupling"": 1.0, ""interaction_time"": 3.141592653589793}"
coherent-longitudinal-detuning,finite-two-level-exchange-relaxation,1,6.283185307179586,25,15,0.6,2.220446049250313e-16,0.4000000000000003,4.440892098500626e-16,1.0000000000000002,coherent_rate_00,exchange_rate_01,"{""delta_omega"": 0.25, ""interaction_time"": 6.283185307179586}","{""coupling"": 0.5, ""interaction_time"": 6.283185307179586}"
coherent-longitudinal-detuning,finite-two-level-exchange-relaxation,1,9.42477796076938,25,5,0.2,4.440892098500626e-16,0.6000000000000003,0.5000000000000002,1.0000000000000002,coherent_rate_00,exchange_rate_03,"{""delta_omega"": 0.25, ""interaction_time"": 9.42477796076938}","{""coupling"": 1.0, ""interaction_time"": 9.42477796076938}"
coherent-longitudinal-detuning,finite-two-level-exchange-relaxation,1,12.566370614359172,25,25,1.0,2.220446049250313e-16,5.773159728050814e-16,4.440892098500626e-16,8.881784197001252e-16,coherent_rate_00,exchange_rate_00,"{""delta_omega"": 0.25, ""interaction_time"": 12.566370614359172}","{""coupling"": 0.25, ""interaction_time"": 12.566370614359172}"
coherent-longitudinal-detuning,finite-two-level-exchange-relaxation,cube_mmm,0.0,25,25,1.0,0.0,0.0,0.0,0.0,coherent_rate_00,exchange_rate_00,"{""delta_omega"": 0.25, ""interaction_time"": 0.0}","{""coupling"": 0.25, ""interaction_time"": 0.0}"
coherent-longitudinal-detuning,finite-two-level-exchange-relaxation,cube_mmm,3.141592653589793,25,1,0.04,2.3551386880256624e-16,0.6940991129396653,0.7564183919291646,0.8880738339771155,coherent_rate_03,exchange_rate_03,"{""delta_omega"": 1.0, ""interaction_time"": 3.141592653589793}","{""coupling"": 1.0, ""interaction_time"": 3.141592653589793}"
coherent-longitudinal-detuning,finite-two-level-exchange-relaxation,cube_mmm,6.283185307179586,25,5,0.2,2.3551386880256624e-16,0.6244330511447926,0.816496580927726,0.8880738339771156,coherent_rate_01,exchange_rate_01,"{""delta_omega"": 0.5, ""interaction_time"": 6.283185307179586}","{""coupling"": 0.5, ""interaction_time"": 6.283185307179586}"
coherent-longitudinal-detuning,finite-two-level-exchange-relaxation,cube_mmm,9.42477796076938,25,1,0.04,4.002966042486721e-16,0.6940991129396653,0.7564183919291647,0.8880738339771155,coherent_rate_03,exchange_rate_03,"{""delta_omega"": 1.0, ""interaction_time"": 9.42477796076938}","{""coupling"": 1.0, ""interaction_time"": 9.42477796076938}"
coherent-longitudinal-detuning,finite-two-level-exchange-relaxation,cube_mmm,12.566370614359172,25,13,0.52,2.3551386880256624e-16,0.3919183588453088,8.345155887641791e-16,0.8164965809277266,coherent_rate_00,exchange_rate_00,"{""delta_omega"": 0.25, ""interaction_time"": 12.566370614359172}","{""coupling"": 0.25, ""interaction_time"": 12.566370614359172}"
coherent-longitudinal-detuning,finite-two-level-exchange-relaxation,cube_mmp,0.0,25,25,1.0,0.0,0.0,0.0,0.0,coherent_rate_00,exchange_rate_00,"{""delta_omega"": 0.25, ""interaction_time"": 0.0}","{""coupling"": 0.25, ""interaction_time"": 0.0}"
coherent-longitudinal-detuning,finite-two-level-exchange-relaxation,cube_mmp,3.141592653589793,25,1,0.04,1.3597399555105182e-16,0.4660050720080878,0.4597008433809831,0.7543444794845716,coherent_rate_03,exchange_rate_03,"{""delta_omega"": 1.0, ""interaction_time"": 3.141592653589793}","{""coupling"": 1.0, ""interaction_time"": 3.141592653589793}"
coherent-longitudinal-detuning,finite-two-level-exchange-relaxation,cube_mmp,6.283185307179586,25,5,0.2,1.3597399555105182e-16,0.4530838549063397,0.4597008433809831,0.8164965809277264,coherent_rate_01,exchange_rate_01,"{""delta_omega"": 0.5, ""interaction_time"": 6.283185307179586}","{""coupling"": 0.5, ""interaction_time"": 6.283185307179586}"
coherent-longitudinal-detuning,finite-two-level-exchange-relaxation,cube_mmp,9.42477796076938,25,1,0.04,2.2887833992611187e-16,0.4660050720080878,0.4597008433809831,0.7543444794845718,coherent_rate_03,exchange_rate_03,"{""delta_omega"": 1.0, ""interaction_time"": 9.42477796076938}","{""coupling"": 1.0, ""interaction_time"": 9.42477796076938}"
coherent-longitudinal-detuning,finite-two-level-exchange-relaxation,cube_mmp,12.566370614359172,25,13,0.52,1.3597399555105182e-16,0.39191835884530873,5.495323605393213e-16,0.8164965809277266,coherent_rate_00,exchange_rate_00,"{""delta_omega"": 0.25, ""interaction_time"": 12.566370614359172}","{""coupling"": 0.25, ""interaction_time"": 12.566370614359172}"
coherent-longitudinal-detuning,finite-two-level-exchange-relaxation,cube_mpm,0.0,25,25,1.0,0.0,0.0,0.0,0.0,coherent_rate_00,exchange_rate_00,"{""delta_omega"": 0.25, ""interaction_time"": 0.0}","{""coupling"": 0.25, ""interaction_time"": 0.0}"
coherent-longitudinal-detuning,finite-two-level-exchange-relaxation,cube_mpm,3.141592653589793,25,1,0.04,2.3551386880256624e-16,0.6940991129396653,0.7564183919291646,0.8880738339771155,coherent_rate_03,exchange_rate_03,"{""delta_omega"": 1.0, ""interaction_time"": 3.141592653589793}","{""coupling"": 1.0, ""interaction_time"": 3.141592653589793}"
coherent-longitudinal-detuning,finite-two-level-exchange-relaxation,cube_mpm,6.283185307179586,25,5,0.2,2.3551386880256624e-16,0.6244330511447926,0.816496580927726,0.8880738339771156,coherent_rate_01,exchange_rate_01,"{""delta_omega"": 0.5, ""interaction_time"": 6.283185307179586}","{""coupling"": 0.5, ""interaction_time"": 6.283185307179586}"
coherent-longitudinal-detuning,finite-two-level-exchange-relaxation,cube_mpm,9.42477796076938,25,1,0.04,4.002966042486721e-16,0.6940991129396653,0.7564183919291647,0.8880738339771156,coherent_rate_03,exchange_rate_03,"{""delta_omega"": 1.0, ""interaction_time"": 9.42477796076938}","{""coupling"": 1.0, ""interaction_time"": 9.42477796076938}"
coherent-longitudinal-detuning,finite-two-level-exchange-relaxation,cube_mpm,12.566370614359172,25,13,0.52,2.3551386880256624e-16,0.3919183588453088,8.345155887641791e-16,0.8164965809277266,coherent_rate_00,exchange_rate_00,"{""delta_omega"": 0.25, ""interaction_time"": 12.566370614359172}","{""coupling"": 0.25, ""interaction_time"": 12.566370614359172}"
coherent-longitudinal-detuning,finite-two-level-exchange-relaxation,cube_mpp,0.0,25,25,1.0,0.0,0.0,0.0,0.0,coherent_rate_00,exchange_rate_00,"{""delta_omega"": 0.25, ""interaction_time"": 0.0}","{""coupling"": 0.25, ""interaction_time"": 0.0}"
coherent-longitudinal-detuning,finite-two-level-exchange-relaxation,cube_mpp,3.141592653589793,25,1,0.04,1.3597399555105182e-16,0.4660050720080878,0.4597008433809831,0.7543444794845716,coherent_rate_03,exchange_rate_03,"{""delta_omega"": 1.0, ""interaction_time"": 3.141592653589793}","{""coupling"": 1.0, ""interaction_time"": 3.141592653589793}"
coherent-longitudinal-detuning,finite-two-level-exchange-relaxation,cube_mpp,6.283185307179586,25,5,0.2,1.3597399555105182e-16,0.4530838549063397,0.4597008433809831,0.8164965809277264,coherent_rate_01,exchange_rate_01,"{""delta_omega"": 0.5, ""interaction_time"": 6.283185307179586}","{""coupling"": 0.5, ""interaction_time"": 6.283185307179586}"
coherent-longitudinal-detuning,finite-two-level-exchange-relaxation,cube_mpp,9.42477796076938,25,1,0.04,2.2887833992611187e-16,0.4660050720080878,0.4597008433809831,0.754344479484572,coherent_rate_03,exchange_rate_03,"{""delta_omega"": 1.0, ""interaction_time"": 9.42477796076938}","{""coupling"": 1.0, ""interaction_time"": 9.42477796076938}"
coherent-longitudinal-detuning,finite-two-level-exchange-relaxation,cube_mpp,12.566370614359172,25,13,0.52,1.3597399555105182e-16,0.39191835884530873,5.495323605393213e-16,0.8164965809277266,coherent_rate_00,exchange_rate_00,"{""delta_omega"": 0.25, ""interaction_time"": 12.566370614359172}","{""coupling"": 0.25, ""interaction_time"": 12.566370614359172}"
coherent-longitudinal-detuning,finite-two-level-exchange-relaxation,cube_pmm,0.0,25,25,1.0,0.0,0.0,0.0,0.0,coherent_rate_00,exchange_rate_00,"{""delta_omega"": 0.25, ""interaction_time"": 0.0}","{""coupling"": 0.25, ""interaction_time"": 0.0}"
coherent-longitudinal-detuning,finite-two-level-exchange-relaxation,cube_pmm,3.141592653589793,25,1,0.04,2.3551386880256624e-16,0.6940991129396653,0.7564183919291646,0.8880738339771155,coherent_rate_03,exchange_rate_03,"{""delta_omega"": 1.0, ""interaction_time"": 3.141592653589793}","{""coupling"": 1.0, ""interaction_time"": 3.141592653589793}"
coherent-longitudinal-detuning,finite-two-level-exchange-relaxation,cube_pmm,6.283185307179586,25,5,0.2,2.3551386880256624e-16,0.6244330511447926,0.816496580927726,0.8880738339771156,coherent_rate_01,exchange_rate_01,"{""delta_omega"": 0.5, ""interaction_time"": 6.283185307179586}","{""coupling"": 0.5, ""interaction_time"": 6.283185307179586}"
coherent-longitudinal-detuning,finite-two-level-exchange-relaxation,cube_pmm,9.42477796076938,25,1,0.04,4.002966042486721e-16,0.6940991129396653,0.7564183919291647,0.8880738339771156,coherent_rate_03,exchange_rate_03,"{""delta_omega"": 1.0, ""interaction_time"": 9.42477796076938}","{""coupling"": 1.0, ""interaction_time"": 9.42477796076938}"
coherent-longitudinal-detuning,finite-two-level-exchange-relaxation,cube_pmm,12.566370614359172,25,13,0.52,2.3551386880256624e-16,0.3919183588453088,8.345155887641791e-16,0.8164965809277266,coherent_rate_00,exchange_rate_00,"{""delta_omega"": 0.25, ""interaction_time"": 12.566370614359172}","{""coupling"": 0.25, ""interaction_time"": 12.566370614359172}"
coherent-longitudinal-detuning,finite-two-level-exchange-relaxation,cube_pmp,0.0,25,25,1.0,0.0,0.0,0.0,0.0,coherent_rate_00,exchange_rate_00,"{""delta_omega"": 0.25, ""interaction_time"": 0.0}","{""coupling"": 0.25, ""interaction_time"": 0.0}"
coherent-longitudinal-detuning,finite-two-level-exchange-relaxation,cube_pmp,3.141592653589793,25,1,0.04,1.3597399555105182e-16,0.4660050720080878,0.4597008433809831,0.7543444794845716,coherent_rate_03,exchange_rate_03,"{""delta_omega"": 1.0, ""interaction_time"": 3.141592653589793}","{""coupling"": 1.0, ""interaction_time"": 3.141592653589793}"
coherent-longitudinal-detuning,finite-two-level-exchange-relaxation,cube_pmp,6.283185307179586,25,5,0.2,1.3597399555105182e-16,0.4530838549063397,0.4597008433809831,0.8164965809277264,coherent_rate_01,exchange_rate_01,"{""delta_omega"": 0.5, ""interaction_time"": 6.283185307179586}","{""coupling"": 0.5, ""interaction_time"": 6.283185307179586}"
coherent-longitudinal-detuning,finite-two-level-exchange-relaxation,cube_pmp,9.42477796076938,25,1,0.04,2.2887833992611187e-16,0.4660050720080878,0.4597008433809831,0.754344479484572,coherent_rate_03,exchange_rate_03,"{""delta_omega"": 1.0, ""interaction_time"": 9.42477796076938}","{""coupling"": 1.0, ""interaction_time"": 9.42477796076938}"
coherent-longitudinal-detuning,finite-two-level-exchange-relaxation,cube_pmp,12.566370614359172,25,13,0.52,1.3597399555105182e-16,0.39191835884530873,5.495323605393213e-16,0.8164965809277266,coherent_rate_00,exchange_rate_00,"{""delta_omega"": 0.25, ""interaction_time"": 12.566370614359172}","{""coupling"": 0.25, ""interaction_time"": 12.566370614359172}"
coherent-longitudinal-detuning,finite-two-level-exchange-relaxation,cube_ppm,0.0,25,25,1.0,0.0,0.0,0.0,0.0,coherent_rate_00,exchange_rate_00,"{""delta_omega"": 0.25, ""interaction_time"": 0.0}","{""coupling"": 0.25, ""interaction_time"": 0.0}"
coherent-longitudinal-detuning,finite-two-level-exchange-relaxation,cube_ppm,3.141592653589793,25,1,0.04,2.3551386880256624e-16,0.6940991129396653,0.7564183919291646,0.8880738339771155,coherent_rate_03,exchange_rate_03,"{""delta_omega"": 1.0, ""interaction_time"": 3.141592653589793}","{""coupling"": 1.0, ""interaction_time"": 3.141592653589793}"
coherent-longitudinal-detuning,finite-two-level-exchange-relaxation,cube_ppm,6.283185307179586,25,5,0.2,2.3551386880256624e-16,0.6244330511447926,0.816496580927726,0.8880738339771156,coherent_rate_01,exchange_rate_01,"{""delta_omega"": 0.5, ""interaction_time"": 6.283185307179586}","{""coupling"": 0.5, ""interaction_time"": 6.283185307179586}"
coherent-longitudinal-detuning,finite-two-level-exchange-relaxation,cube_ppm,9.42477796076938,25,1,0.04,4.002966042486721e-16,0.6940991129396653,0.7564183919291647,0.8880738339771155,coherent_rate_03,exchange_rate_03,"{""delta_omega"": 1.0, ""interaction_time"": 9.42477796076938}","{""coupling"": 1.0, ""interaction_time"": 9.42477796076938}"
coherent-longitudinal-detuning,finite-two-level-exchange-relaxation,cube_ppm,12.566370614359172,25,13,0.52,2.3551386880256624e-16,0.3919183588453088,8.345155887641791e-16,0.8164965809277266,coherent_rate_00,exchange_rate_00,"{""delta_omega"": 0.25, ""interaction_time"": 12.566370614359172}","{""coupling"": 0.25, ""interaction_time"": 12.566370614359172}"
coherent-longitudinal-detuning,finite-two-level-exchange-relaxation,cube_ppp,0.0,25,25,1.0,0.0,0.0,0.0,0.0,coherent_rate_00,exchange_rate_00,"{""delta_omega"": 0.25, ""interaction_time"": 0.0}","{""coupling"": 0.25, ""interaction_time"": 0.0}"
coherent-longitudinal-detuning,finite-two-level-exchange-relaxation,cube_ppp,3.141592653589793,25,1,0.04,1.3597399555105182e-16,0.4660050720080878,0.4597008433809831,0.7543444794845716,coherent_rate_03,exchange_rate_03,"{""delta_omega"": 1.0, ""interaction_time"": 3.141592653589793}","{""coupling"": 1.0, ""interaction_time"": 3.141592653589793}"
coherent-longitudinal-detuning,finite-two-level-exchange-relaxation,cube_ppp,6.283185307179586,25,5,0.2,1.3597399555105182e-16,0.4530838549063397,0.4597008433809831,0.8164965809277264,coherent_rate_01,exchange_rate_01,"{""delta_omega"": 0.5, ""interaction_time"": 6.283185307179586}","{""coupling"": 0.5, ""interaction_time"": 6.283185307179586}"
coherent-longitudinal-detuning,finite-two-level-exchange-relaxation,cube_ppp,9.42477796076938,25,1,0.04,2.2887833992611187e-16,0.4660050720080878,0.4597008433809831,0.7543444794845718,coherent_rate_03,exchange_rate_03,"{""delta_omega"": 1.0, ""interaction_time"": 9.42477796076938}","{""coupling"": 1.0, ""interaction_time"": 9.42477796076938}"
coherent-longitudinal-detuning,finite-two-level-exchange-relaxation,cube_ppp,12.566370614359172,25,13,0.52,1.3597399555105182e-16,0.39191835884530873,5.495323605393213e-16,0.8164965809277266,coherent_rate_00,exchange_rate_00,"{""delta_omega"": 0.25, ""interaction_time"": 12.566370614359172}","{""coupling"": 0.25, ""interaction_time"": 12.566370614359172}"
coherent-longitudinal-detuning,markovian-photon-reservoir-decay,+,0.0,25,25,1.0,0.0,0.0,0.0,0.0,coherent_rate_00,photon_decay_00,"{""delta_omega"": 0.25, ""interaction_time"": 0.0}","{""decay_rate"": 0.05, ""interaction_time"": 0.0}"
coherent-longitudinal-detuning,markovian-photon-reservoir-decay,+i,0.0,25,25,1.0,0.0,0.0,0.0,0.0,coherent_rate_00,photon_decay_00,"{""delta_omega"": 0.25, ""interaction_time"": 0.0}","{""decay_rate"": 0.05, ""interaction_time"": 0.0}"
coherent-longitudinal-detuning,markovian-photon-reservoir-decay,-,0.0,25,25,1.0,0.0,0.0,0.0,0.0,coherent_rate_00,photon_decay_00,"{""delta_omega"": 0.25, ""interaction_time"": 0.0}","{""decay_rate"": 0.05, ""interaction_time"": 0.0}"
coherent-longitudinal-detuning,markovian-photon-reservoir-decay,-i,0.0,25,25,1.0,0.0,0.0,0.0,0.0,coherent_rate_00,photon_decay_00,"{""delta_omega"": 0.25, ""interaction_time"": 0.0}","{""decay_rate"": 0.05, ""interaction_time"": 0.0}"
coherent-longitudinal-detuning,markovian-photon-reservoir-decay,0,0.0,25,25,1.0,0.0,0.0,0.0,0.0,coherent_rate_00,photon_decay_00,"{""delta_omega"": 0.25, ""interaction_time"": 0.0}","{""decay_rate"": 0.05, ""interaction_time"": 0.0}"
coherent-longitudinal-detuning,markovian-photon-reservoir-decay,0,0.15707963267948966,25,25,1.0,0.0,2.2204460492503132e-17,0.0,5.551115123125783e-17,coherent_rate_02,photon_decay_00,"{""delta_omega"": 0.75, ""interaction_time"": 0.15707963267948966}","{""decay_rate"": 0.05, ""interaction_time"": 0.15707963267948966}"
coherent-longitudinal-detuning,markovian-photon-reservoir-decay,0,0.3141592653589793,25,25,1.0,0.0,2.2204460492503132e-17,0.0,5.551115123125783e-17,coherent_rate_01,photon_decay_00,"{""delta_omega"": 0.5, ""interaction_time"": 0.3141592653589793}","{""decay_rate"": 0.05, ""interaction_time"": 0.3141592653589793}"
coherent-longitudinal-detuning,markovian-photon-reservoir-decay,0,0.47123889803846897,25,25,1.0,0.0,2.2204460492503132e-17,0.0,5.551115123125783e-17,coherent_rate_00,photon_decay_00,"{""delta_omega"": 0.25, ""interaction_time"": 0.47123889803846897}","{""decay_rate"": 0.05, ""interaction_time"": 0.47123889803846897}"
coherent-longitudinal-detuning,markovian-photon-reservoir-decay,0,0.6283185307179586,25,25,1.0,0.0,2.2204460492503132e-17,0.0,5.551115123125783e-17,coherent_rate_00,photon_decay_00,"{""delta_omega"": 0.25, ""interaction_time"": 0.6283185307179586}","{""decay_rate"": 0.05, ""interaction_time"": 0.6283185307179586}"
coherent-longitudinal-detuning,markovian-photon-reservoir-decay,0,0.7853981633974483,25,25,1.0,0.0,1.1102230246251566e-17,0.0,5.551115123125783e-17,coherent_rate_00,photon_decay_00,"{""delta_omega"": 0.25, ""interaction_time"": 0.7853981633974483}","{""decay_rate"": 0.05, ""interaction_time"": 0.7853981633974483}"
coherent-longitudinal-detuning,markovian-photon-reservoir-decay,0,0.9424777960769379,25,25,1.0,0.0,1.1102230246251566e-17,0.0,5.551115123125783e-17,coherent_rate_00,photon_decay_00,"{""delta_omega"": 0.25, ""interaction_time"": 0.9424777960769379}","{""decay_rate"": 0.05, ""interaction_time"": 0.9424777960769379}"
coherent-longitudinal-detuning,markovian-photon-reservoir-decay,0,1.0995574287564276,25,25,1.0,0.0,1.1102230246251566e-17,0.0,5.551115123125783e-17,coherent_rate_00,photon_decay_00,"{""delta_omega"": 0.25, ""interaction_time"": 1.0995574287564276}","{""decay_rate"": 0.05, ""interaction_time"": 1.0995574287564276}"
coherent-longitudinal-detuning,markovian-photon-reservoir-decay,0,1.2566370614359172,25,25,1.0,0.0,1.1102230246251566e-17,0.0,5.551115123125783e-17,coherent_rate_00,photon_decay_00,"{""delta_omega"": 0.25, ""interaction_time"": 1.2566370614359172}","{""decay_rate"": 0.05, ""interaction_time"": 1.2566370614359172}"
coherent-longitudinal-detuning,markovian-photon-reservoir-decay,0,1.413716694115407,25,25,1.0,0.0,1.1102230246251566e-17,0.0,5.551115123125783e-17,coherent_rate_01,photon_decay_00,"{""delta_omega"": 0.5, ""interaction_time"": 1.413716694115407}","{""decay_rate"": 0.05, ""interaction_time"": 1.413716694115407}"
coherent-longitudinal-detuning,markovian-photon-reservoir-decay,0,1.5707963267948966,25,25,1.0,0.0,0.0,0.0,0.0,coherent_rate_00,photon_decay_00,"{""delta_omega"": 0.25, ""interaction_time"": 1.5707963267948966}","{""decay_rate"": 0.05, ""interaction_time"": 1.5707963267948966}"
coherent-longitudinal-detuning,markovian-photon-reservoir-decay,0,1.7278759594743862,25,25,1.0,0.0,2.2204460492503132e-17,0.0,5.551115123125783e-17,coherent_rate_02,photon_decay_00,"{""delta_omega"": 0.75, ""interaction_time"": 1.7278759594743862}","{""decay_rate"": 0.05, ""interaction_time"": 1.7278759594743862}"
coherent-longitudinal-detuning,markovian-photon-reservoir-decay,0,1.8849555921538759,25,25,1.0,0.0,1.1102230246251566e-17,0.0,5.551115123125783e-17,coherent_rate_01,photon_decay_00,"{""delta_omega"": 0.5, ""interaction_time"": 1.8849555921538759}","{""decay_rate"": 0.05, ""interaction_time"": 1.8849555921538759}"
coherent-longitudinal-detuning,markovian-photon-reservoir-decay,0,2.0420352248333655,25,25,1.0,0.0,2.2204460492503132e-17,0.0,5.551115123125783e-17,coherent_rate_01,photon_decay_00,"{""delta_omega"": 0.5, ""interaction_time"": 2.0420352248333655}","{""decay_rate"": 0.05, ""interaction_time"": 2.0420352248333655}"
coherent-longitudinal-detuning,markovian-photon-reservoir-decay,0,2.199114857512855,25,25,1.0,0.0,2.2204460492503132e-17,0.0,5.551115123125783e-17,coherent_rate_00,photon_decay_00,"{""delta_omega"": 0.25, ""interaction_time"": 2.199114857512855}","{""decay_rate"": 0.05, ""interaction_time"": 2.199114857512855}"
coherent-longitudinal-detuning,markovian-photon-reservoir-decay,0,2.356194490192345,25,25,1.0,0.0,1.1102230246251566e-17,0.0,5.551115123125783e-17,coherent_rate_01,photon_decay_00,"{""delta_omega"": 0.5, ""interaction_time"": 2.356194490192345}","{""decay_rate"": 0.05, ""interaction_time"": 2.356194490192345}"
coherent-longitudinal-detuning,markovian-photon-reservoir-decay,0,2.5132741228718345,25,25,1.0,0.0,2.2204460492503132e-17,0.0,5.551115123125783e-17,coherent_rate_01,photon_decay_00,"{""delta_omega"": 0.5, ""interaction_time"": 2.5132741228718345}","{""decay_rate"": 0.05, ""interaction_time"": 2.5132741228718345}"
coherent-longitudinal-detuning,markovian-photon-reservoir-decay,0,2.670353755551324,25,25,1.0,0.0,0.0,0.0,0.0,coherent_rate_00,photon_decay_00,"{""delta_omega"": 0.25, ""interaction_time"": 2.670353755551324}","{""decay_rate"": 0.05, ""interaction_time"": 2.670353755551324}"
coherent-longitudinal-detuning,markovian-photon-reservoir-decay,0,2.827433388230814,25,25,1.0,0.0,0.0,0.0,0.0,coherent_rate_00,photon_decay_00,"{""delta_omega"": 0.25, ""interaction_time"": 2.827433388230814}","{""decay_rate"": 0.05, ""interaction_time"": 2.827433388230814}"
coherent-longitudinal-detuning,markovian-photon-reservoir-decay,0,2.9845130209103035,25,25,1.0,0.0,1.1102230246251566e-17,0.0,5.551115123125783e-17,coherent_rate_00,photon_decay_00,"{""delta_omega"": 0.25, ""interaction_time"": 2.9845130209103035}","{""decay_rate"": 0.05, ""interaction_time"": 2.9845130209103035}"
coherent-longitudinal-detuning,markovian-photon-reservoir-decay,0,3.141592653589793,25,25,1.0,0.0,0.0,0.0,0.0,coherent_rate_00,photon_decay_00,"{""delta_omega"": 0.25, ""interaction_time"": 3.141592653589793}","{""decay_rate"": 0.05, ""interaction_time"": 3.141592653589793}"
coherent-longitudinal-detuning,markovian-photon-reservoir-decay,0,3.2986722862692828,25,25,1.0,0.0,1.1102230246251566e-17,0.0,5.551115123125783e-17,coherent_rate_00,photon_decay_00,"{""delta_omega"": 0.25, ""interaction_time"": 3.2986722862692828}","{""decay_rate"": 0.05, ""interaction_time"": 3.2986722862692828}"
coherent-longitudinal-detuning,markovian-photon-reservoir-decay,0,3.4557519189487724,25,25,1.0,0.0,1.1102230246251566e-17,0.0,5.551115123125783e-17,coherent_rate_01,photon_decay_00,"{""delta_omega"": 0.5, ""interaction_time"": 3.4557519189487724}","{""decay_rate"": 0.05, ""interaction_time"": 3.4557519189487724}"
coherent-longitudinal-detuning,markovian-photon-reservoir-decay,0,3.612831551628262,25,25,1.0,0.0,2.2204460492503132e-17,0.0,1.1102230246251565e-16,coherent_rate_00,photon_decay_00,"{""delta_omega"": 0.25, ""interaction_time"": 3.612831551628262}","{""decay_rate"": 0.05, ""interaction_time"": 3.612831551628262}"
coherent-longitudinal-detuning,markovian-photon-reservoir-decay,0,3.7699111843077517,25,25,1.0,0.0,0.0,0.0,0.0,coherent_rate_00,photon_decay_00,"{""delta_omega"": 0.25, ""interaction_time"": 3.7699111843077517}","{""decay_rate"": 0.05, ""interaction_time"": 3.7699111843077517}"
coherent-longitudinal-detuning,markovian-photon-reservoir-decay,0,3.9269908169872414,25,25,1.0,0.0,2.2204460492503132e-17,0.0,5.551115123125783e-17,coherent_rate_00,photon_decay_00,"{""delta_omega"": 0.25, ""interaction_time"": 3.9269908169872414}","{""decay_rate"": 0.05, ""interaction_time"": 3.9269908169872414}"
coherent-longitudinal-detuning,markovian-photon-reservoir-decay,0,4.084070449666731,25,25,1.0,0.0,1.1102230246251566e-17,0.0,5.551115123125783e-17,coherent_rate_00,photon_decay_00,"{""delta_omega"": 0.25, ""interaction_time"": 4.084070449666731}","{""decay_rate"": 0.05, ""interaction_time"": 4.084070449666731}"
coherent-longitudinal-detuning,markovian-photon-reservoir-decay,0,4.241150082346221,25,25,1.0,0.0,2.2204460492503132e-17,0.0,5.551115123125783e-17,coherent_rate_00,photon_decay_00,"{""delta_omega"": 0.25, ""interaction_time"": 4.241150082346221}","{""decay_rate"": 0.05, ""interaction_time"": 4.241150082346221}"
coherent-longitudinal-detuning,markovian-photon-reservoir-decay,0,4.39822971502571,25,25,1.0,0.0,3.3306690738754695e-17,5.551115123125783e-17,5.551115123125783e-17,coherent_rate_02,photon_decay_00,"{""delta_omega"": 0.75, ""interaction_time"": 4.39822971502571}","{""decay_rate"": 0.05, ""interaction_time"": 4.39822971502571}"
coherent-longitudinal-detuning,markovian-photon-reservoir-decay,0,4.5553093477052,25,25,1.0,0.0,2.2204460492503132e-17,0.0,5.551115123125783e-17,coherent_rate_02,photon_decay_00,"{""delta_omega"": 0.75, ""interaction_time"": 4.5553093477052}","{""decay_rate"": 0.05, ""interaction_time"": 4.5553093477052}"
coherent-longitudinal-detuning,markovian-photon-reservoir-decay,0,4.71238898038469,25,25,1.0,0.0,0.0,0.0,0.0,coherent_rate_00,photon_decay_00,"{""delta_omega"": 0.25, ""interaction_time"": 4.71238898038469}","{""decay_rate"": 0.05, ""interaction_time"": 4.71238898038469}"
coherent-longitudinal-detuning,markovian-photon-reservoir-decay,0,4.869468613064179,25,25,1.0,0.0,4.4408920985006264e-17,5.551115123125783e-17,1.1102230246251565e-16,coherent_rate_01,photon_decay_00,"{""delta_omega"": 0.5, ""interaction_time"": 4.869468613064179}","{""decay_rate"": 0.05, ""interaction_time"": 4.869468613064179}"
coherent-longitudinal-detuning,markovian-photon-reservoir-decay,0,5.026548245743669,25,25,1.0,0.0,1.1102230246251566e-17,0.0,5.551115123125783e-17,coherent_rate_00,photon_decay_00,"{""delta_omega"": 0.25, ""interaction_time"": 5.026548245743669}","{""decay_rate"": 0.05, ""interaction_time"": 5.026548245743669}"
coherent-longitudinal-detuning,markovian-photon-reservoir-decay,0,5.183627878423159,25,25,1.0,0.0,0.0,0.0,0.0,coherent_rate_00,photon_decay_00,"{""delta_omega"": 0.25, ""interaction_time"": 5.183627878423159}","{""decay_rate"": 0.05, ""interaction_time"": 5.183627878423159}"
coherent-longitudinal-detuning,markovian-photon-reservoir-decay,0,5.340707511102648,25,25,1.0,0.0,1.1102230246251566e-17,0.0,5.551115123125783e-17,coherent_rate_00,photon_decay_00,"{""delta_omega"": 0.25, ""interaction_time"": 5.340707511102648}","{""decay_rate"": 0.05, ""interaction_time"": 5.340707511102648}"
coherent-longitudinal-detuning,markovian-photon-reservoir-decay,0,5.497787143782138,25,25,1.0,0.0,2.2204460492503132e-17,0.0,1.1102230246251565e-16,coherent_rate_00,photon_decay_00,"{""delta_omega"": 0.25, ""interaction_time"": 5.497787143782138}","{""decay_rate"": 0.05, ""interaction_time"": 5.497787143782138}"
coherent-longitudinal-detuning,markovian-photon-reservoir-decay,0,5.654866776461628,25,25,1.0,0.0,0.0,0.0,0.0,coherent_rate_00,photon_decay_00,"{""delta_omega"": 0.25, ""interaction_time"": 5.654866776461628}","{""decay_rate"": 0.05, ""interaction_time"": 5.654866776461628}"
coherent-longitudinal-detuning,markovian-photon-reservoir-decay,0,5.811946409141117,25,25,1.0,0.0,2.2204460492503132e-17,0.0,1.1102230246251565e-16,coherent_rate_01,photon_decay_00,"{""delta_omega"": 0.5, ""interaction_time"": 5.811946409141117}","{""decay_rate"": 0.05, ""interaction_time"": 5.811946409141117}"
coherent-longitudinal-detuning,markovian-photon-reservoir-decay,0,5.969026041820607,25,25,1.0,0.0,2.2204460492503132e-17,0.0,5.551115123125783e-17,coherent_rate_01,photon_decay_00,"{""delta_omega"": 0.5, ""interaction_time"": 5.969026041820607}","{""decay_rate"": 0.05, ""interaction_time"": 5.969026041820607}"
coherent-longitudinal-detuning,markovian-photon-reservoir-decay,0,6.126105674500097,25,25,1.0,0.0,1.1102230246251566e-17,0.0,5.551115123125783e-17,coherent_rate_00,photon_decay_00,"{""delta_omega"": 0.25, ""interaction_time"": 6.126105674500097}","{""decay_rate"": 0.05, ""interaction_time"": 6.126105674500097}"
coherent-longitudinal-detuning,markovian-photon-reservoir-decay,0,6.283185307179586,25,25,1.0,0.0,0.0,0.0,0.0,coherent_rate_00,photon_decay_00,"{""delta_omega"": 0.25, ""interaction_time"": 6.283185307179586}","{""decay_rate"": 0.05, ""interaction_time"": 6.283185307179586}"
coherent-longitudinal-detuning,markovian-photon-reservoir-decay,0,6.440264939859076,25,25,1.0,0.0,3.3306690738754695e-17,5.551115123125783e-17,5.551115123125783e-17,coherent_rate_00,photon_decay_00,"{""delta_omega"": 0.25, ""interaction_time"": 6.440264939859076}","{""decay_rate"": 0.05, ""interaction_time"": 6.440264939859076}"
coherent-longitudinal-detuning,markovian-photon-reservoir-decay,0,6.5973445725385655,25,25,1.0,0.0,0.0,0.0,0.0,coherent_rate_00,photon_decay_00,"{""delta_omega"": 0.25, ""interaction_time"": 6.5973445725385655}","{""decay_rate"": 0.05, ""interaction_time"": 6.5973445725385655}"
coherent-longitudinal-detuning,markovian-photon-reservoir-decay,0,6.754424205218055,25,25,1.0,0.0,1.1102230246251566e-17,0.0,5.551115123125783e-17,coherent_rate_00,photon_decay_00,"{""delta_omega"": 0.25, ""interaction_time"": 6.754424205218055}","{""decay_rate"": 0.05, ""interaction_time"": 6.754424205218055}"
coherent-longitudinal-detuning,markovian-photon-reservoir-decay,0,6.911503837897545,25,25,1.0,0.0,0.0,0.0,0.0,coherent_rate_00,photon_decay_00,"{""delta_omega"": 0.25, ""interaction_time"": 6.911503837897545}","{""decay_rate"": 0.05, ""interaction_time"": 6.911503837897545}"
coherent-longitudinal-detuning,markovian-photon-reservoir-decay,0,7.0685834705770345,25,25,1.0,0.0,1.1102230246251566e-17,0.0,5.551115123125783e-17,coherent_rate_00,photon_decay_00,"{""delta_omega"": 0.25, ""interaction_time"": 7.0685834705770345}","{""decay_rate"": 0.05, ""interaction_time"": 7.0685834705770345}"
coherent-longitudinal-detuning,markovian-photon-reservoir-decay,0,7.225663103256524,25,25,1.0,0.0,2.2204460492503132e-17,0.0,1.1102230246251565e-16,coherent_rate_00,photon_decay_00,"{""delta_omega"": 0.25, ""interaction_time"": 7.225663103256524}","{""decay_rate"": 0.05, ""interaction_time"": 7.225663103256524}"
coherent-longitudinal-detuning,markovian-photon-reservoir-decay,0,7.382742735936014,25,25,1.0,0.0,1.1102230246251566e-17,0.0,5.551115123125783e-17,coherent_rate_00,photon_decay_00,"{""delta_omega"": 0.25, ""interaction_time"": 7.382742735936014}","{""decay_rate"": 0.05, ""interaction_time"": 7.382742735936014}"
coherent-longitudinal-detuning,markovian-photon-reservoir-decay,0,7.5398223686155035,25,25,1.0,0.0,2.2204460492503132e-17,0.0,1.1102230246251565e-16,coherent_rate_00,photon_decay_00,"{""delta_omega"": 0.25, ""interaction_time"": 7.5398223686155035}","{""decay_rate"": 0.05, ""interaction_time"": 7.5398223686155035}"
coherent-longitudinal-detuning,markovian-photon-reservoir-decay,0,7.696902001294993,25,25,1.0,0.0,1.1102230246251566e-17,0.0,5.551115123125783e-17,coherent_rate_00,photon_decay_00,"{""delta_omega"": 0.25, ""interaction_time"": 7.696902001294993}","{""decay_rate"": 0.05, ""interaction_time"": 7.696902001294993}"
coherent-longitudinal-detuning,markovian-photon-reservoir-decay,0,7.853981633974483,25,25,1.0,0.0,3.3306690738754695e-17,0.0,1.1102230246251565e-16,coherent_rate_00,photon_decay_00,"{""delta_omega"": 0.25, ""interaction_time"": 7.853981633974483}","{""decay_rate"": 0.05, ""interaction_time"": 7.853981633974483}"
coherent-longitudinal-detuning,markovian-photon-reservoir-decay,0,8.011061266653972,25,25,1.0,0.0,1.1102230246251566e-17,0.0,5.551115123125783e-17,coherent_rate_00,photon_decay_00,"{""delta_omega"": 0.25, ""interaction_time"": 8.011061266653972}","{""decay_rate"": 0.05, ""interaction_time"": 8.011061266653972}"
coherent-longitudinal-detuning,markovian-photon-reservoir-decay,0,8.168140899333462,25,25,1.0,0.0,0.0,0.0,0.0,coherent_rate_00,photon_decay_00,"{""delta_omega"": 0.25, ""interaction_time"": 8.168140899333462}","{""decay_rate"": 0.05, ""interaction_time"": 8.168140899333462}"
coherent-longitudinal-detuning,markovian-photon-reservoir-decay,0,8.325220532012953,25,25,1.0,0.0,2.2204460492503132e-17,0.0,5.551115123125783e-17,coherent_rate_00,photon_decay_00,"{""delta_omega"": 0.25, ""interaction_time"": 8.325220532012953}","{""decay_rate"": 0.05, ""interaction_time"": 8.325220532012953}"
coherent-longitudinal-detuning,markovian-photon-reservoir-decay,0,8.482300164692441,25,25,1.0,0.0,1.1102230246251566e-17,0.0,5.551115123125783e-17,coherent_rate_00,photon_decay_00,"{""delta_omega"": 0.25, ""interaction_time"": 8.482300164692441}","{""decay_rate"": 0.05, ""interaction_time"": 8.482300164692441}"
coherent-longitudinal-detuning,markovian-photon-reservoir-decay,0,8.63937979737193,25,25,1.0,0.0,0.0,0.0,0.0,coherent_rate_00,photon_decay_00,"{""delta_omega"": 0.25, ""interaction_time"": 8.63937979737193}","{""decay_rate"": 0.05, ""interaction_time"": 8.63937979737193}"
coherent-longitudinal-detuning,markovian-photon-reservoir-decay,0,8.79645943005142,25,25,1.0,0.0,2.2204460492503132e-17,0.0,5.551115123125783e-17,coherent_rate_02,photon_decay_00,"{""delta_omega"": 0.75, ""interaction_time"": 8.79645943005142}","{""decay_rate"": 0.05, ""interaction_time"": 8.79645943005142}"
coherent-longitudinal-detuning,markovian-photon-reservoir-decay,0,8.953539062730911,25,25,1.0,0.0,0.0,0.0,0.0,coherent_rate_00,photon_decay_00,"{""delta_omega"": 0.25, ""interaction_time"": 8.953539062730911}","{""decay_rate"": 0.05, ""interaction_time"": 8.953539062730911}"
coherent-longitudinal-detuning,markovian-photon-reservoir-decay,0,9.1106186954104,25,25,1.0,0.0,2.2204460492503132e-17,0.0,5.551115123125783e-17,coherent_rate_01,photon_decay_00,"{""delta_omega"": 0.5, ""interaction_time"": 9.1106186954104}","{""decay_rate"": 0.05, ""interaction_time"": 9.1106186954104}"
coherent-longitudinal-detuning,markovian-photon-reservoir-decay,0,9.267698328089889,25,25,1.0,0.0,4.4408920985006264e-17,0.0,1.1102230246251565e-16,coherent_rate_00,photon_decay_00,"{""delta_omega"": 0.25, ""interaction_time"": 9.267698328089889}","{""decay_rate"": 0.05, ""interaction_time"": 9.267698328089889}"
coherent-longitudinal-detuning,markovian-photon-reservoir-decay,0,9.42477796076938,25,25,1.0,0.0,0.0,0.0,0.0,coherent_rate_00,photon_decay_00,"{""delta_omega"": 0.25, ""interaction_time"": 9.42477796076938}","{""decay_rate"": 0.05, ""interaction_time"": 9.42477796076938}"
coherent-longitudinal-detuning,markovian-photon-reservoir-decay,0,9.58185759344887,25,25,1.0,0.0,0.0,0.0,0.0,coherent_rate_00,photon_decay_00,"{""delta_omega"": 0.25, ""interaction_time"": 9.58185759344887}","{""decay_rate"": 0.05, ""interaction_time"": 9.58185759344887}"
coherent-longitudinal-detuning,markovian-photon-reservoir-decay,0,9.738937226128359,25,25,1.0,0.0,3.3306690738754695e-17,0.0,1.1102230246251565e-16,coherent_rate_00,photon_decay_00,"{""delta_omega"": 0.25, ""interaction_time"": 9.738937226128359}","{""decay_rate"": 0.05, ""interaction_time"": 9.738937226128359}"
coherent-longitudinal-detuning,markovian-photon-reservoir-decay,0,9.896016858807847,25,25,1.0,0.0,2.2204460492503132e-17,0.0,5.551115123125783e-17,coherent_rate_01,photon_decay_00,"{""delta_omega"": 0.5, ""interaction_time"": 9.896016858807847}","{""decay_rate"": 0.05, ""interaction_time"": 9.896016858807847}"
coherent-longitudinal-detuning,markovian-photon-reservoir-decay,0,10.053096491487338,25,25,1.0,0.0,1.1102230246251566e-17,0.0,5.551115123125783e-17,coherent_rate_01,photon_decay_00,"{""delta_omega"": 0.5, ""interaction_time"": 10.053096491487338}","{""decay_rate"": 0.05, ""interaction_time"": 10.053096491487338}"
coherent-longitudinal-detuning,markovian-photon-reservoir-decay,0,10.210176124166829,25,25,1.0,0.0,5.551115123125783e-17,5.551115123125783e-17,1.1102230246251565e-16,coherent_rate_02,photon_decay_00,"{""delta_omega"": 0.75, ""interaction_time"": 10.210176124166829}","{""decay_rate"": 0.05, ""interaction_time"": 10.210176124166829}"
coherent-longitudinal-detuning,markovian-photon-reservoir-decay,0,10.367255756846317,25,25,1.0,0.0,2.2204460492503132e-17,0.0,1.1102230246251565e-16,coherent_rate_00,photon_decay_00,"{""delta_omega"": 0.25, ""interaction_time"": 10.367255756846317}","{""decay_rate"": 0.05, ""interaction_time"": 10.367255756846317}"
coherent-longitudinal-detuning,markovian-photon-reservoir-decay,0,10.524335389525806,25,25,1.0,0.0,0.0,0.0,0.0,coherent_rate_00,photon_decay_00,"{""delta_omega"": 0.25, ""interaction_time"": 10.524335389525806}","{""decay_rate"": 0.05, ""interaction_time"": 10.524335389525806}"
coherent-longitudinal-detuning,markovian-photon-reservoir-decay,0,10.681415022205297,25,25,1.0,0.0,2.2204460492503132e-17,0.0,5.551115123125783e-17,coherent_rate_00,photon_decay_00,"{""delta_omega"": 0.25, ""interaction_time"": 10.681415022205297}","{""decay_rate"": 0.05, ""interaction_time"": 10.681415022205297}"
coherent-longitudinal-detuning,markovian-photon-reservoir-decay,0,10.838494654884787,25,25,1.0,0.0,4.4408920985006264e-17,0.0,1.1102230246251565e-16,coherent_rate_01,photon_decay_00,"{""delta_omega"": 0.5, ""interaction_time"": 10.838494654884787}","{""decay_rate"": 0.05, ""interaction_time"": 10.838494654884787}"
coherent-longitudinal-detuning,markovian-photon-reservoir-decay,0,10.995574287564276,25,25,1.0,0.0,0.0,0.0,0.0,coherent_rate_00,photon_decay_00,"{""delta_omega"": 0.25, ""interaction_time"": 10.995574287564276}","{""decay_rate"": 0.05, ""interaction_time"": 10.995574287564276}"
coherent-longitudinal-detuning,markovian-photon-reservoir-decay,0,11.152653920243765,25,25,1.0,0.0,0.0,0.0,0.0,coherent_rate_00,photon_decay_00,"{""delta_omega"": 0.25, ""interaction_time"": 11.152653920243765}","{""decay_rate"": 0.05, ""interaction_time"": 11.152653920243765}"
coherent-longitudinal-detuning,markovian-photon-reservoir-decay,0,11.309733552923255,25,25,1.0,0.0,4.4408920985006264e-17,0.0,1.1102230246251565e-16,coherent_rate_00,photon_decay_00,"{""delta_omega"": 0.25, ""interaction_time"": 11.309733552923255}","{""decay_rate"": 0.05, ""interaction_time"": 11.309733552923255}"
coherent-longitudinal-detuning,markovian-photon-reservoir-decay,0,11.466813185602746,25,25,1.0,0.0,2.2204460492503132e-17,0.0,5.551115123125783e-17,coherent_rate_00,photon_decay_00,"{""delta_omega"": 0.25, ""interaction_time"": 11.466813185602746}","{""decay_rate"": 0.05, ""interaction_time"": 11.466813185602746}"
coherent-longitudinal-detuning,markovian-photon-reservoir-decay,0,11.623892818282235,25,25,1.0,0.0,1.1102230246251566e-17,0.0,5.551115123125783e-17,coherent_rate_00,photon_decay_00,"{""delta_omega"": 0.25, ""interaction_time"": 11.623892818282235}","{""decay_rate"": 0.05, ""interaction_time"": 11.623892818282235}"
coherent-longitudinal-detuning,markovian-photon-reservoir-decay,0,11.780972450961723,25,25,1.0,0.0,3.3306690738754695e-17,0.0,1.1102230246251565e-16,coherent_rate_01,photon_decay_00,"{""delta_omega"": 0.5, ""interaction_time"": 11.780972450961723}","{""decay_rate"": 0.05, ""interaction_time"": 11.780972450961723}"
coherent-longitudinal-detuning,markovian-photon-reservoir-decay,0,11.938052083641214,25,25,1.0,0.0,1.1102230246251566e-17,0.0,5.551115123125783e-17,coherent_rate_00,photon_decay_00,"{""delta_omega"": 0.25, ""interaction_time"": 11.938052083641214}","{""decay_rate"": 0.05, ""interaction_time"": 11.938052083641214}"
coherent-longitudinal-detuning,markovian-photon-reservoir-decay,0,12.095131716320704,25,25,1.0,0.0,0.0,0.0,0.0,coherent_rate_00,photon_decay_00,"{""delta_omega"": 0.25, ""interaction_time"": 12.095131716320704}","{""decay_rate"": 0.05, ""interaction_time"": 12.095131716320704}"
coherent-longitudinal-detuning,markovian-photon-reservoir-decay,0,12.252211349000193,25,25,1.0,0.0,1.1102230246251566e-17,0.0,5.551115123125783e-17,coherent_rate_01,photon_decay_00,"{""delta_omega"": 0.5, ""interaction_time"": 12.252211349000193}","{""decay_rate"": 0.05, ""interaction_time"": 12.252211349000193}"
coherent-longitudinal-detuning,markovian-photon-reservoir-decay,0,12.409290981679682,25,25,1.0,0.0,2.2204460492503132e-17,0.0,5.551115123125783e-17,coherent_rate_01,photon_decay_00,"{""delta_omega"": 0.5, ""interaction_time"": 12.409290981679682}","{""decay_rate"": 0.05, ""interaction_time"": 12.409290981679682}"
coherent-longitudinal-detuning,markovian-photon-reservoir-decay,0,12.566370614359172,25,25,1.0,0.0,0.0,0.0,0.0,coherent_rate_00,photon_decay_00,"{""delta_omega"": 0.25, ""interaction_time"": 12.566370614359172}","{""decay_rate"": 0.05, ""interaction_time"": 12.566370614359172}"
coherent-longitudinal-detuning,markovian-photon-reservoir-decay,1,0.0,25,25,1.0,0.0,0.0,0.0,0.0,coherent_rate_00,photon_decay_00,"{""delta_omega"": 0.25, ""interaction_time"": 0.0}","{""decay_rate"": 0.05, ""interaction_time"": 0.0}"
coherent-longitudinal-detuning,markovian-photon-reservoir-decay,cube_mmm,0.0,25,25,1.0,0.0,0.0,0.0,0.0,coherent_rate_00,photon_decay_00,"{""delta_omega"": 0.25, ""interaction_time"": 0.0}","{""decay_rate"": 0.05, ""interaction_time"": 0.0}"
coherent-longitudinal-detuning,markovian-photon-reservoir-decay,cube_mmp,0.0,25,25,1.0,0.0,0.0,0.0,0.0,coherent_rate_00,photon_decay_00,"{""delta_omega"": 0.25, ""interaction_time"": 0.0}","{""decay_rate"": 0.05, ""interaction_time"": 0.0}"
coherent-longitudinal-detuning,markovian-photon-reservoir-decay,cube_mpm,0.0,25,25,1.0,0.0,0.0,0.0,0.0,coherent_rate_00,photon_decay_00,"{""delta_omega"": 0.25, ""interaction_time"": 0.0}","{""decay_rate"": 0.05, ""interaction_time"": 0.0}"
coherent-longitudinal-detuning,markovian-photon-reservoir-decay,cube_mpp,0.0,25,25,1.0,0.0,0.0,0.0,0.0,coherent_rate_00,photon_decay_00,"{""delta_omega"": 0.25, ""interaction_time"": 0.0}","{""decay_rate"": 0.05, ""interaction_time"": 0.0}"
coherent-longitudinal-detuning,markovian-photon-reservoir-decay,cube_pmm,0.0,25,25,1.0,0.0,0.0,0.0,0.0,coherent_rate_00,photon_decay_00,"{""delta_omega"": 0.25, ""interaction_time"": 0.0}","{""decay_rate"": 0.05, ""interaction_time"": 0.0}"
coherent-longitudinal-detuning,markovian-photon-reservoir-decay,cube_pmp,0.0,25,25,1.0,0.0,0.0,0.0,0.0,coherent_rate_00,photon_decay_00,"{""delta_omega"": 0.25, ""interaction_time"": 0.0}","{""decay_rate"": 0.05, ""interaction_time"": 0.0}"
coherent-longitudinal-detuning,markovian-photon-reservoir-decay,cube_ppm,0.0,25,25,1.0,0.0,0.0,0.0,0.0,coherent_rate_00,photon_decay_00,"{""delta_omega"": 0.25, ""interaction_time"": 0.0}","{""decay_rate"": 0.05, ""interaction_time"": 0.0}"
coherent-longitudinal-detuning,markovian-photon-reservoir-decay,cube_ppp,0.0,25,25,1.0,0.0,0.0,0.0,0.0,coherent_rate_00,photon_decay_00,"{""delta_omega"": 0.25, ""interaction_time"": 0.0}","{""decay_rate"": 0.05, ""interaction_time"": 0.0}"
finite-mode-spin-boson-dephasing,finite-two-level-exchange-relaxation,+,0.0,80,80,1.0,0.0,0.0,0.0,0.0,spin_boson_00,exchange_rate_00,"{""cutoff_angular_frequency"": 1.0, ""interaction_time"": 0.0, ""mode_count"": 2, ""temperature_angular_frequency"": 0.5}","{""coupling"": 0.25, ""interaction_time"": 0.0}"
finite-mode-spin-boson-dephasing,finite-two-level-exchange-relaxation,+,6.283185307179586,80,2,0.025,3.1401849173675503e-16,0.5228553393106523,0.5,1.0,spin_boson_02,exchange_rate_03,"{""cutoff_angular_frequency"": 2.0, ""interaction_time"": 6.283185307179586, ""mode_count"": 2, ""temperature_angular_frequency"": 1.0}","{""coupling"": 1.0, ""interaction_time"": 6.283185307179586}"
finite-mode-spin-boson-dephasing,finite-two-level-exchange-relaxation,+,12.566370614359172,80,18,0.225,3.1401849173675503e-16,0.4625,0.4999999999999998,1.0,spin_boson_00,exchange_rate_01,"{""cutoff_angular_frequency"": 1.0, ""interaction_time"": 12.566370614359172, ""mode_count"": 2, ""temperature_angular_frequency"": 0.5}","{""coupling"": 0.5, ""interaction_time"": 12.566370614359172}"
finite-mode-spin-boson-dephasing,finite-two-level-exchange-relaxation,+i,0.0,80,80,1.0,0.0,0.0,0.0,0.0,spin_boson_00,exchange_rate_00,"{""cutoff_angular_frequency"": 1.0, ""interaction_time"": 0.0, ""mode_count"": 2, ""temperature_angular_frequency"": 0.5}","{""coupling"": 0.25, ""interaction_time"": 0.0}"
finite-mode-spin-boson-dephasing,finite-two-level-exchange-relaxation,+i,6.283185307179586,80,2,0.025,3.1401849173675503e-16,0.5228553393106523,0.5,1.0,spin_boson_02,exchange_rate_03,"{""cutoff_angular_frequency"": 2.0, ""interaction_time"": 6.283185307179586, ""mode_count"": 2, ""temperature_angular_frequency"": 1.0}","{""coupling"": 1.0, ""interaction_time"": 6.283185307179586}"
finite-mode-spin-boson-dephasing,finite-two-level-exchange-relaxation,+i,12.566370614359172,80,18,0.225,3.1401849173675503e-16,0.4625,0.4999999999999998,1.0,spin_boson_00,exchange_rate_01,"{""cutoff_angular_frequency"": 1.0, ""interaction_time"": 12.566370614359172, ""mode_count"": 2, ""temperature_angular_frequency"": 0.5}","{""coupling"": 0.5, ""interaction_time"": 12.566370614359172}"
finite-mode-spin-boson-dephasing,finite-two-level-exchange-relaxation,-,0.0,80,80,1.0,0.0,0.0,0.0,0.0,spin_boson_00,exchange_rate_00,"{""cutoff_angular_frequency"": 1.0, ""interaction_time"": 0.0, ""mode_count"": 2, ""temperature_angular_frequency"": 0.5}","{""coupling"": 0.25, ""interaction_time"": 0.0}"
finite-mode-spin-boson-dephasing,finite-two-level-exchange-relaxation,-,6.283185307179586,80,2,0.025,3.1401849173675503e-16,0.5228553393106523,0.5,1.0,spin_boson_02,exchange_rate_03,"{""cutoff_angular_frequency"": 2.0, ""interaction_time"": 6.283185307179586, ""mode_count"": 2, ""temperature_angular_frequency"": 1.0}","{""coupling"": 1.0, ""interaction_time"": 6.283185307179586}"
finite-mode-spin-boson-dephasing,finite-two-level-exchange-relaxation,-,12.566370614359172,80,18,0.225,3.1401849173675503e-16,0.4625,0.4999999999999998,1.0,spin_boson_00,exchange_rate_01,"{""cutoff_angular_frequency"": 1.0, ""interaction_time"": 12.566370614359172, ""mode_count"": 2, ""temperature_angular_frequency"": 0.5}","{""coupling"": 0.5, ""interaction_time"": 12.566370614359172}"
finite-mode-spin-boson-dephasing,finite-two-level-exchange-relaxation,-i,0.0,80,80,1.0,0.0,0.0,0.0,0.0,spin_boson_00,exchange_rate_00,"{""cutoff_angular_frequency"": 1.0, ""interaction_time"": 0.0, ""mode_count"": 2, ""temperature_angular_frequency"": 0.5}","{""coupling"": 0.25, ""interaction_time"": 0.0}"
finite-mode-spin-boson-dephasing,finite-two-level-exchange-relaxation,-i,6.283185307179586,80,2,0.025,3.1401849173675503e-16,0.5228553393106523,0.5,1.0,spin_boson_02,exchange_rate_03,"{""cutoff_angular_frequency"": 2.0, ""interaction_time"": 6.283185307179586, ""mode_count"": 2, ""temperature_angular_frequency"": 1.0}","{""coupling"": 1.0, ""interaction_time"": 6.283185307179586}"
finite-mode-spin-boson-dephasing,finite-two-level-exchange-relaxation,-i,12.566370614359172,80,18,0.225,3.1401849173675503e-16,0.4625,0.4999999999999998,1.0,spin_boson_00,exchange_rate_01,"{""cutoff_angular_frequency"": 1.0, ""interaction_time"": 12.566370614359172, ""mode_count"": 2, ""temperature_angular_frequency"": 0.5}","{""coupling"": 0.5, ""interaction_time"": 12.566370614359172}"
finite-mode-spin-boson-dephasing,finite-two-level-exchange-relaxation,0,0.0,80,80,1.0,0.0,0.0,0.0,0.0,spin_boson_00,exchange_rate_00,"{""cutoff_angular_frequency"": 1.0, ""interaction_time"": 0.0, ""mode_count"": 2, ""temperature_angular_frequency"": 0.5}","{""coupling"": 0.25, ""interaction_time"": 0.0}"
finite-mode-spin-boson-dephasing,finite-two-level-exchange-relaxation,0,0.15707963267948966,80,80,1.0,0.0,1.734723475976807e-17,0.0,1.1102230246251565e-16,spin_boson_00,exchange_rate_00,"{""cutoff_angular_frequency"": 1.0, ""interaction_time"": 0.15707963267948966, ""mode_count"": 2, ""temperature_angular_frequency"": 0.5}","{""coupling"": 0.25, ""interaction_time"": 0.15707963267948966}"
finite-mode-spin-boson-dephasing,finite-two-level-exchange-relaxation,0,0.3141592653589793,80,80,1.0,0.0,1.3877787807814457e-17,0.0,1.1102230246251565e-16,spin_boson_00,exchange_rate_00,"{""cutoff_angular_frequency"": 1.0, ""interaction_time"": 0.3141592653589793, ""mode_count"": 2, ""temperature_angular_frequency"": 0.5}","{""coupling"": 0.25, ""interaction_time"": 0.3141592653589793}"
finite-mode-spin-boson-dephasing,finite-two-level-exchange-relaxation,0,0.47123889803846897,80,80,1.0,0.0,1.3877787807814457e-17,0.0,1.1102230246251565e-16,spin_boson_00,exchange_rate_00,"{""cutoff_angular_frequency"": 1.0, ""interaction_time"": 0.47123889803846897, ""mode_count"": 2, ""temperature_angular_frequency"": 0.5}","{""coupling"": 0.25, ""interaction_time"": 0.47123889803846897}"
finite-mode-spin-boson-dephasing,finite-two-level-exchange-relaxation,0,0.6283185307179586,80,80,1.0,0.0,2.0816681711721685e-17,0.0,1.1102230246251565e-16,spin_boson_02,exchange_rate_00,"{""cutoff_angular_frequency"": 2.0, ""interaction_time"": 0.6283185307179586, ""mode_count"": 2, ""temperature_angular_frequency"": 1.0}","{""coupling"": 0.25, ""interaction_time"": 0.6283185307179586}"
finite-mode-spin-boson-dephasing,finite-two-level-exchange-relaxation,0,0.7853981633974483,80,80,1.0,0.0,1.734723475976807e-17,0.0,1.1102230246251565e-16,spin_boson_00,exchange_rate_00,"{""cutoff_angular_frequency"": 1.0, ""interaction_time"": 0.7853981633974483, ""mode_count"": 2, ""temperature_angular_frequency"": 0.5}","{""coupling"": 0.25, ""interaction_time"": 0.7853981633974483}"
finite-mode-spin-boson-dephasing,finite-two-level-exchange-relaxation,0,0.9424777960769379,80,80,1.0,0.0,6.938893903907228e-18,0.0,5.551115123125783e-17,spin_boson_00,exchange_rate_00,"{""cutoff_angular_frequency"": 1.0, ""interaction_time"": 0.9424777960769379, ""mode_count"": 2, ""temperature_angular_frequency"": 0.5}","{""coupling"": 0.25, ""interaction_time"": 0.9424777960769379}"
finite-mode-spin-boson-dephasing,finite-two-level-exchange-relaxation,0,1.0995574287564276,80,80,1.0,0.0,6.938893903907228e-18,0.0,5.551115123125783e-17,spin_boson_00,exchange_rate_00,"{""cutoff_angular_frequency"": 1.0, ""interaction_time"": 1.0995574287564276, ""mode_count"": 2, ""temperature_angular_frequency"": 0.5}","{""coupling"": 0.25, ""interaction_time"": 1.0995574287564276}"
finite-mode-spin-boson-dephasing,finite-two-level-exchange-relaxation,0,1.2566370614359172,80,80,1.0,0.0,1.0408340855860843e-17,0.0,5.551115123125783e-17,spin_boson_00,exchange_rate_00,"{""cutoff_angular_frequency"": 1.0, ""interaction_time"": 1.2566370614359172, ""mode_count"": 2, ""temperature_angular_frequency"": 0.5}","{""coupling"": 0.25, ""interaction_time"": 1.2566370614359172}"
finite-mode-spin-boson-dephasing,finite-two-level-exchange-relaxation,0,1.413716694115407,80,80,1.0,0.0,1.734723475976807e-17,0.0,1.1102230246251565e-16,spin_boson_00,exchange_rate_00,"{""cutoff_angular_frequency"": 1.0, ""interaction_time"": 1.413716694115407, ""mode_count"": 2, ""temperature_angular_frequency"": 0.5}","{""coupling"": 0.25, ""interaction_time"": 1.413716694115407}"
finite-mode-spin-boson-dephasing,finite-two-level-exchange-relaxation,0,1.5707963267948966,80,80,1.0,0.0,1.0408340855860843e-17,0.0,1.1102230246251565e-16,spin_boson_00,exchange_rate_00,"{""cutoff_angular_frequency"": 1.0, ""interaction_time"": 1.5707963267948966, ""mode_count"": 2, ""temperature_angular_frequency"": 0.5}","{""coupling"": 0.25, ""interaction_time"": 1.5707963267948966}"
finite-mode-spin-boson-dephasing,finite-two-level-exchange-relaxation,0,1.7278759594743862,80,80,1.0,0.0,3.122502256758253e-17,0.0,1.1102230246251565e-16,spin_boson_00,exchange_rate_00,"{""cutoff_angular_frequency"": 1.0, ""interaction_time"": 1.7278759594743862, ""mode_count"": 2, ""temperature_angular_frequency"": 0.5}","{""coupling"": 0.25, ""interaction_time"": 1.7278759594743862}"
finite-mode-spin-boson-dephasing,finite-two-level-exchange-relaxation,0,1.8849555921538759,80,80,1.0,0.0,1.3877787807814457e-17,0.0,1.1102230246251565e-16,spin_boson_00,exchange_rate_00,"{""cutoff_angular_frequency"": 1.0, ""interaction_time"": 1.8849555921538759, ""mode_count"": 2, ""temperature_angular_frequency"": 0.5}","{""coupling"": 0.25, ""interaction_time"": 1.8849555921538759}"
finite-mode-spin-boson-dephasing,finite-two-level-exchange-relaxation,0,2.0420352248333655,80,80,1.0,0.0,2.0816681711721685e-17,0.0,1.1102230246251565e-16,spin_boson_01,exchange_rate_00,"{""cutoff_angular_frequency"": 1.0, ""interaction_time"": 2.0420352248333655, ""mode_count"": 2, ""temperature_angular_frequency"": 1.0}","{""coupling"": 0.25, ""interaction_time"": 2.0420352248333655}"
finite-mode-spin-boson-dephasing,finite-two-level-exchange-relaxation,0,2.199114857512855,80,80,1.0,0.0,1.3877787807814457e-17,0.0,1.1102230246251565e-16,spin_boson_00,exchange_rate_00,"{""cutoff_angular_frequency"": 1.0, ""interaction_time"": 2.199114857512855, ""mode_count"": 2, ""temperature_angular_frequency"": 0.5}","{""coupling"": 0.25, ""interaction_time"": 2.199114857512855}"
finite-mode-spin-boson-dephasing,finite-two-level-exchange-relaxation,0,2.356194490192345,80,80,1.0,0.0,0.0,0.0,0.0,spin_boson_00,exchange_rate_00,"{""cutoff_angular_frequency"": 1.0, ""interaction_time"": 2.356194490192345, ""mode_count"": 2, ""temperature_angular_frequency"": 0.5}","{""coupling"": 0.25, ""interaction_time"": 2.356194490192345}"
finite-mode-spin-boson-dephasing,finite-two-level-exchange-relaxation,0,2.5132741228718345,80,80,1.0,0.0,2.42861286636753e-17,0.0,1.1102230246251565e-16,spin_boson_01,exchange_rate_00,"{""cutoff_angular_frequency"": 1.0, ""interaction_time"": 2.5132741228718345, ""mode_count"": 2, ""temperature_angular_frequency"": 1.0}","{""coupling"": 0.25, ""interaction_time"": 2.5132741228718345}"
finite-mode-spin-boson-dephasing,finite-two-level-exchange-relaxation,0,2.670353755551324,80,80,1.0,0.0,3.122502256758253e-17,0.0,1.1102230246251565e-16,spin_boson_01,exchange_rate_00,"{""cutoff_angular_frequency"": 1.0, ""interaction_time"": 2.670353755551324, ""mode_count"": 2, ""temperature_angular_frequency"": 1.0}","{""coupling"": 0.25, ""interaction_time"": 2.670353755551324}"
finite-mode-spin-boson-dephasing,finite-two-level-exchange-relaxation,0,2.827433388230814,80,80,1.0,0.0,1.3877787807814457e-17,0.0,1.1102230246251565e-16,spin_boson_01,exchange_rate_00,"{""cutoff_angular_frequency"": 1.0, ""interaction_time"": 2.827433388230814, ""mode_count"": 2, ""temperature_angular_frequency"": 1.0}","{""coupling"": 0.25, ""interaction_time"": 2.827433388230814}"
finite-mode-spin-boson-dephasing,finite-two-level-exchange-relaxation,0,2.9845130209103035,80,80,1.0,0.0,2.7755575615628914e-17,0.0,1.1102230246251565e-16,spin_boson_00,exchange_rate_00,"{""cutoff_angular_frequency"": 1.0, ""interaction_time"": 2.9845130209103035, ""mode_count"": 2, ""temperature_angular_frequency"": 0.5}","{""coupling"": 0.25, ""interaction_time"": 2.9845130209103035}"
finite-mode-spin-boson-dephasing,finite-two-level-exchange-relaxation,0,3.141592653589793,80,80,1.0,0.0,3.122502256758253e-17,0.0,1.1102230246251565e-16,spin_boson_00,exchange_rate_00,"{""cutoff_angular_frequency"": 1.0, ""interaction_time"": 3.141592653589793, ""mode_count"": 2, ""temperature_angular_frequency"": 0.5}","{""coupling"": 0.25, ""interaction_time"": 3.141592653589793}"
finite-mode-spin-boson-dephasing,finite-two-level-exchange-relaxation,0,3.2986722862692828,80,80,1.0,0.0,2.0816681711721685e-17,0.0,1.1102230246251565e-16,spin_boson_00,exchange_rate_00,"{""cutoff_angular_frequency"": 1.0, ""interaction_time"": 3.2986722862692828, ""mode_count"": 2, ""temperature_angular_frequency"": 0.5}","{""coupling"": 0.25, ""interaction_time"": 3.2986722862692828}"
finite-mode-spin-boson-dephasing,finite-two-level-exchange-relaxation,0,3.4557519189487724,80,80,1.0,0.0,1.3877787807814457e-17,0.0,1.1102230246251565e-16,spin_boson_00,exchange_rate_00,"{""cutoff_angular_frequency"": 1.0, ""interaction_time"": 3.4557519189487724, ""mode_count"": 2, ""temperature_angular_frequency"": 0.5}","{""coupling"": 0.25, ""interaction_time"": 3.4557519189487724}"
finite-mode-spin-boson-dephasing,finite-two-level-exchange-relaxation,0,3.612831551628262,80,80,1.0,0.0,2.0816681711721685e-17,0.0,1.1102230246251565e-16,spin_boson_00,exchange_rate_00,"{""cutoff_angular_frequency"": 1.0, ""interaction_time"": 3.612831551628262, ""mode_count"": 2, ""temperature_angular_frequency"": 0.5}","{""coupling"": 0.25, ""interaction_time"": 3.612831551628262}"
finite-mode-spin-boson-dephasing,finite-two-level-exchange-relaxation,0,3.7699111843077517,80,80,1.0,0.0,4.85722573273506e-17,2.7755575615628914e-17,1.1102230246251565e-16,spin_boson_00,exchange_rate_00,"{""cutoff_angular_frequency"": 1.0, ""interaction_time"": 3.7699111843077517, ""mode_count"": 2, ""temperature_angular_frequency"": 0.5}","{""coupling"": 0.25, ""interaction_time"": 3.7699111843077517}"
finite-mode-spin-boson-dephasing,finite-two-level-exchange-relaxation,0,3.9269908169872414,80,80,1.0,0.0,2.7755575615628914e-17,0.0,1.1102230246251565e-16,spin_boson_00,exchange_rate_00,"{""cutoff_angular_frequency"": 1.0, ""interaction_time"": 3.9269908169872414, ""mode_count"": 2, ""temperature_angular_frequency"": 0.5}","{""coupling"": 0.25, ""interaction_time"": 3.9269908169872414}"
finite-mode-spin-boson-dephasing,finite-two-level-exchange-relaxation,0,4.084070449666731,80,80,1.0,0.0,4.163336342344337e-17,0.0,1.1102230246251565e-16,spin_boson_00,exchange_rate_00,"{""cutoff_angular_frequency"": 1.0, ""interaction_time"": 4.084070449666731, ""mode_count"": 2, ""temperature_angular_frequency"": 0.5}","{""coupling"": 0.25, ""interaction_time"": 4.084070449666731}"
finite-mode-spin-boson-dephasing,finite-two-level-exchange-relaxation,0,4.241150082346221,80,80,1.0,0.0,4.163336342344337e-17,0.0,1.1102230246251565e-16,spin_boson_01,exchange_rate_00,"{""cutoff_angular_frequency"": 1.0, ""interaction_time"": 4.241150082346221, ""mode_count"": 2, ""temperature_angular_frequency"": 1.0}","{""coupling"": 0.25, ""interaction_time"": 4.241150082346221}"
finite-mode-spin-boson-dephasing,finite-two-level-exchange-relaxation,0,4.39822971502571,80,80,1.0,0.0,4.163336342344337e-17,0.0,1.1102230246251565e-16,spin_boson_00,exchange_rate_00,"{""cutoff_angular_frequency"": 1.0, ""interaction_time"": 4.39822971502571, ""mode_count"": 2, ""temperature_angular_frequency"": 0.5}","{""coupling"": 0.25, ""interaction_time"": 4.39822971502571}"
finite-mode-spin-boson-dephasing,finite-two-level-exchange-relaxation,0,4.5553093477052,80,80,1.0,0.0,4.85722573273506e-17,0.0,1.1102230246251565e-16,spin_boson_00,exchange_rate_00,"{""cutoff_angular_frequency"": 1.0, ""interaction_time"": 4.5553093477052, ""mode_count"": 2, ""temperature_angular_frequency"": 0.5}","{""coupling"": 0.25, ""interaction_time"": 4.5553093477052}"
finite-mode-spin-boson-dephasing,finite-two-level-exchange-relaxation,0,4.71238898038469,80,80,1.0,0.0,4.85722573273506e-17,0.0,1.1102230246251565e-16,spin_boson_00,exchange_rate_00,"{""cutoff_angular_frequency"": 1.0, ""interaction_time"": 4.71238898038469, ""mode_count"": 2, ""temperature_angular_frequency"": 0.5}","{""coupling"": 0.25, ""interaction_time"": 4.71238898038469}"
finite-mode-spin-boson-dephasing,finite-two-level-exchange-relaxation,0,4.869468613064179,80,80,1.0,0.0,5.204170427930421e-17,2.7755575615628914e-17,1.1102230246251565e-16,spin_boson_00,exchange_rate_00,"{""cutoff_angular_frequency"": 1.0, ""interaction_time"": 4.869468613064179, ""mode_count"": 2, ""temperature_angular_frequency"": 0.5}","{""coupling"": 0.25, ""interaction_time"": 4.869468613064179}"
finite-mode-spin-boson-dephasing,finite-two-level-exchange-relaxation,0,5.026548245743669,80,80,1.0,0.0,4.163336342344337e-17,0.0,1.1102230246251565e-16,spin_boson_00,exchange_rate_00,"{""cutoff_angular_frequency"": 1.0, ""interaction_time"": 5.026548245743669, ""mode_count"": 2, ""temperature_angular_frequency"": 0.5}","{""coupling"": 0.25, ""interaction_time"": 5.026548245743669}"
finite-mode-spin-boson-dephasing,finite-two-level-exchange-relaxation,0,5.183627878423159,80,80,1.0,0.0,4.163336342344337e-17,0.0,1.1102230246251565e-16,spin_boson_00,exchange_rate_00,"{""cutoff_angular_frequency"": 1.0, ""interaction_time"": 5.183627878423159, ""mode_count"": 2, ""temperature_angular_frequency"": 0.5}","{""coupling"": 0.25, ""interaction_time"": 5.183627878423159}"
finite-mode-spin-boson-dephasing,finite-two-level-exchange-relaxation,0,5.340707511102648,80,80,1.0,0.0,3.8163916471489756e-17,0.0,1.1102230246251565e-16,spin_boson_00,exchange_rate_00,"{""cutoff_angular_frequency"": 1.0, ""interaction_time"": 5.340707511102648, ""mode_count"": 2, ""temperature_angular_frequency"": 0.5}","{""coupling"": 0.25, ""interaction_time"": 5.340707511102648}"
finite-mode-spin-boson-dephasing,finite-two-level-exchange-relaxation,0,5.497787143782138,80,80,1.0,0.0,5.204170427930421e-17,2.7755575615628914e-17,1.1102230246251565e-16,spin_boson_00,exchange_rate_00,"{""cutoff_angular_frequency"": 1.0, ""interaction_time"": 5.497787143782138, ""mode_count"": 2, ""temperature_angular_frequency"": 0.5}","{""coupling"": 0.25, ""interaction_time"": 5.497787143782138}"
finite-mode-spin-boson-dephasing,finite-two-level-exchange-relaxation,0,5.654866776461628,80,80,1.0,0.0,3.469446951953614e-17,0.0,1.1102230246251565e-16,spin_boson_00,exchange_rate_00,"{""cutoff_angular_frequency"": 1.0, ""interaction_time"": 5.654866776461628, ""mode_count"": 2, ""temperature_angular_frequency"": 0.5}","{""coupling"": 0.25, ""interaction_time"": 5.654866776461628}"
finite-mode-spin-boson-dephasing,finite-two-level-exchange-relaxation,0,5.811946409141117,80,80,1.0,0.0,3.469446951953614e-17,0.0,1.1102230246251565e-16,spin_boson_00,exchange_rate_00,"{""cutoff_angular_frequency"": 1.0, ""interaction_time"": 5.811946409141117, ""mode_count"": 2, ""temperature_angular_frequency"": 0.5}","{""coupling"": 0.25, ""interaction_time"": 5.811946409141117}"
finite-mode-spin-boson-dephasing,finite-two-level-exchange-relaxation,0,5.969026041820607,80,80,1.0,0.0,3.469446951953614e-17,0.0,1.1102230246251565e-16,spin_boson_00,exchange_rate_00,"{""cutoff_angular_frequency"": 1.0, ""interaction_time"": 5.969026041820607, ""mode_count"": 2, ""temperature_angular_frequency"": 0.5}","{""coupling"": 0.25, ""interaction_time"": 5.969026041820607}"
finite-mode-spin-boson-dephasing,finite-two-level-exchange-relaxation,0,6.126105674500097,80,80,1.0,0.0,3.8163916471489756e-17,0.0,1.1102230246251565e-16,spin_boson_00,exchange_rate_00,"{""cutoff_angular_frequency"": 1.0, ""interaction_time"": 6.126105674500097, ""mode_count"": 2, ""temperature_angular_frequency"": 0.5}","{""coupling"": 0.25, ""interaction_time"": 6.126105674500097}"
finite-mode-spin-boson-dephasing,finite-two-level-exchange-relaxation,0,6.283185307179586,80,80,1.0,0.0,4.85722573273506e-17,0.0,1.1102230246251565e-16,spin_boson_01,exchange_rate_00,"{""cutoff_angular_frequency"": 1.0, ""interaction_time"": 6.283185307179586, ""mode_count"": 2, ""temperature_angular_frequency"": 1.0}","{""coupling"": 0.25, ""interaction_time"": 6.283185307179586}"
finite-mode-spin-boson-dephasing,finite-two-level-exchange-relaxation,0,6.440264939859076,80,80,1.0,0.0,4.163336342344337e-17,0.0,1.1102230246251565e-16,spin_boson_00,exchange_rate_00,"{""cutoff_angular_frequency"": 1.0, ""interaction_time"": 6.440264939859076, ""mode_count"": 2, ""temperature_angular_frequency"": 0.5}","{""coupling"": 0.25, ""interaction_time"": 6.440264939859076}"
finite-mode-spin-boson-dephasing,finite-two-level-exchange-relaxation,0,6.5973445725385655,80,80,1.0,0.0,6.245004513516506e-17,1.1102230246251565e-16,1.1102230246251565e-16,spin_boson_00,exchange_rate_00,"{""cutoff_angular_frequency"": 1.0, ""interaction_time"": 6.5973445725385655, ""mode_count"": 2, ""temperature_angular_frequency"": 0.5}","{""coupling"": 0.25, ""interaction_time"": 6.5973445725385655}"
finite-mode-spin-boson-dephasing,finite-two-level-exchange-relaxation,0,6.754424205218055,80,80,1.0,0.0,4.85722573273506e-17,0.0,1.1102230246251565e-16,spin_boson_00,exchange_rate_00,"{""cutoff_angular_frequency"": 1.0, ""interaction_time"": 6.754424205218055, ""mode_count"": 2, ""temperature_angular_frequency"": 0.5}","{""coupling"": 0.25, ""interaction_time"": 6.754424205218055}"
finite-mode-spin-boson-dephasing,finite-two-level-exchange-relaxation,0,6.911503837897545,80,80,1.0,0.0,5.898059818321144e-17,8.326672684688674e-17,1.1102230246251565e-16,spin_boson_00,exchange_rate_00,"{""cutoff_angular_frequency"": 1.0, ""interaction_time"": 6.911503837897545, ""mode_count"": 2, ""temperature_angular_frequency"": 0.5}","{""coupling"": 0.25, ""interaction_time"": 6.911503837897545}"
finite-mode-spin-boson-dephasing,finite-two-level-exchange-relaxation,0,7.0685834705770345,80,80,1.0,0.0,5.551115123125783e-17,5.551115123125783e-17,1.1102230246251565e-16,spin_boson_00,exchange_rate_00,"{""cutoff_angular_frequency"": 1.0, ""interaction_time"": 7.0685834705770345, ""mode_count"": 2, ""temperature_angular_frequency"": 0.5}","{""coupling"": 0.25, ""interaction_time"": 7.0685834705770345}"
finite-mode-spin-boson-dephasing,finite-two-level-exchange-relaxation,0,7.225663103256524,80,80,1.0,0.0,7.28583859910259e-17,1.1102230246251565e-16,1.1102230246251565e-16,spin_boson_00,exchange_rate_00,"{""cutoff_angular_frequency"": 1.0, ""interaction_time"": 7.225663103256524, ""mode_count"": 2, ""temperature_angular_frequency"": 0.5}","{""coupling"": 0.25, ""interaction_time"": 7.225663103256524}"
finite-mode-spin-boson-dephasing,finite-two-level-exchange-relaxation,0,7.382742735936014,80,80,1.0,0.0,6.245004513516506e-17,1.1102230246251565e-16,1.1102230246251565e-16,spin_boson_00,exchange_rate_00,"{""cutoff_angular_frequency"": 1.0, ""interaction_time"": 7.382742735936014, ""mode_count"": 2, ""temperature_angular_frequency"": 0.5}","{""coupling"": 0.25, ""interaction_time"": 7.382742735936014}"
finite-mode-spin-boson-dephasing,finite-two-level-exchange-relaxation,0,7.5398223686155035,80,80,1.0,0.0,6.245004513516506e-17,1.1102230246251565e-16,1.1102230246251565e-16,spin_boson_00,exchange_rate_00,"{""cutoff_angular_frequency"": 1.0, ""interaction_time"": 7.5398223686155035, ""mode_count"": 2, ""temperature_angular_frequency"": 0.5}","{""coupling"": 0.25, ""interaction_time"": 7.5398223686155035}"
finite-mode-spin-boson-dephasing,finite-two-level-exchange-relaxation,0,7.696902001294993,80,80,1.0,0.0,7.632783294297951e-17,1.1102230246251565e-16,1.1102230246251565e-16,spin_boson_00,exchange_rate_00,"{""cutoff_angular_frequency"": 1.0, ""interaction_time"": 7.696902001294993, ""mode_count"": 2, ""temperature_angular_frequency"": 0.5}","{""coupling"": 0.25, ""interaction_time"": 7.696902001294993}"
finite-mode-spin-boson-dephasing,finite-two-level-exchange-relaxation,0,7.853981633974483,80,80,1.0,0.0,6.245004513516506e-17,1.1102230246251565e-16,1.1102230246251565e-16,spin_boson_00,exchange_rate_00,"{""cutoff_angular_frequency"": 1.0, ""interaction_time"": 7.853981633974483, ""mode_count"": 2, ""temperature_angular_frequency"": 0.5}","{""coupling"": 0.25, ""interaction_time"": 7.853981633974483}"
finite-mode-spin-boson-dephasing,finite-two-level-exchange-relaxation,0,8.011061266653972,80,80,1.0,0.0,6.938893903907228e-17,1.1102230246251565e-16,1.1102230246251565e-16,spin_boson_00,exchange_rate_00,"{""cutoff_angular_frequency"": 1.0, ""interaction_time"": 8.011061266653972, ""mode_count"": 2, ""temperature_angular_frequency"": 0.5}","{""coupling"": 0.25, ""interaction_time"": 8.011061266653972}"
finite-mode-spin-boson-dephasing,finite-two-level-exchange-relaxation,0,8.168140899333462,80,80,1.0,0.0,6.245004513516506e-17,1.1102230246251565e-16,1.1102230246251565e-16,spin_boson_00,exchange_rate_00,"{""cutoff_angular_frequency"": 1.0, ""interaction_time"": 8.168140899333462, ""mode_count"": 2, ""temperature_angular_frequency"": 0.5}","{""coupling"": 0.25, ""interaction_time"": 8.168140899333462}"
finite-mode-spin-boson-dephasing,finite-two-level-exchange-relaxation,0,8.325220532012953,80,80,1.0,0.0,6.938893903907228e-17,1.1102230246251565e-16,1.1102230246251565e-16,spin_boson_01,exchange_rate_00,"{""cutoff_angular_frequency"": 1.0, ""interaction_time"": 8.325220532012953, ""mode_count"": 2, ""temperature_angular_frequency"": 1.0}","{""coupling"": 0.25, ""interaction_time"": 8.325220532012953}"
finite-mode-spin-boson-dephasing,finite-two-level-exchange-relaxation,0,8.482300164692441,80,80,1.0,0.0,6.245004513516506e-17,1.1102230246251565e-16,1.1102230246251565e-16,spin_boson_00,exchange_rate_00,"{""cutoff_angular_frequency"": 1.0, ""interaction_time"": 8.482300164692441, ""mode_count"": 2, ""temperature_angular_frequency"": 0.5}","{""coupling"": 0.25, ""interaction_time"": 8.482300164692441}"
finite-mode-spin-boson-dephasing,finite-two-level-exchange-relaxation,0,8.63937979737193,80,80,1.0,0.0,6.245004513516506e-17,1.1102230246251565e-16,1.1102230246251565e-16,spin_boson_00,exchange_rate_00,"{""cutoff_angular_frequency"": 1.0, ""interaction_time"": 8.63937979737193, ""mode_count"": 2, ""temperature_angular_frequency"": 0.5}","{""coupling"": 0.25, ""interaction_time"": 8.63937979737193}"
finite-mode-spin-boson-dephasing,finite-two-level-exchange-relaxation,0,8.79645943005142,80,80,1.0,0.0,7.979727989493313e-17,1.1102230246251565e-16,1.1102230246251565e-16,spin_boson_00,exchange_rate_00,"{""cutoff_angular_frequency"": 1.0, ""interaction_time"": 8.79645943005142, ""mode_count"": 2, ""temperature_angular_frequency"": 0.5}","{""coupling"": 0.25, ""interaction_time"": 8.79645943005142}"
finite-mode-spin-boson-dephasing,finite-two-level-exchange-relaxation,0,8.953539062730911,80,80,1.0,0.0,6.245004513516506e-17,1.1102230246251565e-16,1.1102230246251565e-16,spin_boson_00,exchange_rate_00,"{""cutoff_angular_frequency"": 1.0, ""interaction_time"": 8.953539062730911, ""mode_count"": 2, ""temperature_angular_frequency"": 0.5}","{""coupling"": 0.25, ""interaction_time"": 8.953539062730911}"
finite-mode-spin-boson-dephasing,finite-two-level-exchange-relaxation,0,9.1106186954104,80,80,1.0,0.0,6.245004513516506e-17,1.1102230246251565e-16,1.1102230246251565e-16,spin_boson_00,exchange_rate_00,"{""cutoff_angular_frequency"": 1.0, ""interaction_time"": 9.1106186954104, ""mode_count"": 2, ""temperature_angular_frequency"": 0.5}","{""coupling"": 0.25, ""interaction_time"": 9.1106186954104}"
finite-mode-spin-boson-dephasing,finite-two-level-exchange-relaxation,0,9.267698328089889,80,80,1.0,0.0,7.632783294297951e-17,1.1102230246251565e-16,1.1102230246251565e-16,spin_boson_00,exchange_rate_00,"{""cutoff_angular_frequency"": 1.0, ""interaction_time"": 9.267698328089889, ""mode_count"": 2, ""temperature_angular_frequency"": 0.5}","{""coupling"": 0.25, ""interaction_time"": 9.267698328089889}"
finite-mode-spin-boson-dephasing,finite-two-level-exchange-relaxation,0,9.42477796076938,80,80,1.0,0.0,8.326672684688674e-17,1.1102230246251565e-16,1.1102230246251565e-16,spin_boson_00,exchange_rate_00,"{""cutoff_angular_frequency"": 1.0, ""interaction_time"": 9.42477796076938, ""mode_count"": 2, ""temperature_angular_frequency"": 0.5}","{""coupling"": 0.25, ""interaction_time"": 9.42477796076938}"
finite-mode-spin-boson-dephasing,finite-two-level-exchange-relaxation,0,9.58185759344887,80,80,1.0,0.0,7.979727989493313e-17,1.1102230246251565e-16,1.1102230246251565e-16,spin_boson_00,exchange_rate_00,"{""cutoff_angular_frequency"": 1.0, ""interaction_time"": 9.58185759344887, ""mode_count"": 2, ""temperature_angular_frequency"": 0.5}","{""coupling"": 0.25, ""interaction_time"": 9.58185759344887}"
finite-mode-spin-boson-dephasing,finite-two-level-exchange-relaxation,0,9.738937226128359,80,80,1.0,0.0,6.591949208711867e-17,1.1102230246251565e-16,1.1102230246251565e-16,spin_boson_01,exchange_rate_00,"{""cutoff_angular_frequency"": 1.0, ""interaction_time"": 9.738937226128359, ""mode_count"": 2, ""temperature_angular_frequency"": 1.0}","{""coupling"": 0.25, ""interaction_time"": 9.738937226128359}"
finite-mode-spin-boson-dephasing,finite-two-level-exchange-relaxation,0,9.896016858807847,80,80,1.0,0.0,7.632783294297951e-17,1.1102230246251565e-16,1.1102230246251565e-16,spin_boson_01,exchange_rate_00,"{""cutoff_angular_frequency"": 1.0, ""interaction_time"": 9.896016858807847, ""mode_count"": 2, ""temperature_angular_frequency"": 1.0}","{""coupling"": 0.25, ""interaction_time"": 9.896016858807847}"
finite-mode-spin-boson-dephasing,finite-two-level-exchange-relaxation,0,10.053096491487338,80,80,1.0,0.0,6.938893903907228e-17,1.1102230246251565e-16,1.1102230246251565e-16,spin_boson_01,exchange_rate_00,"{""cutoff_angular_frequency"": 1.0, ""interaction_time"": 10.053096491487338, ""mode_count"": 2, ""temperature_angular_frequency"": 1.0}","{""coupling"": 0.25, ""interaction_time"": 10.053096491487338}"
finite-mode-spin-boson-dephasing,finite-two-level-exchange-relaxation,0,10.210176124166829,80,80,1.0,0.0,6.245004513516506e-17,1.1102230246251565e-16,1.1102230246251565e-16,spin_boson_00,exchange_rate_00,"{""cutoff_angular_frequency"": 1.0, ""interaction_time"": 10.210176124166829, ""mode_count"": 2, ""temperature_angular_frequency"": 0.5}","{""coupling"": 0.25, ""interaction_time"": 10.210176124166829}"
finite-mode-spin-boson-dephasing,finite-two-level-exchange-relaxation,0,10.367255756846317,80,80,1.0,0.0,6.591949208711867e-17,1.1102230246251565e-16,1.1102230246251565e-16,spin_boson_00,exchange_rate_00,"{""cutoff_angular_frequency"": 1.0, ""interaction_time"": 10.367255756846317, ""mode_count"": 2, ""temperature_angular_frequency"": 0.5}","{""coupling"": 0.25, ""interaction_time"": 10.367255756846317}"
finite-mode-spin-boson-dephasing,finite-two-level-exchange-relaxation,0,10.524335389525806,80,80,1.0,0.0,7.632783294297951e-17,1.1102230246251565e-16,1.1102230246251565e-16,spin_boson_01,exchange_rate_00,"{""cutoff_angular_frequency"": 1.0, ""interaction_time"": 10.524335389525806, ""mode_count"": 2, ""temperature_angular_frequency"": 1.0}","{""coupling"": 0.25, ""interaction_time"": 10.524335389525806}"
finite-mode-spin-boson-dephasing,finite-two-level-exchange-relaxation,0,10.681415022205297,80,80,1.0,0.0,6.245004513516506e-17,1.1102230246251565e-16,1.1102230246251565e-16,spin_boson_00,exchange_rate_00,"{""cutoff_angular_frequency"": 1.0, ""interaction_time"": 10.681415022205297, ""mode_count"": 2, ""temperature_angular_frequency"": 0.5}","{""coupling"": 0.25, ""interaction_time"": 10.681415022205297}"
finite-mode-spin-boson-dephasing,finite-two-level-exchange-relaxation,0,10.838494654884787,80,80,1.0,0.0,6.938893903907228e-17,1.1102230246251565e-16,1.1102230246251565e-16,spin_boson_00,exchange_rate_00,"{""cutoff_angular_frequency"": 1.0, ""interaction_time"": 10.838494654884787, ""mode_count"": 2, ""temperature_angular_frequency"": 0.5}","{""coupling"": 0.25, ""interaction_time"": 10.838494654884787}"
finite-mode-spin-boson-dephasing,finite-two-level-exchange-relaxation,0,10.995574287564276,80,80,1.0,0.0,6.938893903907228e-17,1.1102230246251565e-16,1.1102230246251565e-16,spin_boson_00,exchange_rate_00,"{""cutoff_angular_frequency"": 1.0, ""interaction_time"": 10.995574287564276, ""mode_count"": 2, ""temperature_angular_frequency"": 0.5}","{""coupling"": 0.25, ""interaction_time"": 10.995574287564276}"
finite-mode-spin-boson-dephasing,finite-two-level-exchange-relaxation,0,11.152653920243765,80,80,1.0,0.0,7.979727989493313e-17,1.1102230246251565e-16,1.1102230246251565e-16,spin_boson_01,exchange_rate_00,"{""cutoff_angular_frequency"": 1.0, ""interaction_time"": 11.152653920243765, ""mode_count"": 2, ""temperature_angular_frequency"": 1.0}","{""coupling"": 0.25, ""interaction_time"": 11.152653920243765}"
finite-mode-spin-boson-dephasing,finite-two-level-exchange-relaxation,0,11.309733552923255,80,80,1.0,0.0,6.245004513516506e-17,1.1102230246251565e-16,1.1102230246251565e-16,spin_boson_00,exchange_rate_00,"{""cutoff_angular_frequency"": 1.0, ""interaction_time"": 11.309733552923255, ""mode_count"": 2, ""temperature_angular_frequency"": 0.5}","{""coupling"": 0.25, ""interaction_time"": 11.309733552923255}"
finite-mode-spin-boson-dephasing,finite-two-level-exchange-relaxation,0,11.466813185602746,80,80,1.0,0.0,6.591949208711867e-17,1.1102230246251565e-16,1.1102230246251565e-16,spin_boson_00,exchange_rate_00,"{""cutoff_angular_frequency"": 1.0, ""interaction_time"": 11.466813185602746, ""mode_count"": 2, ""temperature_angular_frequency"": 0.5}","{""coupling"": 0.25, ""interaction_time"": 11.466813185602746}"
finite-mode-spin-boson-dephasing,finite-two-level-exchange-relaxation,0,11.623892818282235,80,80,1.0,0.0,6.591949208711867e-17,1.1102230246251565e-16,1.1102230246251565e-16,spin_boson_00,exchange_rate_00,"{""cutoff_angular_frequency"": 1.0, ""interaction_time"": 11.623892818282235, ""mode_count"": 2, ""temperature_angular_frequency"": 0.5}","{""coupling"": 0.25, ""interaction_time"": 11.623892818282235}"
finite-mode-spin-boson-dephasing,finite-two-level-exchange-relaxation,0,11.780972450961723,80,80,1.0,0.0,6.591949208711867e-17,1.1102230246251565e-16,1.1102230246251565e-16,spin_boson_00,exchange_rate_00,"{""cutoff_angular_frequency"": 1.0, ""interaction_time"": 11.780972450961723, ""mode_count"": 2, ""temperature_angular_frequency"": 0.5}","{""coupling"": 0.25, ""interaction_time"": 11.780972450961723}"
finite-mode-spin-boson-dephasing,finite-two-level-exchange-relaxation,0,11.938052083641214,80,80,1.0,0.0,6.245004513516506e-17,1.1102230246251565e-16,1.1102230246251565e-16,spin_boson_00,exchange_rate_00,"{""cutoff_angular_frequency"": 1.0, ""interaction_time"": 11.938052083641214, ""mode_count"": 2, ""temperature_angular_frequency"": 0.5}","{""coupling"": 0.25, ""interaction_time"": 11.938052083641214}"
finite-mode-spin-boson-dephasing,finite-two-level-exchange-relaxation,0,12.095131716320704,80,80,1.0,0.0,6.938893903907228e-17,1.1102230246251565e-16,1.1102230246251565e-16,spin_boson_02,exchange_rate_00,"{""cutoff_angular_frequency"": 2.0, ""interaction_time"": 12.095131716320704, ""mode_count"": 2, ""temperature_angular_frequency"": 1.0}","{""coupling"": 0.25, ""interaction_time"": 12.095131716320704}"
finite-mode-spin-boson-dephasing,finite-two-level-exchange-relaxation,0,12.252211349000193,80,80,1.0,0.0,6.938893903907228e-17,1.1102230246251565e-16,1.1102230246251565e-16,spin_boson_00,exchange_rate_00,"{""cutoff_angular_frequency"": 1.0, ""interaction_time"": 12.252211349000193, ""mode_count"": 2, ""temperature_angular_frequency"": 0.5}","{""coupling"": 0.25, ""interaction_time"": 12.252211349000193}"
finite-mode-spin-boson-dephasing,finite-two-level-exchange-relaxation,0,12.409290981679682,80,80,1.0,0.0,6.591949208711867e-17,1.1102230246251565e-16,1.1102230246251565e-16,spin_boson_00,exchange_rate_00,"{""cutoff_angular_frequency"": 1.0, ""interaction_time"": 12.409290981679682, ""mode_count"": 2, ""temperature_angular_frequency"": 0.5}","{""coupling"": 0.25, ""interaction_time"": 12.409290981679682}"
finite-mode-spin-boson-dephasing,finite-two-level-exchange-relaxation,0,12.566370614359172,80,80,1.0,0.0,6.245004513516506e-17,1.1102230246251565e-16,1.1102230246251565e-16,spin_boson_00,exchange_rate_00,"{""cutoff_angular_frequency"": 1.0, ""interaction_time"": 12.566370614359172, ""mode_count"": 2, ""temperature_angular_frequency"": 0.5}","{""coupling"": 0.25, ""interaction_time"": 12.566370614359172}"
finite-mode-spin-boson-dephasing,finite-two-level-exchange-relaxation,1,0.0,80,80,1.0,0.0,0.0,0.0,0.0,spin_boson_00,exchange_rate_00,"{""cutoff_angular_frequency"": 1.0, ""interaction_time"": 0.0, ""mode_count"": 2, ""temperature_angular_frequency"": 0.5}","{""coupling"": 0.25, ""interaction_time"": 0.0}"
finite-mode-spin-boson-dephasing,finite-two-level-exchange-relaxation,1,3.141592653589793,80,16,0.2,1.6653345369377348e-16,0.6000000000000001,0.5000000000000002,1.0000000000000004,spin_boson_03,exchange_rate_03,"{""cutoff_angular_frequency"": 2.0, ""interaction_time"": 3.141592653589793, ""mode_count"": 2, ""temperature_angular_frequency"": 2.0}","{""coupling"": 1.0, ""interaction_time"": 3.141592653589793}"
finite-mode-spin-boson-dephasing,finite-two-level-exchange-relaxation,1,6.283185307179586,80,48,0.6,1.1102230246251565e-16,0.40000000000000036,4.440892098500626e-16,1.0000000000000004,spin_boson_00,exchange_rate_01,"{""cutoff_angular_frequency"": 1.0, ""interaction_time"": 6.283185307179586, ""mode_count"": 2, ""temperature_angular_frequency"": 0.5}","{""coupling"": 0.5, ""interaction_time"": 6.283185307179586}"
finite-mode-spin-boson-dephasing,finite-two-level-exchange-relaxation,1,9.42477796076938,80,16,0.2,3.3306690738754696e-16,0.6000000000000002,0.5000000000000002,1.0000000000000004,spin_boson_02,exchange_rate_03,"{""cutoff_angular_frequency"": 2.0, ""interaction_time"": 9.42477796076938, ""mode_count"": 2, ""temperature_angular_frequency"": 1.0}","{""coupling"": 1.0, ""interaction_time"": 9.42477796076938}"
finite-mode-spin-boson-dephasing,finite-two-level-exchange-relaxation,1,12.566370614359172,80,80,1.0,2.220446049250313e-16,5.898059818321144e-16,5.551115123125783e-16,9.992007221626409e-16,spin_boson_00,exchange_rate_00,"{""cutoff_angular_frequency"": 1.0, ""interaction_time"": 12.566370614359172, ""mode_count"": 2, ""temperature_angular_frequency"": 0.5}","{""coupling"": 0.25, ""interaction_time"": 12.566370614359172}"
finite-mode-spin-boson-dephasing,finite-two-level-exchange-relaxation,cube_mmm,0.0,80,80,1.0,0.0,0.0,0.0,0.0,spin_boson_00,exchange_rate_00,"{""cutoff_angular_frequency"": 1.0, ""interaction_time"": 0.0, ""mode_count"": 2, ""temperature_angular_frequency"": 0.5}","{""coupling"": 0.25, ""interaction_time"": 0.0}"
finite-mode-spin-boson-dephasing,finite-two-level-exchange-relaxation,cube_mmm,6.283185307179586,80,2,0.025,3.6821932062951477e-16,0.5755951705521607,0.4082482924841009,0.8880738339771156,spin_boson_02,exchange_rate_03,"{""cutoff_angular_frequency"": 2.0, ""interaction_time"": 6.283185307179586, ""mode_count"": 2, ""temperature_angular_frequency"": 1.0}","{""coupling"": 1.0, ""interaction_time"": 6.283185307179586}"
finite-mode-spin-boson-dephasing,finite-two-level-exchange-relaxation,cube_mmm,12.566370614359172,80,18,0.225,3.6821932062951477e-16,0.3776296686790735,0.408248290463863,0.8164965809277263,spin_boson_00,exchange_rate_01,"{""cutoff_angular_frequency"": 1.0, ""interaction_time"": 12.566370614359172, ""mode_count"": 2, ""temperature_angular_frequency"": 0.5}","{""coupling"": 0.5, ""interaction_time"": 12.566370614359172}"
finite-mode-spin-boson-dephasing,finite-two-level-exchange-relaxation,cube_mmp,0.0,80,80,1.0,0.0,0.0,0.0,0.0,spin_boson_00,exchange_rate_00,"{""cutoff_angular_frequency"": 1.0, ""interaction_time"": 0.0, ""mode_count"": 2, ""temperature_angular_frequency"": 0.5}","{""coupling"": 0.25, ""interaction_time"": 0.0}"
finite-mode-spin-boson-dephasing,finite-two-level-exchange-relaxation,cube_mmp,6.283185307179586,80,2,0.025,1.9229626863835638e-16,0.352103926805985,0.4082482904638629,0.8164965809277263,spin_boson_02,exchange_rate_03,"{""cutoff_angular_frequency"": 2.0, ""interaction_time"": 6.283185307179586, ""mode_count"": 2, ""temperature_angular_frequency"": 1.0}","{""coupling"": 1.0, ""interaction_time"": 6.283185307179586}"
finite-mode-spin-boson-dephasing,finite-two-level-exchange-relaxation,cube_mmp,12.566370614359172,80,18,0.225,1.9229626863835638e-16,0.3776296686790734,0.408248290463863,0.8164965809277263,spin_boson_00,exchange_rate_01,"{""cutoff_angular_frequency"": 1.0, ""interaction_time"": 12.566370614359172, ""mode_count"": 2, ""temperature_angular_frequency"": 0.5}","{""coupling"": 0.5, ""interaction_time"": 12.566370614359172}"
finite-mode-spin-boson-dephasing,finite-two-level-exchange-relaxation,cube_mpm,0.0,80,80,1.0,0.0,0.0,0.0,0.0,spin_boson_00,exchange_rate_00,"{""cutoff_angular_frequency"": 1.0, ""interaction_time"": 0.0, ""mode_count"": 2, ""temperature_angular_frequency"": 0.5}","{""coupling"": 0.25, ""interaction_time"": 0.0}"
finite-mode-spin-boson-dephasing,finite-two-level-exchange-relaxation,cube_mpm,6.283185307179586,80,2,0.025,3.6821932062951477e-16,0.5755951705521607,0.4082482924841009,0.8880738339771156,spin_boson_02,exchange_rate_03,"{""cutoff_angular_frequency"": 2.0, ""interaction_time"": 6.283185307179586, ""mode_count"": 2, ""temperature_angular_frequency"": 1.0}","{""coupling"": 1.0, ""interaction_time"": 6.283185307179586}"
finite-mode-spin-boson-dephasing,finite-two-level-exchange-relaxation,cube_mpm,12.566370614359172,80,18,0.225,3.6821932062951477e-16,0.3776296686790735,0.408248290463863,0.8164965809277263,spin_boson_00,exchange_rate_01,"{""cutoff_angular_frequency"": 1.0, ""interaction_time"": 12.566370614359172, ""mode_count"": 2, ""temperature_angular_frequency"": 0.5}","{""coupling"": 0.5, ""interaction_time"": 12.566370614359172}"
finite-mode-spin-boson-dephasing,finite-two-level-exchange-relaxation,cube_mpp,0.0,80,80,1.0,0.0,0.0,0.0,0.0,spin_boson_00,exchange_rate_00,"{""cutoff_angular_frequency"": 1.0, ""interaction_time"": 0.0, ""mode_count"": 2, ""temperature_angular_frequency"": 0.5}","{""coupling"": 0.25, ""interaction_time"": 0.0}"
finite-mode-spin-boson-dephasing,finite-two-level-exchange-relaxation,cube_mpp,6.283185307179586,80,2,0.025,1.9229626863835638e-16,0.352103926805985,0.4082482904638629,0.8164965809277263,spin_boson_02,exchange_rate_03,"{""cutoff_angular_frequency"": 2.0, ""interaction_time"": 6.283185307179586, ""mode_count"": 2, ""temperature_angular_frequency"": 1.0}","{""coupling"": 1.0, ""interaction_time"": 6.283185307179586}"
finite-mode-spin-boson-dephasing,finite-two-level-exchange-relaxation,cube_mpp,12.566370614359172,80,18,0.225,1.9229626863835638e-16,0.3776296686790734,0.408248290463863,0.8164965809277263,spin_boson_00,exchange_rate_01,"{""cutoff_angular_frequency"": 1.0, ""interaction_time"": 12.566370614359172, ""mode_count"": 2, ""temperature_angular_frequency"": 0.5}","{""coupling"": 0.5, ""interaction_time"": 12.566370614359172}"
finite-mode-spin-boson-dephasing,finite-two-level-exchange-relaxation,cube_pmm,0.0,80,80,1.0,0.0,0.0,0.0,0.0,spin_boson_00,exchange_rate_00,"{""cutoff_angular_frequency"": 1.0, ""interaction_time"": 0.0, ""mode_count"": 2, ""temperature_angular_frequency"": 0.5}","{""coupling"": 0.25, ""interaction_time"": 0.0}"
finite-mode-spin-boson-dephasing,finite-two-level-exchange-relaxation,cube_pmm,6.283185307179586,80,2,0.025,3.6821932062951477e-16,0.5755951705521607,0.4082482924841009,0.8880738339771156,spin_boson_02,exchange_rate_03,"{""cutoff_angular_frequency"": 2.0, ""interaction_time"": 6.283185307179586, ""mode_count"": 2, ""temperature_angular_frequency"": 1.0}","{""coupling"": 1.0, ""interaction_time"": 6.283185307179586}"
finite-mode-spin-boson-dephasing,finite-two-level-exchange-relaxation,cube_pmm,12.566370614359172,80,18,0.225,3.6821932062951477e-16,0.3776296686790735,0.408248290463863,0.8164965809277263,spin_boson_00,exchange_rate_01,"{""cutoff_angular_frequency"": 1.0, ""interaction_time"": 12.566370614359172, ""mode_count"": 2, ""temperature_angular_frequency"": 0.5}","{""coupling"": 0.5, ""interaction_time"": 12.566370614359172}"
finite-mode-spin-boson-dephasing,finite-two-level-exchange-relaxation,cube_pmp,0.0,80,80,1.0,0.0,0.0,0.0,0.0,spin_boson_00,exchange_rate_00,"{""cutoff_angular_frequency"": 1.0, ""interaction_time"": 0.0, ""mode_count"": 2, ""temperature_angular_frequency"": 0.5}","{""coupling"": 0.25, ""interaction_time"": 0.0}"
finite-mode-spin-boson-dephasing,finite-two-level-exchange-relaxation,cube_pmp,6.283185307179586,80,2,0.025,1.9229626863835638e-16,0.352103926805985,0.4082482904638629,0.8164965809277263,spin_boson_02,exchange_rate_03,"{""cutoff_angular_frequency"": 2.0, ""interaction_time"": 6.283185307179586, ""mode_count"": 2, ""temperature_angular_frequency"": 1.0}","{""coupling"": 1.0, ""interaction_time"": 6.283185307179586}"
finite-mode-spin-boson-dephasing,finite-two-level-exchange-relaxation,cube_pmp,12.566370614359172,80,18,0.225,1.9229626863835638e-16,0.3776296686790734,0.408248290463863,0.8164965809277263,spin_boson_00,exchange_rate_01,"{""cutoff_angular_frequency"": 1.0, ""interaction_time"": 12.566370614359172, ""mode_count"": 2, ""temperature_angular_frequency"": 0.5}","{""coupling"": 0.5, ""interaction_time"": 12.566370614359172}"
finite-mode-spin-boson-dephasing,finite-two-level-exchange-relaxation,cube_ppm,0.0,80,80,1.0,0.0,0.0,0.0,0.0,spin_boson_00,exchange_rate_00,"{""cutoff_angular_frequency"": 1.0, ""interaction_time"": 0.0, ""mode_count"": 2, ""temperature_angular_frequency"": 0.5}","{""coupling"": 0.25, ""interaction_time"": 0.0}"
finite-mode-spin-boson-dephasing,finite-two-level-exchange-relaxation,cube_ppm,6.283185307179586,80,2,0.025,3.6821932062951477e-16,0.5755951705521607,0.4082482924841009,0.8880738339771156,spin_boson_02,exchange_rate_03,"{""cutoff_angular_frequency"": 2.0, ""interaction_time"": 6.283185307179586, ""mode_count"": 2, ""temperature_angular_frequency"": 1.0}","{""coupling"": 1.0, ""interaction_time"": 6.283185307179586}"
finite-mode-spin-boson-dephasing,finite-two-level-exchange-relaxation,cube_ppm,12.566370614359172,80,18,0.225,3.6821932062951477e-16,0.3776296686790735,0.408248290463863,0.8164965809277263,spin_boson_00,exchange_rate_01,"{""cutoff_angular_frequency"": 1.0, ""interaction_time"": 12.566370614359172, ""mode_count"": 2, ""temperature_angular_frequency"": 0.5}","{""coupling"": 0.5, ""interaction_time"": 12.566370614359172}"
finite-mode-spin-boson-dephasing,finite-two-level-exchange-relaxation,cube_ppp,0.0,80,80,1.0,0.0,0.0,0.0,0.0,spin_boson_00,exchange_rate_00,"{""cutoff_angular_frequency"": 1.0, ""interaction_time"": 0.0, ""mode_count"": 2, ""temperature_angular_frequency"": 0.5}","{""coupling"": 0.25, ""interaction_time"": 0.0}"
finite-mode-spin-boson-dephasing,finite-two-level-exchange-relaxation,cube_ppp,6.283185307179586,80,2,0.025,1.9229626863835638e-16,0.352103926805985,0.4082482904638629,0.8164965809277263,spin_boson_02,exchange_rate_03,"{""cutoff_angular_frequency"": 2.0, ""interaction_time"": 6.283185307179586, ""mode_count"": 2, ""temperature_angular_frequency"": 1.0}","{""coupling"": 1.0, ""interaction_time"": 6.283185307179586}"
finite-mode-spin-boson-dephasing,finite-two-level-exchange-relaxation,cube_ppp,12.566370614359172,80,18,0.225,1.9229626863835638e-16,0.3776296686790734,0.408248290463863,0.8164965809277263,spin_boson_00,exchange_rate_01,"{""cutoff_angular_frequency"": 1.0, ""interaction_time"": 12.566370614359172, ""mode_count"": 2, ""temperature_angular_frequency"": 0.5}","{""coupling"": 0.5, ""interaction_time"": 12.566370614359172}"
finite-mode-spin-boson-dephasing,markovian-photon-reservoir-decay,+,0.0,80,80,1.0,0.0,0.0,0.0,0.0,spin_boson_00,photon_decay_00,"{""cutoff_angular_frequency"": 1.0, ""interaction_time"": 0.0, ""mode_count"": 2, ""temperature_angular_frequency"": 0.5}","{""decay_rate"": 0.05, ""interaction_time"": 0.0}"
finite-mode-spin-boson-dephasing,markovian-photon-reservoir-decay,+i,0.0,80,80,1.0,0.0,0.0,0.0,0.0,spin_boson_00,photon_decay_00,"{""cutoff_angular_frequency"": 1.0, ""interaction_time"": 0.0, ""mode_count"": 2, ""temperature_angular_frequency"": 0.5}","{""decay_rate"": 0.05, ""interaction_time"": 0.0}"
finite-mode-spin-boson-dephasing,markovian-photon-reservoir-decay,-,0.0,80,80,1.0,0.0,0.0,0.0,0.0,spin_boson_00,photon_decay_00,"{""cutoff_angular_frequency"": 1.0, ""interaction_time"": 0.0, ""mode_count"": 2, ""temperature_angular_frequency"": 0.5}","{""decay_rate"": 0.05, ""interaction_time"": 0.0}"
finite-mode-spin-boson-dephasing,markovian-photon-reservoir-decay,-i,0.0,80,80,1.0,0.0,0.0,0.0,0.0,spin_boson_00,photon_decay_00,"{""cutoff_angular_frequency"": 1.0, ""interaction_time"": 0.0, ""mode_count"": 2, ""temperature_angular_frequency"": 0.5}","{""decay_rate"": 0.05, ""interaction_time"": 0.0}"
finite-mode-spin-boson-dephasing,markovian-photon-reservoir-decay,0,0.0,80,80,1.0,0.0,0.0,0.0,0.0,spin_boson_00,photon_decay_00,"{""cutoff_angular_frequency"": 1.0, ""interaction_time"": 0.0, ""mode_count"": 2, ""temperature_angular_frequency"": 0.5}","{""decay_rate"": 0.05, ""interaction_time"": 0.0}"
finite-mode-spin-boson-dephasing,markovian-photon-reservoir-decay,0,0.15707963267948966,80,80,1.0,0.0,1.734723475976807e-17,0.0,1.1102230246251565e-16,spin_boson_00,photon_decay_00,"{""cutoff_angular_frequency"": 1.0, ""interaction_time"": 0.15707963267948966, ""mode_count"": 2, ""temperature_angular_frequency"": 0.5}","{""decay_rate"": 0.05, ""interaction_time"": 0.15707963267948966}"
finite-mode-spin-boson-dephasing,markovian-photon-reservoir-decay,0,0.3141592653589793,80,80,1.0,0.0,1.3877787807814457e-17,0.0,1.1102230246251565e-16,spin_boson_00,photon_decay_00,"{""cutoff_angular_frequency"": 1.0, ""interaction_time"": 0.3141592653589793, ""mode_count"": 2, ""temperature_angular_frequency"": 0.5}","{""decay_rate"": 0.05, ""interaction_time"": 0.3141592653589793}"
finite-mode-spin-boson-dephasing,markovian-photon-reservoir-decay,0,0.47123889803846897,80,80,1.0,0.0,1.3877787807814457e-17,0.0,1.1102230246251565e-16,spin_boson_00,photon_decay_00,"{""cutoff_angular_frequency"": 1.0, ""interaction_time"": 0.47123889803846897, ""mode_count"": 2, ""temperature_angular_frequency"": 0.5}","{""decay_rate"": 0.05, ""interaction_time"": 0.47123889803846897}"
finite-mode-spin-boson-dephasing,markovian-photon-reservoir-decay,0,0.6283185307179586,80,80,1.0,0.0,2.0816681711721685e-17,0.0,1.1102230246251565e-16,spin_boson_02,photon_decay_00,"{""cutoff_angular_frequency"": 2.0, ""interaction_time"": 0.6283185307179586, ""mode_count"": 2, ""temperature_angular_frequency"": 1.0}","{""decay_rate"": 0.05, ""interaction_time"": 0.6283185307179586}"
finite-mode-spin-boson-dephasing,markovian-photon-reservoir-decay,0,0.7853981633974483,80,80,1.0,0.0,1.734723475976807e-17,0.0,1.1102230246251565e-16,spin_boson_00,photon_decay_00,"{""cutoff_angular_frequency"": 1.0, ""interaction_time"": 0.7853981633974483, ""mode_count"": 2, ""temperature_angular_frequency"": 0.5}","{""decay_rate"": 0.05, ""interaction_time"": 0.7853981633974483}"
finite-mode-spin-boson-dephasing,markovian-photon-reservoir-decay,0,0.9424777960769379,80,80,1.0,0.0,6.938893903907228e-18,0.0,5.551115123125783e-17,spin_boson_00,photon_decay_00,"{""cutoff_angular_frequency"": 1.0, ""interaction_time"": 0.9424777960769379, ""mode_count"": 2, ""temperature_angular_frequency"": 0.5}","{""decay_rate"": 0.05, ""interaction_time"": 0.9424777960769379}"
finite-mode-spin-boson-dephasing,markovian-photon-reservoir-decay,0,1.0995574287564276,80,80,1.0,0.0,6.938893903907228e-18,0.0,5.551115123125783e-17,spin_boson_00,photon_decay_00,"{""cutoff_angular_frequency"": 1.0, ""interaction_time"": 1.0995574287564276, ""mode_count"": 2, ""temperature_angular_frequency"": 0.5}","{""decay_rate"": 0.05, ""interaction_time"": 1.0995574287564276}"
finite-mode-spin-boson-dephasing,markovian-photon-reservoir-decay,0,1.2566370614359172,80,80,1.0,0.0,1.0408340855860843e-17,0.0,5.551115123125783e-17,spin_boson_00,photon_decay_00,"{""cutoff_angular_frequency"": 1.0, ""interaction_time"": 1.2566370614359172, ""mode_count"": 2, ""temperature_angular_frequency"": 0.5}","{""decay_rate"": 0.05, ""interaction_time"": 1.2566370614359172}"
finite-mode-spin-boson-dephasing,markovian-photon-reservoir-decay,0,1.413716694115407,80,80,1.0,0.0,1.734723475976807e-17,0.0,1.1102230246251565e-16,spin_boson_00,photon_decay_00,"{""cutoff_angular_frequency"": 1.0, ""interaction_time"": 1.413716694115407, ""mode_count"": 2, ""temperature_angular_frequency"": 0.5}","{""decay_rate"": 0.05, ""interaction_time"": 1.413716694115407}"
finite-mode-spin-boson-dephasing,markovian-photon-reservoir-decay,0,1.5707963267948966,80,80,1.0,0.0,1.0408340855860843e-17,0.0,1.1102230246251565e-16,spin_boson_00,photon_decay_00,"{""cutoff_angular_frequency"": 1.0, ""interaction_time"": 1.5707963267948966, ""mode_count"": 2, ""temperature_angular_frequency"": 0.5}","{""decay_rate"": 0.05, ""interaction_time"": 1.5707963267948966}"
finite-mode-spin-boson-dephasing,markovian-photon-reservoir-decay,0,1.7278759594743862,80,80,1.0,0.0,3.122502256758253e-17,0.0,1.1102230246251565e-16,spin_boson_00,photon_decay_00,"{""cutoff_angular_frequency"": 1.0, ""interaction_time"": 1.7278759594743862, ""mode_count"": 2, ""temperature_angular_frequency"": 0.5}","{""decay_rate"": 0.05, ""interaction_time"": 1.7278759594743862}"
finite-mode-spin-boson-dephasing,markovian-photon-reservoir-decay,0,1.8849555921538759,80,80,1.0,0.0,1.3877787807814457e-17,0.0,1.1102230246251565e-16,spin_boson_00,photon_decay_00,"{""cutoff_angular_frequency"": 1.0, ""interaction_time"": 1.8849555921538759, ""mode_count"": 2, ""temperature_angular_frequency"": 0.5}","{""decay_rate"": 0.05, ""interaction_time"": 1.8849555921538759}"
finite-mode-spin-boson-dephasing,markovian-photon-reservoir-decay,0,2.0420352248333655,80,80,1.0,0.0,2.0816681711721685e-17,0.0,1.1102230246251565e-16,spin_boson_01,photon_decay_00,"{""cutoff_angular_frequency"": 1.0, ""interaction_time"": 2.0420352248333655, ""mode_count"": 2, ""temperature_angular_frequency"": 1.0}","{""decay_rate"": 0.05, ""interaction_time"": 2.0420352248333655}"
finite-mode-spin-boson-dephasing,markovian-photon-reservoir-decay,0,2.199114857512855,80,80,1.0,0.0,1.3877787807814457e-17,0.0,1.1102230246251565e-16,spin_boson_00,photon_decay_00,"{""cutoff_angular_frequency"": 1.0, ""interaction_time"": 2.199114857512855, ""mode_count"": 2, ""temperature_angular_frequency"": 0.5}","{""decay_rate"": 0.05, ""interaction_time"": 2.199114857512855}"
finite-mode-spin-boson-dephasing,markovian-photon-reservoir-decay,0,2.356194490192345,80,80,1.0,0.0,0.0,0.0,0.0,spin_boson_00,photon_decay_00,"{""cutoff_angular_frequency"": 1.0, ""interaction_time"": 2.356194490192345, ""mode_count"": 2, ""temperature_angular_frequency"": 0.5}","{""decay_rate"": 0.05, ""interaction_time"": 2.356194490192345}"
finite-mode-spin-boson-dephasing,markovian-photon-reservoir-decay,0,2.5132741228718345,80,80,1.0,0.0,2.42861286636753e-17,0.0,1.1102230246251565e-16,spin_boson_01,photon_decay_00,"{""cutoff_angular_frequency"": 1.0, ""interaction_time"": 2.5132741228718345, ""mode_count"": 2, ""temperature_angular_frequency"": 1.0}","{""decay_rate"": 0.05, ""interaction_time"": 2.5132741228718345}"
finite-mode-spin-boson-dephasing,markovian-photon-reservoir-decay,0,2.670353755551324,80,80,1.0,0.0,3.122502256758253e-17,0.0,1.1102230246251565e-16,spin_boson_01,photon_decay_00,"{""cutoff_angular_frequency"": 1.0, ""interaction_time"": 2.670353755551324, ""mode_count"": 2, ""temperature_angular_frequency"": 1.0}","{""decay_rate"": 0.05, ""interaction_time"": 2.670353755551324}"
finite-mode-spin-boson-dephasing,markovian-photon-reservoir-decay,0,2.827433388230814,80,80,1.0,0.0,1.3877787807814457e-17,0.0,1.1102230246251565e-16,spin_boson_01,photon_decay_00,"{""cutoff_angular_frequency"": 1.0, ""interaction_time"": 2.827433388230814, ""mode_count"": 2, ""temperature_angular_frequency"": 1.0}","{""decay_rate"": 0.05, ""interaction_time"": 2.827433388230814}"
finite-mode-spin-boson-dephasing,markovian-photon-reservoir-decay,0,2.9845130209103035,80,80,1.0,0.0,2.7755575615628914e-17,0.0,1.1102230246251565e-16,spin_boson_00,photon_decay_00,"{""cutoff_angular_frequency"": 1.0, ""interaction_time"": 2.9845130209103035, ""mode_count"": 2, ""temperature_angular_frequency"": 0.5}","{""decay_rate"": 0.05, ""interaction_time"": 2.9845130209103035}"
finite-mode-spin-boson-dephasing,markovian-photon-reservoir-decay,0,3.141592653589793,80,80,1.0,0.0,3.122502256758253e-17,0.0,1.1102230246251565e-16,spin_boson_00,photon_decay_00,"{""cutoff_angular_frequency"": 1.0, ""interaction_time"": 3.141592653589793, ""mode_count"": 2, ""temperature_angular_frequency"": 0.5}","{""decay_rate"": 0.05, ""interaction_time"": 3.141592653589793}"
finite-mode-spin-boson-dephasing,markovian-photon-reservoir-decay,0,3.2986722862692828,80,80,1.0,0.0,2.0816681711721685e-17,0.0,1.1102230246251565e-16,spin_boson_00,photon_decay_00,"{""cutoff_angular_frequency"": 1.0, ""interaction_time"": 3.2986722862692828, ""mode_count"": 2, ""temperature_angular_frequency"": 0.5}","{""decay_rate"": 0.05, ""interaction_time"": 3.2986722862692828}"
finite-mode-spin-boson-dephasing,markovian-photon-reservoir-decay,0,3.4557519189487724,80,80,1.0,0.0,1.3877787807814457e-17,0.0,1.1102230246251565e-16,spin_boson_00,photon_decay_00,"{""cutoff_angular_frequency"": 1.0, ""interaction_time"": 3.4557519189487724, ""mode_count"": 2, ""temperature_angular_frequency"": 0.5}","{""decay_rate"": 0.05, ""interaction_time"": 3.4557519189487724}"
finite-mode-spin-boson-dephasing,markovian-photon-reservoir-decay,0,3.612831551628262,80,80,1.0,0.0,2.0816681711721685e-17,0.0,1.1102230246251565e-16,spin_boson_00,photon_decay_00,"{""cutoff_angular_frequency"": 1.0, ""interaction_time"": 3.612831551628262, ""mode_count"": 2, ""temperature_angular_frequency"": 0.5}","{""decay_rate"": 0.05, ""interaction_time"": 3.612831551628262}"
finite-mode-spin-boson-dephasing,markovian-photon-reservoir-decay,0,3.7699111843077517,80,80,1.0,0.0,4.85722573273506e-17,2.7755575615628914e-17,1.1102230246251565e-16,spin_boson_00,photon_decay_00,"{""cutoff_angular_frequency"": 1.0, ""interaction_time"": 3.7699111843077517, ""mode_count"": 2, ""temperature_angular_frequency"": 0.5}","{""decay_rate"": 0.05, ""interaction_time"": 3.7699111843077517}"
finite-mode-spin-boson-dephasing,markovian-photon-reservoir-decay,0,3.9269908169872414,80,80,1.0,0.0,2.7755575615628914e-17,0.0,1.1102230246251565e-16,spin_boson_00,photon_decay_00,"{""cutoff_angular_frequency"": 1.0, ""interaction_time"": 3.9269908169872414, ""mode_count"": 2, ""temperature_angular_frequency"": 0.5}","{""decay_rate"": 0.05, ""interaction_time"": 3.9269908169872414}"
finite-mode-spin-boson-dephasing,markovian-photon-reservoir-decay,0,4.084070449666731,80,80,1.0,0.0,4.163336342344337e-17,0.0,1.1102230246251565e-16,spin_boson_00,photon_decay_00,"{""cutoff_angular_frequency"": 1.0, ""interaction_time"": 4.084070449666731, ""mode_count"": 2, ""temperature_angular_frequency"": 0.5}","{""decay_rate"": 0.05, ""interaction_time"": 4.084070449666731}"
finite-mode-spin-boson-dephasing,markovian-photon-reservoir-decay,0,4.241150082346221,80,80,1.0,0.0,4.163336342344337e-17,0.0,1.1102230246251565e-16,spin_boson_01,photon_decay_00,"{""cutoff_angular_frequency"": 1.0, ""interaction_time"": 4.241150082346221, ""mode_count"": 2, ""temperature_angular_frequency"": 1.0}","{""decay_rate"": 0.05, ""interaction_time"": 4.241150082346221}"
finite-mode-spin-boson-dephasing,markovian-photon-reservoir-decay,0,4.39822971502571,80,80,1.0,0.0,4.163336342344337e-17,0.0,1.1102230246251565e-16,spin_boson_00,photon_decay_00,"{""cutoff_angular_frequency"": 1.0, ""interaction_time"": 4.39822971502571, ""mode_count"": 2, ""temperature_angular_frequency"": 0.5}","{""decay_rate"": 0.05, ""interaction_time"": 4.39822971502571}"
finite-mode-spin-boson-dephasing,markovian-photon-reservoir-decay,0,4.5553093477052,80,80,1.0,0.0,4.85722573273506e-17,0.0,1.1102230246251565e-16,spin_boson_00,photon_decay_00,"{""cutoff_angular_frequency"": 1.0, ""interaction_time"": 4.5553093477052, ""mode_count"": 2, ""temperature_angular_frequency"": 0.5}","{""decay_rate"": 0.05, ""interaction_time"": 4.5553093477052}"
finite-mode-spin-boson-dephasing,markovian-photon-reservoir-decay,0,4.71238898038469,80,80,1.0,0.0,4.85722573273506e-17,0.0,1.1102230246251565e-16,spin_boson_00,photon_decay_00,"{""cutoff_angular_frequency"": 1.0, ""interaction_time"": 4.71238898038469, ""mode_count"": 2, ""temperature_angular_frequency"": 0.5}","{""decay_rate"": 0.05, ""interaction_time"": 4.71238898038469}"
finite-mode-spin-boson-dephasing,markovian-photon-reservoir-decay,0,4.869468613064179,80,80,1.0,0.0,5.204170427930421e-17,2.7755575615628914e-17,1.1102230246251565e-16,spin_boson_00,photon_decay_00,"{""cutoff_angular_frequency"": 1.0, ""interaction_time"": 4.869468613064179, ""mode_count"": 2, ""temperature_angular_frequency"": 0.5}","{""decay_rate"": 0.05, ""interaction_time"": 4.869468613064179}"
finite-mode-spin-boson-dephasing,markovian-photon-reservoir-decay,0,5.026548245743669,80,80,1.0,0.0,4.163336342344337e-17,0.0,1.1102230246251565e-16,spin_boson_00,photon_decay_00,"{""cutoff_angular_frequency"": 1.0, ""interaction_time"": 5.026548245743669, ""mode_count"": 2, ""temperature_angular_frequency"": 0.5}","{""decay_rate"": 0.05, ""interaction_time"": 5.026548245743669}"
finite-mode-spin-boson-dephasing,markovian-photon-reservoir-decay,0,5.183627878423159,80,80,1.0,0.0,4.163336342344337e-17,0.0,1.1102230246251565e-16,spin_boson_00,photon_decay_00,"{""cutoff_angular_frequency"": 1.0, ""interaction_time"": 5.183627878423159, ""mode_count"": 2, ""temperature_angular_frequency"": 0.5}","{""decay_rate"": 0.05, ""interaction_time"": 5.183627878423159}"
finite-mode-spin-boson-dephasing,markovian-photon-reservoir-decay,0,5.340707511102648,80,80,1.0,0.0,3.8163916471489756e-17,0.0,1.1102230246251565e-16,spin_boson_00,photon_decay_00,"{""cutoff_angular_frequency"": 1.0, ""interaction_time"": 5.340707511102648, ""mode_count"": 2, ""temperature_angular_frequency"": 0.5}","{""decay_rate"": 0.05, ""interaction_time"": 5.340707511102648}"
finite-mode-spin-boson-dephasing,markovian-photon-reservoir-decay,0,5.497787143782138,80,80,1.0,0.0,5.204170427930421e-17,2.7755575615628914e-17,1.1102230246251565e-16,spin_boson_00,photon_decay_00,"{""cutoff_angular_frequency"": 1.0, ""interaction_time"": 5.497787143782138, ""mode_count"": 2, ""temperature_angular_frequency"": 0.5}","{""decay_rate"": 0.05, ""interaction_time"": 5.497787143782138}"
finite-mode-spin-boson-dephasing,markovian-photon-reservoir-decay,0,5.654866776461628,80,80,1.0,0.0,3.469446951953614e-17,0.0,1.1102230246251565e-16,spin_boson_00,photon_decay_00,"{""cutoff_angular_frequency"": 1.0, ""interaction_time"": 5.654866776461628, ""mode_count"": 2, ""temperature_angular_frequency"": 0.5}","{""decay_rate"": 0.05, ""interaction_time"": 5.654866776461628}"
finite-mode-spin-boson-dephasing,markovian-photon-reservoir-decay,0,5.811946409141117,80,80,1.0,0.0,3.469446951953614e-17,0.0,1.1102230246251565e-16,spin_boson_00,photon_decay_00,"{""cutoff_angular_frequency"": 1.0, ""interaction_time"": 5.811946409141117, ""mode_count"": 2, ""temperature_angular_frequency"": 0.5}","{""decay_rate"": 0.05, ""interaction_time"": 5.811946409141117}"
finite-mode-spin-boson-dephasing,markovian-photon-reservoir-decay,0,5.969026041820607,80,80,1.0,0.0,3.469446951953614e-17,0.0,1.1102230246251565e-16,spin_boson_00,photon_decay_00,"{""cutoff_angular_frequency"": 1.0, ""interaction_time"": 5.969026041820607, ""mode_count"": 2, ""temperature_angular_frequency"": 0.5}","{""decay_rate"": 0.05, ""interaction_time"": 5.969026041820607}"
finite-mode-spin-boson-dephasing,markovian-photon-reservoir-decay,0,6.126105674500097,80,80,1.0,0.0,3.8163916471489756e-17,0.0,1.1102230246251565e-16,spin_boson_00,photon_decay_00,"{""cutoff_angular_frequency"": 1.0, ""interaction_time"": 6.126105674500097, ""mode_count"": 2, ""temperature_angular_frequency"": 0.5}","{""decay_rate"": 0.05, ""interaction_time"": 6.126105674500097}"
finite-mode-spin-boson-dephasing,markovian-photon-reservoir-decay,0,6.283185307179586,80,80,1.0,0.0,4.85722573273506e-17,0.0,1.1102230246251565e-16,spin_boson_01,photon_decay_00,"{""cutoff_angular_frequency"": 1.0, ""interaction_time"": 6.283185307179586, ""mode_count"": 2, ""temperature_angular_frequency"": 1.0}","{""decay_rate"": 0.05, ""interaction_time"": 6.283185307179586}"
finite-mode-spin-boson-dephasing,markovian-photon-reservoir-decay,0,6.440264939859076,80,80,1.0,0.0,4.163336342344337e-17,0.0,1.1102230246251565e-16,spin_boson_00,photon_decay_00,"{""cutoff_angular_frequency"": 1.0, ""interaction_time"": 6.440264939859076, ""mode_count"": 2, ""temperature_angular_frequency"": 0.5}","{""decay_rate"": 0.05, ""interaction_time"": 6.440264939859076}"
finite-mode-spin-boson-dephasing,markovian-photon-reservoir-decay,0,6.5973445725385655,80,80,1.0,0.0,6.245004513516506e-17,1.1102230246251565e-16,1.1102230246251565e-16,spin_boson_00,photon_decay_00,"{""cutoff_angular_frequency"": 1.0, ""interaction_time"": 6.5973445725385655, ""mode_count"": 2, ""temperature_angular_frequency"": 0.5}","{""decay_rate"": 0.05, ""interaction_time"": 6.5973445725385655}"
finite-mode-spin-boson-dephasing,markovian-photon-reservoir-decay,0,6.754424205218055,80,80,1.0,0.0,4.85722573273506e-17,0.0,1.1102230246251565e-16,spin_boson_00,photon_decay_00,"{""cutoff_angular_frequency"": 1.0, ""interaction_time"": 6.754424205218055, ""mode_count"": 2, ""temperature_angular_frequency"": 0.5}","{""decay_rate"": 0.05, ""interaction_time"": 6.754424205218055}"
finite-mode-spin-boson-dephasing,markovian-photon-reservoir-decay,0,6.911503837897545,80,80,1.0,0.0,5.898059818321144e-17,8.326672684688674e-17,1.1102230246251565e-16,spin_boson_00,photon_decay_00,"{""cutoff_angular_frequency"": 1.0, ""interaction_time"": 6.911503837897545, ""mode_count"": 2, ""temperature_angular_frequency"": 0.5}","{""decay_rate"": 0.05, ""interaction_time"": 6.911503837897545}"
finite-mode-spin-boson-dephasing,markovian-photon-reservoir-decay,0,7.0685834705770345,80,80,1.0,0.0,5.551115123125783e-17,5.551115123125783e-17,1.1102230246251565e-16,spin_boson_00,photon_decay_00,"{""cutoff_angular_frequency"": 1.0, ""interaction_time"": 7.0685834705770345, ""mode_count"": 2, ""temperature_angular_frequency"": 0.5}","{""decay_rate"": 0.05, ""interaction_time"": 7.0685834705770345}"
finite-mode-spin-boson-dephasing,markovian-photon-reservoir-decay,0,7.225663103256524,80,80,1.0,0.0,7.28583859910259e-17,1.1102230246251565e-16,1.1102230246251565e-16,spin_boson_00,photon_decay_00,"{""cutoff_angular_frequency"": 1.0, ""interaction_time"": 7.225663103256524, ""mode_count"": 2, ""temperature_angular_frequency"": 0.5}","{""decay_rate"": 0.05, ""interaction_time"": 7.225663103256524}"
finite-mode-spin-boson-dephasing,markovian-photon-reservoir-decay,0,7.382742735936014,80,80,1.0,0.0,6.245004513516506e-17,1.1102230246251565e-16,1.1102230246251565e-16,spin_boson_00,photon_decay_00,"{""cutoff_angular_frequency"": 1.0, ""interaction_time"": 7.382742735936014, ""mode_count"": 2, ""temperature_angular_frequency"": 0.5}","{""decay_rate"": 0.05, ""interaction_time"": 7.382742735936014}"
finite-mode-spin-boson-dephasing,markovian-photon-reservoir-decay,0,7.5398223686155035,80,80,1.0,0.0,6.245004513516506e-17,1.1102230246251565e-16,1.1102230246251565e-16,spin_boson_00,photon_decay_00,"{""cutoff_angular_frequency"": 1.0, ""interaction_time"": 7.5398223686155035, ""mode_count"": 2, ""temperature_angular_frequency"": 0.5}","{""decay_rate"": 0.05, ""interaction_time"": 7.5398223686155035}"
finite-mode-spin-boson-dephasing,markovian-photon-reservoir-decay,0,7.696902001294993,80,80,1.0,0.0,7.632783294297951e-17,1.1102230246251565e-16,1.1102230246251565e-16,spin_boson_00,photon_decay_00,"{""cutoff_angular_frequency"": 1.0, ""interaction_time"": 7.696902001294993, ""mode_count"": 2, ""temperature_angular_frequency"": 0.5}","{""decay_rate"": 0.05, ""interaction_time"": 7.696902001294993}"
finite-mode-spin-boson-dephasing,markovian-photon-reservoir-decay,0,7.853981633974483,80,80,1.0,0.0,6.245004513516506e-17,1.1102230246251565e-16,1.1102230246251565e-16,spin_boson_00,photon_decay_00,"{""cutoff_angular_frequency"": 1.0, ""interaction_time"": 7.853981633974483, ""mode_count"": 2, ""temperature_angular_frequency"": 0.5}","{""decay_rate"": 0.05, ""interaction_time"": 7.853981633974483}"
finite-mode-spin-boson-dephasing,markovian-photon-reservoir-decay,0,8.011061266653972,80,80,1.0,0.0,6.938893903907228e-17,1.1102230246251565e-16,1.1102230246251565e-16,spin_boson_00,photon_decay_00,"{""cutoff_angular_frequency"": 1.0, ""interaction_time"": 8.011061266653972, ""mode_count"": 2, ""temperature_angular_frequency"": 0.5}","{""decay_rate"": 0.05, ""interaction_time"": 8.011061266653972}"
finite-mode-spin-boson-dephasing,markovian-photon-reservoir-decay,0,8.168140899333462,80,80,1.0,0.0,6.245004513516506e-17,1.1102230246251565e-16,1.1102230246251565e-16,spin_boson_00,photon_decay_00,"{""cutoff_angular_frequency"": 1.0, ""interaction_time"": 8.168140899333462, ""mode_count"": 2, ""temperature_angular_frequency"": 0.5}","{""decay_rate"": 0.05, ""interaction_time"": 8.168140899333462}"
finite-mode-spin-boson-dephasing,markovian-photon-reservoir-decay,0,8.325220532012953,80,80,1.0,0.0,6.938893903907228e-17,1.1102230246251565e-16,1.1102230246251565e-16,spin_boson_01,photon_decay_00,"{""cutoff_angular_frequency"": 1.0, ""interaction_time"": 8.325220532012953, ""mode_count"": 2, ""temperature_angular_frequency"": 1.0}","{""decay_rate"": 0.05, ""interaction_time"": 8.325220532012953}"
finite-mode-spin-boson-dephasing,markovian-photon-reservoir-decay,0,8.482300164692441,80,80,1.0,0.0,6.245004513516506e-17,1.1102230246251565e-16,1.1102230246251565e-16,spin_boson_00,photon_decay_00,"{""cutoff_angular_frequency"": 1.0, ""interaction_time"": 8.482300164692441, ""mode_count"": 2, ""temperature_angular_frequency"": 0.5}","{""decay_rate"": 0.05, ""interaction_time"": 8.482300164692441}"
finite-mode-spin-boson-dephasing,markovian-photon-reservoir-decay,0,8.63937979737193,80,80,1.0,0.0,6.245004513516506e-17,1.1102230246251565e-16,1.1102230246251565e-16,spin_boson_00,photon_decay_00,"{""cutoff_angular_frequency"": 1.0, ""interaction_time"": 8.63937979737193, ""mode_count"": 2, ""temperature_angular_frequency"": 0.5}","{""decay_rate"": 0.05, ""interaction_time"": 8.63937979737193}"
finite-mode-spin-boson-dephasing,markovian-photon-reservoir-decay,0,8.79645943005142,80,80,1.0,0.0,7.979727989493313e-17,1.1102230246251565e-16,1.1102230246251565e-16,spin_boson_00,photon_decay_00,"{""cutoff_angular_frequency"": 1.0, ""interaction_time"": 8.79645943005142, ""mode_count"": 2, ""temperature_angular_frequency"": 0.5}","{""decay_rate"": 0.05, ""interaction_time"": 8.79645943005142}"
finite-mode-spin-boson-dephasing,markovian-photon-reservoir-decay,0,8.953539062730911,80,80,1.0,0.0,6.245004513516506e-17,1.1102230246251565e-16,1.1102230246251565e-16,spin_boson_00,photon_decay_00,"{""cutoff_angular_frequency"": 1.0, ""interaction_time"": 8.953539062730911, ""mode_count"": 2, ""temperature_angular_frequency"": 0.5}","{""decay_rate"": 0.05, ""interaction_time"": 8.953539062730911}"
finite-mode-spin-boson-dephasing,markovian-photon-reservoir-decay,0,9.1106186954104,80,80,1.0,0.0,6.245004513516506e-17,1.1102230246251565e-16,1.1102230246251565e-16,spin_boson_00,photon_decay_00,"{""cutoff_angular_frequency"": 1.0, ""interaction_time"": 9.1106186954104, ""mode_count"": 2, ""temperature_angular_frequency"": 0.5}","{""decay_rate"": 0.05, ""interaction_time"": 9.1106186954104}"
finite-mode-spin-boson-dephasing,markovian-photon-reservoir-decay,0,9.267698328089889,80,80,1.0,0.0,7.632783294297951e-17,1.1102230246251565e-16,1.1102230246251565e-16,spin_boson_00,photon_decay_00,"{""cutoff_angular_frequency"": 1.0, ""interaction_time"": 9.267698328089889, ""mode_count"": 2, ""temperature_angular_frequency"": 0.5}","{""decay_rate"": 0.05, ""interaction_time"": 9.267698328089889}"
finite-mode-spin-boson-dephasing,markovian-photon-reservoir-decay,0,9.42477796076938,80,80,1.0,0.0,8.326672684688674e-17,1.1102230246251565e-16,1.1102230246251565e-16,spin_boson_00,photon_decay_00,"{""cutoff_angular_frequency"": 1.0, ""interaction_time"": 9.42477796076938, ""mode_count"": 2, ""temperature_angular_frequency"": 0.5}","{""decay_rate"": 0.05, ""interaction_time"": 9.42477796076938}"
finite-mode-spin-boson-dephasing,markovian-photon-reservoir-decay,0,9.58185759344887,80,80,1.0,0.0,7.979727989493313e-17,1.1102230246251565e-16,1.1102230246251565e-16,spin_boson_00,photon_decay_00,"{""cutoff_angular_frequency"": 1.0, ""interaction_time"": 9.58185759344887, ""mode_count"": 2, ""temperature_angular_frequency"": 0.5}","{""decay_rate"": 0.05, ""interaction_time"": 9.58185759344887}"
finite-mode-spin-boson-dephasing,markovian-photon-reservoir-decay,0,9.738937226128359,80,80,1.0,0.0,6.591949208711867e-17,1.1102230246251565e-16,1.1102230246251565e-16,spin_boson_01,photon_decay_00,"{""cutoff_angular_frequency"": 1.0, ""interaction_time"": 9.738937226128359, ""mode_count"": 2, ""temperature_angular_frequency"": 1.0}","{""decay_rate"": 0.05, ""interaction_time"": 9.738937226128359}"
finite-mode-spin-boson-dephasing,markovian-photon-reservoir-decay,0,9.896016858807847,80,80,1.0,0.0,7.632783294297951e-17,1.1102230246251565e-16,1.1102230246251565e-16,spin_boson_01,photon_decay_00,"{""cutoff_angular_frequency"": 1.0, ""interaction_time"": 9.896016858807847, ""mode_count"": 2, ""temperature_angular_frequency"": 1.0}","{""decay_rate"": 0.05, ""interaction_time"": 9.896016858807847}"
finite-mode-spin-boson-dephasing,markovian-photon-reservoir-decay,0,10.053096491487338,80,80,1.0,0.0,6.938893903907228e-17,1.1102230246251565e-16,1.1102230246251565e-16,spin_boson_01,photon_decay_00,"{""cutoff_angular_frequency"": 1.0, ""interaction_time"": 10.053096491487338, ""mode_count"": 2, ""temperature_angular_frequency"": 1.0}","{""decay_rate"": 0.05, ""interaction_time"": 10.053096491487338}"
finite-mode-spin-boson-dephasing,markovian-photon-reservoir-decay,0,10.210176124166829,80,80,1.0,0.0,6.245004513516506e-17,1.1102230246251565e-16,1.1102230246251565e-16,spin_boson_00,photon_decay_00,"{""cutoff_angular_frequency"": 1.0, ""interaction_time"": 10.210176124166829, ""mode_count"": 2, ""temperature_angular_frequency"": 0.5}","{""decay_rate"": 0.05, ""interaction_time"": 10.210176124166829}"
finite-mode-spin-boson-dephasing,markovian-photon-reservoir-decay,0,10.367255756846317,80,80,1.0,0.0,6.591949208711867e-17,1.1102230246251565e-16,1.1102230246251565e-16,spin_boson_00,photon_decay_00,"{""cutoff_angular_frequency"": 1.0, ""interaction_time"": 10.367255756846317, ""mode_count"": 2, ""temperature_angular_frequency"": 0.5}","{""decay_rate"": 0.05, ""interaction_time"": 10.367255756846317}"
finite-mode-spin-boson-dephasing,markovian-photon-reservoir-decay,0,10.524335389525806,80,80,1.0,0.0,7.632783294297951e-17,1.1102230246251565e-16,1.1102230246251565e-16,spin_boson_01,photon_decay_00,"{""cutoff_angular_frequency"": 1.0, ""interaction_time"": 10.524335389525806, ""mode_count"": 2, ""temperature_angular_frequency"": 1.0}","{""decay_rate"": 0.05, ""interaction_time"": 10.524335389525806}"
finite-mode-spin-boson-dephasing,markovian-photon-reservoir-decay,0,10.681415022205297,80,80,1.0,0.0,6.245004513516506e-17,1.1102230246251565e-16,1.1102230246251565e-16,spin_boson_00,photon_decay_00,"{""cutoff_angular_frequency"": 1.0, ""interaction_time"": 10.681415022205297, ""mode_count"": 2, ""temperature_angular_frequency"": 0.5}","{""decay_rate"": 0.05, ""interaction_time"": 10.681415022205297}"
finite-mode-spin-boson-dephasing,markovian-photon-reservoir-decay,0,10.838494654884787,80,80,1.0,0.0,6.938893903907228e-17,1.1102230246251565e-16,1.1102230246251565e-16,spin_boson_00,photon_decay_00,"{""cutoff_angular_frequency"": 1.0, ""interaction_time"": 10.838494654884787, ""mode_count"": 2, ""temperature_angular_frequency"": 0.5}","{""decay_rate"": 0.05, ""interaction_time"": 10.838494654884787}"
finite-mode-spin-boson-dephasing,markovian-photon-reservoir-decay,0,10.995574287564276,80,80,1.0,0.0,6.938893903907228e-17,1.1102230246251565e-16,1.1102230246251565e-16,spin_boson_00,photon_decay_00,"{""cutoff_angular_frequency"": 1.0, ""interaction_time"": 10.995574287564276, ""mode_count"": 2, ""temperature_angular_frequency"": 0.5}","{""decay_rate"": 0.05, ""interaction_time"": 10.995574287564276}"
finite-mode-spin-boson-dephasing,markovian-photon-reservoir-decay,0,11.152653920243765,80,80,1.0,0.0,7.979727989493313e-17,1.1102230246251565e-16,1.1102230246251565e-16,spin_boson_01,photon_decay_00,"{""cutoff_angular_frequency"": 1.0, ""interaction_time"": 11.152653920243765, ""mode_count"": 2, ""temperature_angular_frequency"": 1.0}","{""decay_rate"": 0.05, ""interaction_time"": 11.152653920243765}"
finite-mode-spin-boson-dephasing,markovian-photon-reservoir-decay,0,11.309733552923255,80,80,1.0,0.0,6.245004513516506e-17,1.1102230246251565e-16,1.1102230246251565e-16,spin_boson_00,photon_decay_00,"{""cutoff_angular_frequency"": 1.0, ""interaction_time"": 11.309733552923255, ""mode_count"": 2, ""temperature_angular_frequency"": 0.5}","{""decay_rate"": 0.05, ""interaction_time"": 11.309733552923255}"
finite-mode-spin-boson-dephasing,markovian-photon-reservoir-decay,0,11.466813185602746,80,80,1.0,0.0,6.591949208711867e-17,1.1102230246251565e-16,1.1102230246251565e-16,spin_boson_00,photon_decay_00,"{""cutoff_angular_frequency"": 1.0, ""interaction_time"": 11.466813185602746, ""mode_count"": 2, ""temperature_angular_frequency"": 0.5}","{""decay_rate"": 0.05, ""interaction_time"": 11.466813185602746}"
finite-mode-spin-boson-dephasing,markovian-photon-reservoir-decay,0,11.623892818282235,80,80,1.0,0.0,6.591949208711867e-17,1.1102230246251565e-16,1.1102230246251565e-16,spin_boson_00,photon_decay_00,"{""cutoff_angular_frequency"": 1.0, ""interaction_time"": 11.623892818282235, ""mode_count"": 2, ""temperature_angular_frequency"": 0.5}","{""decay_rate"": 0.05, ""interaction_time"": 11.623892818282235}"
finite-mode-spin-boson-dephasing,markovian-photon-reservoir-decay,0,11.780972450961723,80,80,1.0,0.0,6.591949208711867e-17,1.1102230246251565e-16,1.1102230246251565e-16,spin_boson_00,photon_decay_00,"{""cutoff_angular_frequency"": 1.0, ""interaction_time"": 11.780972450961723, ""mode_count"": 2, ""temperature_angular_frequency"": 0.5}","{""decay_rate"": 0.05, ""interaction_time"": 11.780972450961723}"
finite-mode-spin-boson-dephasing,markovian-photon-reservoir-decay,0,11.938052083641214,80,80,1.0,0.0,6.245004513516506e-17,1.1102230246251565e-16,1.1102230246251565e-16,spin_boson_00,photon_decay_00,"{""cutoff_angular_frequency"": 1.0, ""interaction_time"": 11.938052083641214, ""mode_count"": 2, ""temperature_angular_frequency"": 0.5}","{""decay_rate"": 0.05, ""interaction_time"": 11.938052083641214}"
finite-mode-spin-boson-dephasing,markovian-photon-reservoir-decay,0,12.095131716320704,80,80,1.0,0.0,6.938893903907228e-17,1.1102230246251565e-16,1.1102230246251565e-16,spin_boson_02,photon_decay_00,"{""cutoff_angular_frequency"": 2.0, ""interaction_time"": 12.095131716320704, ""mode_count"": 2, ""temperature_angular_frequency"": 1.0}","{""decay_rate"": 0.05, ""interaction_time"": 12.095131716320704}"
finite-mode-spin-boson-dephasing,markovian-photon-reservoir-decay,0,12.252211349000193,80,80,1.0,0.0,6.938893903907228e-17,1.1102230246251565e-16,1.1102230246251565e-16,spin_boson_00,photon_decay_00,"{""cutoff_angular_frequency"": 1.0, ""interaction_time"": 12.252211349000193, ""mode_count"": 2, ""temperature_angular_frequency"": 0.5}","{""decay_rate"": 0.05, ""interaction_time"": 12.252211349000193}"
finite-mode-spin-boson-dephasing,markovian-photon-reservoir-decay,0,12.409290981679682,80,80,1.0,0.0,6.591949208711867e-17,1.1102230246251565e-16,1.1102230246251565e-16,spin_boson_00,photon_decay_00,"{""cutoff_angular_frequency"": 1.0, ""interaction_time"": 12.409290981679682, ""mode_count"": 2, ""temperature_angular_frequency"": 0.5}","{""decay_rate"": 0.05, ""interaction_time"": 12.409290981679682}"
finite-mode-spin-boson-dephasing,markovian-photon-reservoir-decay,0,12.566370614359172,80,80,1.0,0.0,6.245004513516506e-17,1.1102230246251565e-16,1.1102230246251565e-16,spin_boson_00,photon_decay_00,"{""cutoff_angular_frequency"": 1.0, ""interaction_time"": 12.566370614359172, ""mode_count"": 2, ""temperature_angular_frequency"": 0.5}","{""decay_rate"": 0.05, ""interaction_time"": 12.566370614359172}"
finite-mode-spin-boson-dephasing,markovian-photon-reservoir-decay,1,0.0,80,80,1.0,0.0,0.0,0.0,0.0,spin_boson_00,photon_decay_00,"{""cutoff_angular_frequency"": 1.0, ""interaction_time"": 0.0, ""mode_count"": 2, ""temperature_angular_frequency"": 0.5}","{""decay_rate"": 0.05, ""interaction_time"": 0.0}"
finite-mode-spin-boson-dephasing,markovian-photon-reservoir-decay,cube_mmm,0.0,80,80,1.0,0.0,0.0,0.0,0.0,spin_boson_00,photon_decay_00,"{""cutoff_angular_frequency"": 1.0, ""interaction_time"": 0.0, ""mode_count"": 2, ""temperature_angular_frequency"": 0.5}","{""decay_rate"": 0.05, ""interaction_time"": 0.0}"
finite-mode-spin-boson-dephasing,markovian-photon-reservoir-decay,cube_mmp,0.0,80,80,1.0,0.0,0.0,0.0,0.0,spin_boson_00,photon_decay_00,"{""cutoff_angular_frequency"": 1.0, ""interaction_time"": 0.0, ""mode_count"": 2, ""temperature_angular_frequency"": 0.5}","{""decay_rate"": 0.05, ""interaction_time"": 0.0}"
finite-mode-spin-boson-dephasing,markovian-photon-reservoir-decay,cube_mpm,0.0,80,80,1.0,0.0,0.0,0.0,0.0,spin_boson_00,photon_decay_00,"{""cutoff_angular_frequency"": 1.0, ""interaction_time"": 0.0, ""mode_count"": 2, ""temperature_angular_frequency"": 0.5}","{""decay_rate"": 0.05, ""interaction_time"": 0.0}"
finite-mode-spin-boson-dephasing,markovian-photon-reservoir-decay,cube_mpp,0.0,80,80,1.0,0.0,0.0,0.0,0.0,spin_boson_00,photon_decay_00,"{""cutoff_angular_frequency"": 1.0, ""interaction_time"": 0.0, ""mode_count"": 2, ""temperature_angular_frequency"": 0.5}","{""decay_rate"": 0.05, ""interaction_time"": 0.0}"
finite-mode-spin-boson-dephasing,markovian-photon-reservoir-decay,cube_pmm,0.0,80,80,1.0,0.0,0.0,0.0,0.0,spin_boson_00,photon_decay_00,"{""cutoff_angular_frequency"": 1.0, ""interaction_time"": 0.0, ""mode_count"": 2, ""temperature_angular_frequency"": 0.5}","{""decay_rate"": 0.05, ""interaction_time"": 0.0}"
finite-mode-spin-boson-dephasing,markovian-photon-reservoir-decay,cube_pmp,0.0,80,80,1.0,0.0,0.0,0.0,0.0,spin_boson_00,photon_decay_00,"{""cutoff_angular_frequency"": 1.0, ""interaction_time"": 0.0, ""mode_count"": 2, ""temperature_angular_frequency"": 0.5}","{""decay_rate"": 0.05, ""interaction_time"": 0.0}"
finite-mode-spin-boson-dephasing,markovian-photon-reservoir-decay,cube_ppm,0.0,80,80,1.0,0.0,0.0,0.0,0.0,spin_boson_00,photon_decay_00,"{""cutoff_angular_frequency"": 1.0, ""interaction_time"": 0.0, ""mode_count"": 2, ""temperature_angular_frequency"": 0.5}","{""decay_rate"": 0.05, ""interaction_time"": 0.0}"
finite-mode-spin-boson-dephasing,markovian-photon-reservoir-decay,cube_ppp,0.0,80,80,1.0,0.0,0.0,0.0,0.0,spin_boson_00,photon_decay_00,"{""cutoff_angular_frequency"": 1.0, ""interaction_time"": 0.0, ""mode_count"": 2, ""temperature_angular_frequency"": 0.5}","{""decay_rate"": 0.05, ""interaction_time"": 0.0}"
finite-two-level-exchange-relaxation,markovian-photon-reservoir-decay,+,0.0,25,25,1.0,0.0,0.0,0.0,0.0,exchange_rate_00,photon_decay_00,"{""coupling"": 0.25, ""interaction_time"": 0.0}","{""decay_rate"": 0.05, ""interaction_time"": 0.0}"
finite-two-level-exchange-relaxation,markovian-photon-reservoir-decay,+i,0.0,25,25,1.0,0.0,0.0,0.0,0.0,exchange_rate_00,photon_decay_00,"{""coupling"": 0.25, ""interaction_time"": 0.0}","{""decay_rate"": 0.05, ""interaction_time"": 0.0}"
finite-two-level-exchange-relaxation,markovian-photon-reservoir-decay,-,0.0,25,25,1.0,0.0,0.0,0.0,0.0,exchange_rate_00,photon_decay_00,"{""coupling"": 0.25, ""interaction_time"": 0.0}","{""decay_rate"": 0.05, ""interaction_time"": 0.0}"
finite-two-level-exchange-relaxation,markovian-photon-reservoir-decay,-i,0.0,25,25,1.0,0.0,0.0,0.0,0.0,exchange_rate_00,photon_decay_00,"{""coupling"": 0.25, ""interaction_time"": 0.0}","{""decay_rate"": 0.05, ""interaction_time"": 0.0}"
finite-two-level-exchange-relaxation,markovian-photon-reservoir-decay,0,0.0,25,25,1.0,0.0,0.0,0.0,0.0,exchange_rate_00,photon_decay_00,"{""coupling"": 0.25, ""interaction_time"": 0.0}","{""decay_rate"": 0.05, ""interaction_time"": 0.0}"
finite-two-level-exchange-relaxation,markovian-photon-reservoir-decay,0,0.15707963267948966,25,25,1.0,0.0,0.0,0.0,0.0,exchange_rate_00,photon_decay_00,"{""coupling"": 0.25, ""interaction_time"": 0.15707963267948966}","{""decay_rate"": 0.05, ""interaction_time"": 0.15707963267948966}"
finite-two-level-exchange-relaxation,markovian-photon-reservoir-decay,0,0.3141592653589793,25,25,1.0,0.0,0.0,0.0,0.0,exchange_rate_00,photon_decay_00,"{""coupling"": 0.25, ""interaction_time"": 0.3141592653589793}","{""decay_rate"": 0.05, ""interaction_time"": 0.3141592653589793}"
finite-two-level-exchange-relaxation,markovian-photon-reservoir-decay,0,0.47123889803846897,25,25,1.0,0.0,0.0,0.0,0.0,exchange_rate_00,photon_decay_00,"{""coupling"": 0.25, ""interaction_time"": 0.47123889803846897}","{""decay_rate"": 0.05, ""interaction_time"": 0.47123889803846897}"
finite-two-level-exchange-relaxation,markovian-photon-reservoir-decay,0,0.6283185307179586,25,25,1.0,0.0,0.0,0.0,0.0,exchange_rate_00,photon_decay_00,"{""coupling"": 0.25, ""interaction_time"": 0.6283185307179586}","{""decay_rate"": 0.05, ""interaction_time"": 0.6283185307179586}"
finite-two-level-exchange-relaxation,markovian-photon-reservoir-decay,0,0.7853981633974483,25,25,1.0,0.0,0.0,0.0,0.0,exchange_rate_00,photon_decay_00,"{""coupling"": 0.25, ""interaction_time"": 0.7853981633974483}","{""decay_rate"": 0.05, ""interaction_time"": 0.7853981633974483}"
finite-two-level-exchange-relaxation,markovian-photon-reservoir-decay,0,0.9424777960769379,25,25,1.0,0.0,0.0,0.0,0.0,exchange_rate_00,photon_decay_00,"{""coupling"": 0.25, ""interaction_time"": 0.9424777960769379}","{""decay_rate"": 0.05, ""interaction_time"": 0.9424777960769379}"
finite-two-level-exchange-relaxation,markovian-photon-reservoir-decay,0,1.0995574287564276,25,25,1.0,0.0,0.0,0.0,0.0,exchange_rate_00,photon_decay_00,"{""coupling"": 0.25, ""interaction_time"": 1.0995574287564276}","{""decay_rate"": 0.05, ""interaction_time"": 1.0995574287564276}"
finite-two-level-exchange-relaxation,markovian-photon-reservoir-decay,0,1.2566370614359172,25,25,1.0,0.0,0.0,0.0,0.0,exchange_rate_00,photon_decay_00,"{""coupling"": 0.25, ""interaction_time"": 1.2566370614359172}","{""decay_rate"": 0.05, ""interaction_time"": 1.2566370614359172}"
finite-two-level-exchange-relaxation,markovian-photon-reservoir-decay,0,1.413716694115407,25,25,1.0,0.0,0.0,0.0,0.0,exchange_rate_00,photon_decay_00,"{""coupling"": 0.25, ""interaction_time"": 1.413716694115407}","{""decay_rate"": 0.05, ""interaction_time"": 1.413716694115407}"
finite-two-level-exchange-relaxation,markovian-photon-reservoir-decay,0,1.5707963267948966,25,25,1.0,0.0,0.0,0.0,0.0,exchange_rate_00,photon_decay_00,"{""coupling"": 0.25, ""interaction_time"": 1.5707963267948966}","{""decay_rate"": 0.05, ""interaction_time"": 1.5707963267948966}"
finite-two-level-exchange-relaxation,markovian-photon-reservoir-decay,0,1.7278759594743862,25,25,1.0,0.0,0.0,0.0,0.0,exchange_rate_00,photon_decay_00,"{""coupling"": 0.25, ""interaction_time"": 1.7278759594743862}","{""decay_rate"": 0.05, ""interaction_time"": 1.7278759594743862}"
finite-two-level-exchange-relaxation,markovian-photon-reservoir-decay,0,1.8849555921538759,25,25,1.0,0.0,0.0,0.0,0.0,exchange_rate_00,photon_decay_00,"{""coupling"": 0.25, ""interaction_time"": 1.8849555921538759}","{""decay_rate"": 0.05, ""interaction_time"": 1.8849555921538759}"
finite-two-level-exchange-relaxation,markovian-photon-reservoir-decay,0,2.0420352248333655,25,25,1.0,0.0,0.0,0.0,0.0,exchange_rate_00,photon_decay_00,"{""coupling"": 0.25, ""interaction_time"": 2.0420352248333655}","{""decay_rate"": 0.05, ""interaction_time"": 2.0420352248333655}"
finite-two-level-exchange-relaxation,markovian-photon-reservoir-decay,0,2.199114857512855,25,25,1.0,0.0,0.0,0.0,0.0,exchange_rate_00,photon_decay_00,"{""coupling"": 0.25, ""interaction_time"": 2.199114857512855}","{""decay_rate"": 0.05, ""interaction_time"": 2.199114857512855}"
finite-two-level-exchange-relaxation,markovian-photon-reservoir-decay,0,2.356194490192345,25,25,1.0,0.0,0.0,0.0,0.0,exchange_rate_00,photon_decay_00,"{""coupling"": 0.25, ""interaction_time"": 2.356194490192345}","{""decay_rate"": 0.05, ""interaction_time"": 2.356194490192345}"
finite-two-level-exchange-relaxation,markovian-photon-reservoir-decay,0,2.5132741228718345,25,25,1.0,0.0,0.0,0.0,0.0,exchange_rate_00,photon_decay_00,"{""coupling"": 0.25, ""interaction_time"": 2.5132741228718345}","{""decay_rate"": 0.05, ""interaction_time"": 2.5132741228718345}"
finite-two-level-exchange-relaxation,markovian-photon-reservoir-decay,0,2.670353755551324,25,25,1.0,0.0,0.0,0.0,0.0,exchange_rate_00,photon_decay_00,"{""coupling"": 0.25, ""interaction_time"": 2.670353755551324}","{""decay_rate"": 0.05, ""interaction_time"": 2.670353755551324}"
finite-two-level-exchange-relaxation,markovian-photon-reservoir-decay,0,2.827433388230814,25,25,1.0,0.0,0.0,0.0,0.0,exchange_rate_00,photon_decay_00,"{""coupling"": 0.25, ""interaction_time"": 2.827433388230814}","{""decay_rate"": 0.05, ""interaction_time"": 2.827433388230814}"
finite-two-level-exchange-relaxation,markovian-photon-reservoir-decay,0,2.9845130209103035,25,25,1.0,0.0,0.0,0.0,0.0,exchange_rate_00,photon_decay_00,"{""coupling"": 0.25, ""interaction_time"": 2.9845130209103035}","{""decay_rate"": 0.05, ""interaction_time"": 2.9845130209103035}"
finite-two-level-exchange-relaxation,markovian-photon-reservoir-decay,0,3.141592653589793,25,25,1.0,0.0,0.0,0.0,0.0,exchange_rate_00,photon_decay_00,"{""coupling"": 0.25, ""interaction_time"": 3.141592653589793}","{""decay_rate"": 0.05, ""interaction_time"": 3.141592653589793}"
finite-two-level-exchange-relaxation,markovian-photon-reservoir-decay,0,3.2986722862692828,25,25,1.0,0.0,0.0,0.0,0.0,exchange_rate_00,photon_decay_00,"{""coupling"": 0.25, ""interaction_time"": 3.2986722862692828}","{""decay_rate"": 0.05, ""interaction_time"": 3.2986722862692828}"
finite-two-level-exchange-relaxation,markovian-photon-reservoir-decay,0,3.4557519189487724,25,25,1.0,0.0,0.0,0.0,0.0,exchange_rate_00,photon_decay_00,"{""coupling"": 0.25, ""interaction_time"": 3.4557519189487724}","{""decay_rate"": 0.05, ""interaction_time"": 3.4557519189487724}"
finite-two-level-exchange-relaxation,markovian-photon-reservoir-decay,0,3.612831551628262,25,25,1.0,0.0,0.0,0.0,0.0,exchange_rate_00,photon_decay_00,"{""coupling"": 0.25, ""interaction_time"": 3.612831551628262}","{""decay_rate"": 0.05, ""interaction_time"": 3.612831551628262}"
finite-two-level-exchange-relaxation,markovian-photon-reservoir-decay,0,3.7699111843077517,25,25,1.0,0.0,0.0,0.0,0.0,exchange_rate_00,photon_decay_00,"{""coupling"": 0.25, ""interaction_time"": 3.7699111843077517}","{""decay_rate"": 0.05, ""interaction_time"": 3.7699111843077517}"
finite-two-level-exchange-relaxation,markovian-photon-reservoir-decay,0,3.9269908169872414,25,25,1.0,0.0,0.0,0.0,0.0,exchange_rate_00,photon_decay_00,"{""coupling"": 0.25, ""interaction_time"": 3.9269908169872414}","{""decay_rate"": 0.05, ""interaction_time"": 3.9269908169872414}"
finite-two-level-exchange-relaxation,markovian-photon-reservoir-decay,0,4.084070449666731,25,25,1.0,0.0,0.0,0.0,0.0,exchange_rate_00,photon_decay_00,"{""coupling"": 0.25, ""interaction_time"": 4.084070449666731}","{""decay_rate"": 0.05, ""interaction_time"": 4.084070449666731}"
finite-two-level-exchange-relaxation,markovian-photon-reservoir-decay,0,4.241150082346221,25,25,1.0,0.0,0.0,0.0,0.0,exchange_rate_00,photon_decay_00,"{""coupling"": 0.25, ""interaction_time"": 4.241150082346221}","{""decay_rate"": 0.05, ""interaction_time"": 4.241150082346221}"
finite-two-level-exchange-relaxation,markovian-photon-reservoir-decay,0,4.39822971502571,25,25,1.0,0.0,0.0,0.0,0.0,exchange_rate_00,photon_decay_00,"{""coupling"": 0.25, ""interaction_time"": 4.39822971502571}","{""decay_rate"": 0.05, ""interaction_time"": 4.39822971502571}"
finite-two-level-exchange-relaxation,markovian-photon-reservoir-decay,0,4.5553093477052,25,25,1.0,0.0,0.0,0.0,0.0,exchange_rate_00,photon_decay_00,"{""coupling"": 0.25, ""interaction_time"": 4.5553093477052}","{""decay_rate"": 0.05, ""interaction_time"": 4.5553093477052}"
finite-two-level-exchange-relaxation,markovian-photon-reservoir-decay,0,4.71238898038469,25,25,1.0,0.0,0.0,0.0,0.0,exchange_rate_00,photon_decay_00,"{""coupling"": 0.25, ""interaction_time"": 4.71238898038469}","{""decay_rate"": 0.05, ""interaction_time"": 4.71238898038469}"
finite-two-level-exchange-relaxation,markovian-photon-reservoir-decay,0,4.869468613064179,25,25,1.0,0.0,0.0,0.0,0.0,exchange_rate_00,photon_decay_00,"{""coupling"": 0.25, ""interaction_time"": 4.869468613064179}","{""decay_rate"": 0.05, ""interaction_time"": 4.869468613064179}"
finite-two-level-exchange-relaxation,markovian-photon-reservoir-decay,0,5.026548245743669,25,25,1.0,0.0,0.0,0.0,0.0,exchange_rate_00,photon_decay_00,"{""coupling"": 0.25, ""interaction_time"": 5.026548245743669}","{""decay_rate"": 0.05, ""interaction_time"": 5.026548245743669}"
finite-two-level-exchange-relaxation,markovian-photon-reservoir-decay,0,5.183627878423159,25,25,1.0,0.0,0.0,0.0,0.0,exchange_rate_00,photon_decay_00,"{""coupling"": 0.25, ""interaction_time"": 5.183627878423159}","{""decay_rate"": 0.05, ""interaction_time"": 5.183627878423159}"
finite-two-level-exchange-relaxation,markovian-photon-reservoir-decay,0,5.340707511102648,25,25,1.0,0.0,0.0,0.0,0.0,exchange_rate_00,photon_decay_00,"{""coupling"": 0.25, ""interaction_time"": 5.340707511102648}","{""decay_rate"": 0.05, ""interaction_time"": 5.340707511102648}"
finite-two-level-exchange-relaxation,markovian-photon-reservoir-decay,0,5.497787143782138,25,25,1.0,0.0,0.0,0.0,0.0,exchange_rate_00,photon_decay_00,"{""coupling"": 0.25, ""interaction_time"": 5.497787143782138}","{""decay_rate"": 0.05, ""interaction_time"": 5.497787143782138}"
finite-two-level-exchange-relaxation,markovian-photon-reservoir-decay,0,5.654866776461628,25,25,1.0,0.0,0.0,0.0,0.0,exchange_rate_00,photon_decay_00,"{""coupling"": 0.25, ""interaction_time"": 5.654866776461628}","{""decay_rate"": 0.05, ""interaction_time"": 5.654866776461628}"
finite-two-level-exchange-relaxation,markovian-photon-reservoir-decay,0,5.811946409141117,25,25,1.0,0.0,0.0,0.0,0.0,exchange_rate_00,photon_decay_00,"{""coupling"": 0.25, ""interaction_time"": 5.811946409141117}","{""decay_rate"": 0.05, ""interaction_time"": 5.811946409141117}"
finite-two-level-exchange-relaxation,markovian-photon-reservoir-decay,0,5.969026041820607,25,25,1.0,0.0,0.0,0.0,0.0,exchange_rate_00,photon_decay_00,"{""coupling"": 0.25, ""interaction_time"": 5.969026041820607}","{""decay_rate"": 0.05, ""interaction_time"": 5.969026041820607}"
finite-two-level-exchange-relaxation,markovian-photon-reservoir-decay,0,6.126105674500097,25,25,1.0,0.0,0.0,0.0,0.0,exchange_rate_00,photon_decay_00,"{""coupling"": 0.25, ""interaction_time"": 6.126105674500097}","{""decay_rate"": 0.05, ""interaction_time"": 6.126105674500097}"
finite-two-level-exchange-relaxation,markovian-photon-reservoir-decay,0,6.283185307179586,25,25,1.0,0.0,0.0,0.0,0.0,exchange_rate_00,photon_decay_00,"{""coupling"": 0.25, ""interaction_time"": 6.283185307179586}","{""decay_rate"": 0.05, ""interaction_time"": 6.283185307179586}"
finite-two-level-exchange-relaxation,markovian-photon-reservoir-decay,0,6.440264939859076,25,25,1.0,0.0,0.0,0.0,0.0,exchange_rate_00,photon_decay_00,"{""coupling"": 0.25, ""interaction_time"": 6.440264939859076}","{""decay_rate"": 0.05, ""interaction_time"": 6.440264939859076}"
finite-two-level-exchange-relaxation,markovian-photon-reservoir-decay,0,6.5973445725385655,25,25,1.0,0.0,0.0,0.0,0.0,exchange_rate_00,photon_decay_00,"{""coupling"": 0.25, ""interaction_time"": 6.5973445725385655}","{""decay_rate"": 0.05, ""interaction_time"": 6.5973445725385655}"
finite-two-level-exchange-relaxation,markovian-photon-reservoir-decay,0,6.754424205218055,25,25,1.0,0.0,0.0,0.0,0.0,exchange_rate_00,photon_decay_00,"{""coupling"": 0.25, ""interaction_time"": 6.754424205218055}","{""decay_rate"": 0.05, ""interaction_time"": 6.754424205218055}"
finite-two-level-exchange-relaxation,markovian-photon-reservoir-decay,0,6.911503837897545,25,25,1.0,0.0,0.0,0.0,0.0,exchange_rate_00,photon_decay_00,"{""coupling"": 0.25, ""interaction_time"": 6.911503837897545}","{""decay_rate"": 0.05, ""interaction_time"": 6.911503837897545}"
finite-two-level-exchange-relaxation,markovian-photon-reservoir-decay,0,7.0685834705770345,25,25,1.0,0.0,0.0,0.0,0.0,exchange_rate_00,photon_decay_00,"{""coupling"": 0.25, ""interaction_time"": 7.0685834705770345}","{""decay_rate"": 0.05, ""interaction_time"": 7.0685834705770345}"
finite-two-level-exchange-relaxation,markovian-photon-reservoir-decay,0,7.225663103256524,25,25,1.0,0.0,0.0,0.0,0.0,exchange_rate_00,photon_decay_00,"{""coupling"": 0.25, ""interaction_time"": 7.225663103256524}","{""decay_rate"": 0.05, ""interaction_time"": 7.225663103256524}"
finite-two-level-exchange-relaxation,markovian-photon-reservoir-decay,0,7.382742735936014,25,25,1.0,0.0,0.0,0.0,0.0,exchange_rate_00,photon_decay_00,"{""coupling"": 0.25, ""interaction_time"": 7.382742735936014}","{""decay_rate"": 0.05, ""interaction_time"": 7.382742735936014}"
finite-two-level-exchange-relaxation,markovian-photon-reservoir-decay,0,7.5398223686155035,25,25,1.0,0.0,0.0,0.0,0.0,exchange_rate_00,photon_decay_00,"{""coupling"": 0.25, ""interaction_time"": 7.5398223686155035}","{""decay_rate"": 0.05, ""interaction_time"": 7.5398223686155035}"
finite-two-level-exchange-relaxation,markovian-photon-reservoir-decay,0,7.696902001294993,25,25,1.0,0.0,0.0,0.0,0.0,exchange_rate_00,photon_decay_00,"{""coupling"": 0.25, ""interaction_time"": 7.696902001294993}","{""decay_rate"": 0.05, ""interaction_time"": 7.696902001294993}"
finite-two-level-exchange-relaxation,markovian-photon-reservoir-decay,0,7.853981633974483,25,25,1.0,0.0,0.0,0.0,0.0,exchange_rate_00,photon_decay_00,"{""coupling"": 0.25, ""interaction_time"": 7.853981633974483}","{""decay_rate"": 0.05, ""interaction_time"": 7.853981633974483}"
finite-two-level-exchange-relaxation,markovian-photon-reservoir-decay,0,8.011061266653972,25,25,1.0,0.0,0.0,0.0,0.0,exchange_rate_00,photon_decay_00,"{""coupling"": 0.25, ""interaction_time"": 8.011061266653972}","{""decay_rate"": 0.05, ""interaction_time"": 8.011061266653972}"
finite-two-level-exchange-relaxation,markovian-photon-reservoir-decay,0,8.168140899333462,25,25,1.0,0.0,0.0,0.0,0.0,exchange_rate_00,photon_decay_00,"{""coupling"": 0.25, ""interaction_time"": 8.168140899333462}","{""decay_rate"": 0.05, ""interaction_time"": 8.168140899333462}"
finite-two-level-exchange-relaxation,markovian-photon-reservoir-decay,0,8.325220532012953,25,25,1.0,0.0,0.0,0.0,0.0,exchange_rate_00,photon_decay_00,"{""coupling"": 0.25, ""interaction_time"": 8.325220532012953}","{""decay_rate"": 0.05, ""interaction_time"": 8.325220532012953}"
finite-two-level-exchange-relaxation,markovian-photon-reservoir-decay,0,8.482300164692441,25,25,1.0,0.0,0.0,0.0,0.0,exchange_rate_00,photon_decay_00,"{""coupling"": 0.25, ""interaction_time"": 8.482300164692441}","{""decay_rate"": 0.05, ""interaction_time"": 8.482300164692441}"
finite-two-level-exchange-relaxation,markovian-photon-reservoir-decay,0,8.63937979737193,25,25,1.0,0.0,0.0,0.0,0.0,exchange_rate_00,photon_decay_00,"{""coupling"": 0.25, ""interaction_time"": 8.63937979737193}","{""decay_rate"": 0.05, ""interaction_time"": 8.63937979737193}"
finite-two-level-exchange-relaxation,markovian-photon-reservoir-decay,0,8.79645943005142,25,25,1.0,0.0,0.0,0.0,0.0,exchange_rate_00,photon_decay_00,"{""coupling"": 0.25, ""interaction_time"": 8.79645943005142}","{""decay_rate"": 0.05, ""interaction_time"": 8.79645943005142}"
finite-two-level-exchange-relaxation,markovian-photon-reservoir-decay,0,8.953539062730911,25,25,1.0,0.0,0.0,0.0,0.0,exchange_rate_00,photon_decay_00,"{""coupling"": 0.25, ""interaction_time"": 8.953539062730911}","{""decay_rate"": 0.05, ""interaction_time"": 8.953539062730911}"
finite-two-level-exchange-relaxation,markovian-photon-reservoir-decay,0,9.1106186954104,25,25,1.0,0.0,0.0,0.0,0.0,exchange_rate_00,photon_decay_00,"{""coupling"": 0.25, ""interaction_time"": 9.1106186954104}","{""decay_rate"": 0.05, ""interaction_time"": 9.1106186954104}"
finite-two-level-exchange-relaxation,markovian-photon-reservoir-decay,0,9.267698328089889,25,25,1.0,0.0,0.0,0.0,0.0,exchange_rate_00,photon_decay_00,"{""coupling"": 0.25, ""interaction_time"": 9.267698328089889}","{""decay_rate"": 0.05, ""interaction_time"": 9.267698328089889}"
finite-two-level-exchange-relaxation,markovian-photon-reservoir-decay,0,9.42477796076938,25,25,1.0,0.0,0.0,0.0,0.0,exchange_rate_00,photon_decay_00,"{""coupling"": 0.25, ""interaction_time"": 9.42477796076938}","{""decay_rate"": 0.05, ""interaction_time"": 9.42477796076938}"
finite-two-level-exchange-relaxation,markovian-photon-reservoir-decay,0,9.58185759344887,25,25,1.0,0.0,0.0,0.0,0.0,exchange_rate_00,photon_decay_00,"{""coupling"": 0.25, ""interaction_time"": 9.58185759344887}","{""decay_rate"": 0.05, ""interaction_time"": 9.58185759344887}"
finite-two-level-exchange-relaxation,markovian-photon-reservoir-decay,0,9.738937226128359,25,25,1.0,0.0,0.0,0.0,0.0,exchange_rate_00,photon_decay_00,"{""coupling"": 0.25, ""interaction_time"": 9.738937226128359}","{""decay_rate"": 0.05, ""interaction_time"": 9.738937226128359}"
finite-two-level-exchange-relaxation,markovian-photon-reservoir-decay,0,9.896016858807847,25,25,1.0,0.0,0.0,0.0,0.0,exchange_rate_00,photon_decay_00,"{""coupling"": 0.25, ""interaction_time"": 9.896016858807847}","{""decay_rate"": 0.05, ""interaction_time"": 9.896016858807847}"
finite-two-level-exchange-relaxation,markovian-photon-reservoir-decay,0,10.053096491487338,25,25,1.0,0.0,0.0,0.0,0.0,exchange_rate_00,photon_decay_00,"{""coupling"": 0.25, ""interaction_time"": 10.053096491487338}","{""decay_rate"": 0.05, ""interaction_time"": 10.053096491487338}"
finite-two-level-exchange-relaxation,markovian-photon-reservoir-decay,0,10.210176124166829,25,25,1.0,0.0,0.0,0.0,0.0,exchange_rate_00,photon_decay_00,"{""coupling"": 0.25, ""interaction_time"": 10.210176124166829}","{""decay_rate"": 0.05, ""interaction_time"": 10.210176124166829}"
finite-two-level-exchange-relaxation,markovian-photon-reservoir-decay,0,10.367255756846317,25,25,1.0,0.0,0.0,0.0,0.0,exchange_rate_00,photon_decay_00,"{""coupling"": 0.25, ""interaction_time"": 10.367255756846317}","{""decay_rate"": 0.05, ""interaction_time"": 10.367255756846317}"
finite-two-level-exchange-relaxation,markovian-photon-reservoir-decay,0,10.524335389525806,25,25,1.0,0.0,0.0,0.0,0.0,exchange_rate_00,photon_decay_00,"{""coupling"": 0.25, ""interaction_time"": 10.524335389525806}","{""decay_rate"": 0.05, ""interaction_time"": 10.524335389525806}"
finite-two-level-exchange-relaxation,markovian-photon-reservoir-decay,0,10.681415022205297,25,25,1.0,0.0,0.0,0.0,0.0,exchange_rate_00,photon_decay_00,"{""coupling"": 0.25, ""interaction_time"": 10.681415022205297}","{""decay_rate"": 0.05, ""interaction_time"": 10.681415022205297}"
finite-two-level-exchange-relaxation,markovian-photon-reservoir-decay,0,10.838494654884787,25,25,1.0,0.0,0.0,0.0,0.0,exchange_rate_00,photon_decay_00,"{""coupling"": 0.25, ""interaction_time"": 10.838494654884787}","{""decay_rate"": 0.05, ""interaction_time"": 10.838494654884787}"
finite-two-level-exchange-relaxation,markovian-photon-reservoir-decay,0,10.995574287564276,25,25,1.0,0.0,0.0,0.0,0.0,exchange_rate_00,photon_decay_00,"{""coupling"": 0.25, ""interaction_time"": 10.995574287564276}","{""decay_rate"": 0.05, ""interaction_time"": 10.995574287564276}"
finite-two-level-exchange-relaxation,markovian-photon-reservoir-decay,0,11.152653920243765,25,25,1.0,0.0,0.0,0.0,0.0,exchange_rate_00,photon_decay_00,"{""coupling"": 0.25, ""interaction_time"": 11.152653920243765}","{""decay_rate"": 0.05, ""interaction_time"": 11.152653920243765}"
finite-two-level-exchange-relaxation,markovian-photon-reservoir-decay,0,11.309733552923255,25,25,1.0,0.0,0.0,0.0,0.0,exchange_rate_00,photon_decay_00,"{""coupling"": 0.25, ""interaction_time"": 11.309733552923255}","{""decay_rate"": 0.05, ""interaction_time"": 11.309733552923255}"
finite-two-level-exchange-relaxation,markovian-photon-reservoir-decay,0,11.466813185602746,25,25,1.0,0.0,0.0,0.0,0.0,exchange_rate_00,photon_decay_00,"{""coupling"": 0.25, ""interaction_time"": 11.466813185602746}","{""decay_rate"": 0.05, ""interaction_time"": 11.466813185602746}"
finite-two-level-exchange-relaxation,markovian-photon-reservoir-decay,0,11.623892818282235,25,25,1.0,0.0,0.0,0.0,0.0,exchange_rate_00,photon_decay_00,"{""coupling"": 0.25, ""interaction_time"": 11.623892818282235}","{""decay_rate"": 0.05, ""interaction_time"": 11.623892818282235}"
finite-two-level-exchange-relaxation,markovian-photon-reservoir-decay,0,11.780972450961723,25,25,1.0,0.0,0.0,0.0,0.0,exchange_rate_00,photon_decay_00,"{""coupling"": 0.25, ""interaction_time"": 11.780972450961723}","{""decay_rate"": 0.05, ""interaction_time"": 11.780972450961723}"
finite-two-level-exchange-relaxation,markovian-photon-reservoir-decay,0,11.938052083641214,25,25,1.0,0.0,0.0,0.0,0.0,exchange_rate_00,photon_decay_00,"{""coupling"": 0.25, ""interaction_time"": 11.938052083641214}","{""decay_rate"": 0.05, ""interaction_time"": 11.938052083641214}"
finite-two-level-exchange-relaxation,markovian-photon-reservoir-decay,0,12.095131716320704,25,25,1.0,0.0,0.0,0.0,0.0,exchange_rate_00,photon_decay_00,"{""coupling"": 0.25, ""interaction_time"": 12.095131716320704}","{""decay_rate"": 0.05, ""interaction_time"": 12.095131716320704}"
finite-two-level-exchange-relaxation,markovian-photon-reservoir-decay,0,12.252211349000193,25,25,1.0,0.0,0.0,0.0,0.0,exchange_rate_00,photon_decay_00,"{""coupling"": 0.25, ""interaction_time"": 12.252211349000193}","{""decay_rate"": 0.05, ""interaction_time"": 12.252211349000193}"
finite-two-level-exchange-relaxation,markovian-photon-reservoir-decay,0,12.409290981679682,25,25,1.0,0.0,0.0,0.0,0.0,exchange_rate_00,photon_decay_00,"{""coupling"": 0.25, ""interaction_time"": 12.409290981679682}","{""decay_rate"": 0.05, ""interaction_time"": 12.409290981679682}"
finite-two-level-exchange-relaxation,markovian-photon-reservoir-decay,0,12.566370614359172,25,25,1.0,0.0,0.0,0.0,0.0,exchange_rate_00,photon_decay_00,"{""coupling"": 0.25, ""interaction_time"": 12.566370614359172}","{""decay_rate"": 0.05, ""interaction_time"": 12.566370614359172}"
finite-two-level-exchange-relaxation,markovian-photon-reservoir-decay,1,0.0,25,25,1.0,0.0,0.0,0.0,0.0,exchange_rate_00,photon_decay_00,"{""coupling"": 0.25, ""interaction_time"": 0.0}","{""decay_rate"": 0.05, ""interaction_time"": 0.0}"
finite-two-level-exchange-relaxation,markovian-photon-reservoir-decay,cube_mmm,0.0,25,25,1.0,0.0,0.0,0.0,0.0,exchange_rate_00,photon_decay_00,"{""coupling"": 0.25, ""interaction_time"": 0.0}","{""decay_rate"": 0.05, ""interaction_time"": 0.0}"
finite-two-level-exchange-relaxation,markovian-photon-reservoir-decay,cube_mmp,0.0,25,25,1.0,0.0,0.0,0.0,0.0,exchange_rate_00,photon_decay_00,"{""coupling"": 0.25, ""interaction_time"": 0.0}","{""decay_rate"": 0.05, ""interaction_time"": 0.0}"
finite-two-level-exchange-relaxation,markovian-photon-reservoir-decay,cube_mpm,0.0,25,25,1.0,0.0,0.0,0.0,0.0,exchange_rate_00,photon_decay_00,"{""coupling"": 0.25, ""interaction_time"": 0.0}","{""decay_rate"": 0.05, ""interaction_time"": 0.0}"
finite-two-level-exchange-relaxation,markovian-photon-reservoir-decay,cube_mpp,0.0,25,25,1.0,0.0,0.0,0.0,0.0,exchange_rate_00,photon_decay_00,"{""coupling"": 0.25, ""interaction_time"": 0.0}","{""decay_rate"": 0.05, ""interaction_time"": 0.0}"
finite-two-level-exchange-relaxation,markovian-photon-reservoir-decay,cube_pmm,0.0,25,25,1.0,0.0,0.0,0.0,0.0,exchange_rate_00,photon_decay_00,"{""coupling"": 0.25, ""interaction_time"": 0.0}","{""decay_rate"": 0.05, ""interaction_time"": 0.0}"
finite-two-level-exchange-relaxation,markovian-photon-reservoir-decay,cube_pmp,0.0,25,25,1.0,0.0,0.0,0.0,0.0,exchange_rate_00,photon_decay_00,"{""coupling"": 0.25, ""interaction_time"": 0.0}","{""decay_rate"": 0.05, ""interaction_time"": 0.0}"
finite-two-level-exchange-relaxation,markovian-photon-reservoir-decay,cube_ppm,0.0,25,25,1.0,0.0,0.0,0.0,0.0,exchange_rate_00,photon_decay_00,"{""coupling"": 0.25, ""interaction_time"": 0.0}","{""decay_rate"": 0.05, ""interaction_time"": 0.0}"
finite-two-level-exchange-relaxation,markovian-photon-reservoir-decay,cube_ppp,0.0,25,25,1.0,0.0,0.0,0.0,0.0,exchange_rate_00,photon_decay_00,"{""coupling"": 0.25, ""interaction_time"": 0.0}","{""decay_rate"": 0.05, ""interaction_time"": 0.0}"
