agent_model_id,probe_id,time_s,parameter_pair_comparisons,collision_pair_count,collision_pair_fraction,mean_trace_distance,min_trace_distance,max_trace_distance
coherent-longitudinal-detuning,0,0.0,10,10,1.0,0.0,0.0,0.0
coherent-longitudinal-detuning,1,0.0,10,10,1.0,0.0,0.0,0.0
coherent-longitudinal-detuning,+,0.0,10,10,1.0,0.0,0.0,0.0
coherent-longitudinal-detuning,-,0.0,10,10,1.0,0.0,0.0,0.0
coherent-longitudinal-detuning,+i,0.0,10,10,1.0,0.0,0.0,0.0
coherent-longitudinal-detuning,-i,0.0,10,10,1.0,0.0,0.0,0.0
coherent-longitudinal-detuning,cube_mmm,0.0,10,10,1.0,0.0,0.0,0.0
coherent-longitudinal-detuning,cube_mmp,0.0,10,10,1.0,0.0,0.0,0.0
coherent-longitudinal-detuning,cube_mpm,0.0,10,10,1.0,0.0,0.0,0.0
coherent-longitudinal-detuning,cube_mpp,0.0,10,10,1.0,0.0,0.0,0.0
coherent-longitudinal-detuning,cube_pmm,0.0,10,10,1.0,0.0,0.0,0.0
coherent-longitudinal-detuning,cube_pmp,0.0,10,10,1.0,0.0,0.0,0.0
coherent-longitudinal-detuning,cube_ppm,0.0,10,10,1.0,0.0,0.0,0.0
coherent-longitudinal-detuning,cube_ppp,0.0,10,10,1.0,0.0,0.0,0.0
coherent-longitudinal-detuning,0,0.15707963267948966,10,10,1.0,3.3306690738754695e-17,0.0,5.551115123125783e-17
coherent-longitudinal-detuning,1,0.15707963267948966,10,10,1.0,3.3306690738754695e-17,0.0,5.551115123125783e-17
coherent-longitudinal-detuning,+,0.15707963267948966,10,0,0.0,0.04708983680188743,0.01963369246062829,0.09801714032956059
coherent-longitudinal-detuning,-,0.15707963267948966,10,0,0.0,0.04708983680188743,0.01963369246062829,0.09801714032956059
coherent-longitudinal-detuning,+i,0.15707963267948966,10,0,0.0,0.04708983680188743,0.01963369246062829,0.09801714032956059
coherent-longitudinal-detuning,-i,0.15707963267948966,10,0,0.0,0.04708983680188743,0.01963369246062829,0.09801714032956059
coherent-longitudinal-detuning,cube_mmm,0.15707963267948966,10,0,0.0,0.0384486907451857,0.016030842765089467,0.08003065995139937
coherent-longitudinal-detuning,cube_mmp,0.15707963267948966,10,0,0.0,0.0384486907451857,0.016030842765089467,0.08003065995139937
coherent-longitudinal-detuning,cube_mpm,0.15707963267948966,10,0,0.0,0.038448690745185685,0.016030842765089388,0.08003065995139935
coherent-longitudinal-detuning,cube_mpp,0.15707963267948966,10,0,0.0,0.038448690745185685,0.016030842765089388,0.08003065995139935
coherent-longitudinal-detuning,cube_pmm,0.15707963267948966,10,0,0.0,0.038448690745185685,0.016030842765089388,0.08003065995139935
coherent-longitudinal-detuning,cube_pmp,0.15707963267948966,10,0,0.0,0.038448690745185685,0.016030842765089388,0.08003065995139935
coherent-longitudinal-detuning,cube_ppm,0.15707963267948966,10,0,0.0,0.0384486907451857,0.016030842765089467,0.08003065995139937
coherent-longitudinal-detuning,cube_ppp,0.15707963267948966,10,0,0.0,0.0384486907451857,0.016030842765089467,0.08003065995139937
coherent-longitudinal-detuning,0,0.3141592653589793,10,10,1.0,3.3306690738754695e-17,0.0,5.551115123125783e-17
coherent-longitudinal-detuning,1,0.3141592653589793,10,10,1.0,3.3306690738754695e-17,0.0,5.551115123125783e-17
coherent-longitudinal-detuning,+,0.3141592653589793,10,0,0.0,0.09397563164327749,0.039259815759068596,0.1950903220161282
coherent-longitudinal-detuning,-,0.3141592653589793,10,0,0.0,0.09397563164327749,0.039259815759068596,0.1950903220161282
coherent-longitudinal-detuning,+i,0.3141592653589793,10,0,0.0,0.09397563164327748,0.039259815759068596,0.1950903220161282
coherent-longitudinal-detuning,-i,0.3141592653589793,10,0,0.0,0.09397563164327748,0.039259815759068596,0.1950903220161282
coherent-longitudinal-detuning,cube_mmm,0.3141592653589793,10,0,0.0,0.07673078192725953,0.03205550533513195,0.15929058089825782
coherent-longitudinal-detuning,cube_mmp,0.3141592653589793,10,0,0.0,0.07673078192725953,0.03205550533513195,0.15929058089825782
coherent-longitudinal-detuning,cube_mpm,0.3141592653589793,10,0,0.0,0.07673078192725952,0.03205550533513195,0.1592905808982578
coherent-longitudinal-detuning,cube_mpp,0.3141592653589793,10,0,0.0,0.07673078192725952,0.03205550533513195,0.1592905808982578
coherent-longitudinal-detuning,cube_pmm,0.3141592653589793,10,0,0.0,0.07673078192725952,0.03205550533513195,0.1592905808982578
coherent-longitudinal-detuning,cube_pmp,0.3141592653589793,10,0,0.0,0.07673078192725952,0.03205550533513195,0.1592905808982578
coherent-longitudinal-detuning,cube_ppm,0.3141592653589793,10,0,0.0,0.07673078192725953,0.03205550533513195,0.15929058089825782
coherent-longitudinal-detuning,cube_ppp,0.3141592653589793,10,0,0.0,0.07673078192725953,0.03205550533513195,0.15929058089825782
coherent-longitudinal-detuning,0,0.47123889803846897,10,10,1.0,3.3306690738754695e-17,0.0,5.551115123125783e-17
coherent-longitudinal-detuning,1,0.47123889803846897,10,10,1.0,3.3306690738754695e-17,0.0,5.551115123125783e-17
coherent-longitudinal-detuning,+,0.47123889803846897,10,0,0.0,0.14045472043061563,0.05887080365118899,0.29028467725446233
coherent-longitudinal-detuning,-,0.47123889803846897,10,0,0.0,0.14045472043061563,0.05887080365118899,0.29028467725446233
coherent-longitudinal-detuning,+i,0.47123889803846897,10,0,0.0,0.14045472043061563,0.05887080365118897,0.29028467725446233
coherent-longitudinal-detuning,-i,0.47123889803846897,10,0,0.0,0.14045472043061563,0.05887080365118897,0.29028467725446233
coherent-longitudinal-detuning,cube_mmm,0.47123889803846897,10,0,0.0,0.11468079900675736,0.048067809897663336,0.237016446473977
coherent-longitudinal-detuning,cube_mmp,0.47123889803846897,10,0,0.0,0.11468079900675736,0.048067809897663336,0.237016446473977
coherent-longitudinal-detuning,cube_mpm,0.47123889803846897,10,0,0.0,0.11468079900675739,0.04806780989766333,0.23701644647397704
coherent-longitudinal-detuning,cube_mpp,0.47123889803846897,10,0,0.0,0.11468079900675739,0.04806780989766333,0.23701644647397704
coherent-longitudinal-detuning,cube_pmm,0.47123889803846897,10,0,0.0,0.11468079900675739,0.04806780989766333,0.23701644647397704
coherent-longitudinal-detuning,cube_pmp,0.47123889803846897,10,0,0.0,0.11468079900675739,0.04806780989766333,0.23701644647397704
coherent-longitudinal-detuning,cube_ppm,0.47123889803846897,10,0,0.0,0.11468079900675736,0.048067809897663336,0.237016446473977
coherent-longitudinal-detuning,cube_ppp,0.47123889803846897,10,0,0.0,0.11468079900675736,0.048067809897663336,0.237016446473977
coherent-longitudinal-detuning,0,0.6283185307179586,10,10,1.0,3.3306690738754695e-17,0.0,5.551115123125783e-17
coherent-longitudinal-detuning,1,0.6283185307179586,10,10,1.0,3.3306690738754695e-17,0.0,5.551115123125783e-17
coherent-longitudinal-detuning,+,0.6283185307179586,10,0,0.0,0.18632718367560747,0.07845909572784489,0.3826834323650896
coherent-longitudinal-detuning,-,0.6283185307179586,10,0,0.0,0.18632718367560747,0.07845909572784489,0.3826834323650896
coherent-longitudinal-detuning,+i,0.6283185307179586,10,0,0.0,0.18632718367560747,0.07845909572784489,0.38268343236508967
coherent-longitudinal-detuning,-i,0.6283185307179586,10,0,0.0,0.18632718367560747,0.07845909572784489,0.38268343236508967
coherent-longitudinal-detuning,cube_mmm,0.6283185307179586,10,0,0.0,0.15213550840502596,0.06406158340446652,0.3124597141037825
coherent-longitudinal-detuning,cube_mmp,0.6283185307179586,10,0,0.0,0.15213550840502596,0.06406158340446652,0.3124597141037825
coherent-longitudinal-detuning,cube_mpm,0.6283185307179586,10,0,0.0,0.15213550840502596,0.0640615834044665,0.3124597141037825
coherent-longitudinal-detuning,cube_mpp,0.6283185307179586,10,0,0.0,0.15213550840502596,0.0640615834044665,0.3124597141037825
coherent-longitudinal-detuning,cube_pmm,0.6283185307179586,10,0,0.0,0.15213550840502596,0.0640615834044665,0.3124597141037825
coherent-longitudinal-detuning,cube_pmp,0.6283185307179586,10,0,0.0,0.15213550840502596,0.0640615834044665,0.3124597141037825
coherent-longitudinal-detuning,cube_ppm,0.6283185307179586,10,0,0.0,0.15213550840502596,0.06406158340446652,0.3124597141037825
coherent-longitudinal-detuning,cube_ppp,0.6283185307179586,10,0,0.0,0.15213550840502596,0.06406158340446652,0.3124597141037825
coherent-longitudinal-detuning,0,0.7853981633974483,10,10,1.0,2.2204460492503132e-17,0.0,5.551115123125783e-17
coherent-longitudinal-detuning,1,0.7853981633974483,10,10,1.0,2.2204460492503132e-17,0.0,5.551115123125783e-17
coherent-longitudinal-detuning,+,0.7853981633974483,10,0,0.0,0.23139719107370788,0.09801714032956058,0.47139673682599753
coherent-longitudinal-detuning,-,0.7853981633974483,10,0,0.0,0.23139719107370788,0.09801714032956058,0.47139673682599753
coherent-longitudinal-detuning,+i,0.7853981633974483,10,0,0.0,0.23139719107370782,0.09801714032956055,0.4713967368259975
coherent-longitudinal-detuning,-i,0.7853981633974483,10,0,0.0,0.23139719107370782,0.09801714032956055,0.4713967368259975
coherent-longitudinal-detuning,cube_mmm,0.7853981633974483,10,0,0.0,0.18893501534796223,0.08003065995139931,0.3848938238789142
coherent-longitudinal-detuning,cube_mmp,0.7853981633974483,10,0,0.0,0.18893501534796223,0.08003065995139931,0.3848938238789142
coherent-longitudinal-detuning,cube_mpm,0.7853981633974483,10,0,0.0,0.18893501534796223,0.08003065995139934,0.3848938238789142
coherent-longitudinal-detuning,cube_mpp,0.7853981633974483,10,0,0.0,0.18893501534796223,0.08003065995139934,0.3848938238789142
coherent-longitudinal-detuning,cube_pmm,0.7853981633974483,10,0,0.0,0.18893501534796223,0.08003065995139934,0.3848938238789142
coherent-longitudinal-detuning,cube_pmp,0.7853981633974483,10,0,0.0,0.18893501534796223,0.08003065995139934,0.3848938238789142
coherent-longitudinal-detuning,cube_ppm,0.7853981633974483,10,0,0.0,0.18893501534796223,0.08003065995139931,0.3848938238789142
coherent-longitudinal-detuning,cube_ppp,0.7853981633974483,10,0,0.0,0.18893501534796223,0.08003065995139931,0.3848938238789142
coherent-longitudinal-detuning,0,0.9424777960769379,10,10,1.0,2.2204460492503132e-17,0.0,5.551115123125783e-17
coherent-longitudinal-detuning,1,0.9424777960769379,10,10,1.0,2.2204460492503132e-17,0.0,5.551115123125783e-17
coherent-longitudinal-detuning,+,0.9424777960769379,10,0,0.0,0.2754743130855363,0.11753739745783758,0.5555702330196021
coherent-longitudinal-detuning,-,0.9424777960769379,10,0,0.0,0.2754743130855363,0.11753739745783758,0.5555702330196021
coherent-longitudinal-detuning,+i,0.9424777960769379,10,0,0.0,0.2754743130855364,0.11753739745783758,0.5555702330196022
coherent-longitudinal-detuning,-i,0.9424777960769379,10,0,0.0,0.2754743130855364,0.11753739745783758,0.5555702330196022
coherent-longitudinal-detuning,cube_mmm,0.9424777960769379,10,0,0.0,0.22492383476775446,0.09596888315546762,0.45362119572572535
coherent-longitudinal-detuning,cube_mmp,0.9424777960769379,10,0,0.0,0.22492383476775446,0.09596888315546762,0.45362119572572535
coherent-longitudinal-detuning,cube_mpm,0.9424777960769379,10,0,0.0,0.2249238347677544,0.0959688831554676,0.45362119572572535
coherent-longitudinal-detuning,cube_mpp,0.9424777960769379,10,0,0.0,0.2249238347677544,0.0959688831554676,0.45362119572572535
coherent-longitudinal-detuning,cube_pmm,0.9424777960769379,10,0,0.0,0.2249238347677544,0.0959688831554676,0.45362119572572535
coherent-longitudinal-detuning,cube_pmp,0.9424777960769379,10,0,0.0,0.2249238347677544,0.0959688831554676,0.45362119572572535
coherent-longitudinal-detuning,cube_ppm,0.9424777960769379,10,0,0.0,0.22492383476775446,0.09596888315546762,0.45362119572572535
coherent-longitudinal-detuning,cube_ppp,0.9424777960769379,10,0,0.0,0.22492383476775446,0.09596888315546762,0.45362119572572535
coherent-longitudinal-detuning,0,1.0995574287564276,10,10,1.0,2.2204460492503132e-17,0.0,5.551115123125783e-17
coherent-longitudinal-detuning,1,1.0995574287564276,10,10,1.0,2.2204460492503132e-17,0.0,5.551115123125783e-17
coherent-longitudinal-detuning,+,1.0995574287564276,10,0,0.0,0.3183747889727002,0.13701234168196794,0.6343932841636455
coherent-longitudinal-detuning,-,1.0995574287564276,10,0,0.0,0.3183747889727002,0.13701234168196794,0.6343932841636455
coherent-longitudinal-detuning,+i,1.0995574287564276,10,0,0.0,0.3183747889727002,0.13701234168196796,0.6343932841636454
coherent-longitudinal-detuning,-i,1.0995574287564276,10,0,0.0,0.3183747889727002,0.13701234168196796,0.6343932841636454
coherent-longitudinal-detuning,cube_mmm,1.0995574287564276,10,0,0.0,0.2599519266497961,0.11187010852822826,0.5179799474831279
coherent-longitudinal-detuning,cube_mmp,1.0995574287564276,10,0,0.0,0.2599519266497961,0.11187010852822826,0.5179799474831279
coherent-longitudinal-detuning,cube_mpm,1.0995574287564276,10,0,0.0,0.2599519266497961,0.11187010852822828,0.5179799474831279
coherent-longitudinal-detuning,cube_mpp,1.0995574287564276,10,0,0.0,0.2599519266497961,0.11187010852822828,0.5179799474831279
coherent-longitudinal-detuning,cube_pmm,1.0995574287564276,10,0,0.0,0.2599519266497961,0.11187010852822828,0.5179799474831279
coherent-longitudinal-detuning,cube_pmp,1.0995574287564276,10,0,0.0,0.2599519266497961,0.11187010852822828,0.5179799474831279
coherent-longitudinal-detuning,cube_ppm,1.0995574287564276,10,0,0.0,0.2599519266497961,0.11187010852822826,0.5179799474831279
coherent-longitudinal-detuning,cube_ppp,1.0995574287564276,10,0,0.0,0.2599519266497961,0.11187010852822826,0.5179799474831279
coherent-longitudinal-detuning,0,1.2566370614359172,10,10,1.0,2.2204460492503132e-17,0.0,5.551115123125783e-17
coherent-longitudinal-detuning,1,1.2566370614359172,10,10,1.0,2.2204460492503132e-17,0.0,5.551115123125783e-17
coherent-longitudinal-detuning,+,1.2566370614359172,10,0,0.0,0.3599227411203649,0.1564344650402308,0.7071067811865475
coherent-longitudinal-detuning,-,1.2566370614359172,10,0,0.0,0.3599227411203649,0.1564344650402308,0.7071067811865475
coherent-longitudinal-detuning,+i,1.2566370614359172,10,0,0.0,0.3599227411203648,0.15643446504023076,0.7071067811865474
coherent-longitudinal-detuning,-i,1.2566370614359172,10,0,0.0,0.3599227411203648,0.15643446504023076,0.7071067811865474
coherent-longitudinal-detuning,cube_mmm,1.2566370614359172,10,0,0.0,0.29387568752291304,0.12772820584460634,0.5773502691896258
coherent-longitudinal-detuning,cube_mmp,1.2566370614359172,10,0,0.0,0.29387568752291304,0.12772820584460634,0.5773502691896258
coherent-longitudinal-detuning,cube_mpm,1.2566370614359172,10,0,0.0,0.29387568752291304,0.12772820584460637,0.577350269189626
coherent-longitudinal-detuning,cube_mpp,1.2566370614359172,10,0,0.0,0.29387568752291304,0.12772820584460637,0.577350269189626
coherent-longitudinal-detuning,cube_pmm,1.2566370614359172,10,0,0.0,0.29387568752291304,0.12772820584460637,0.577350269189626
coherent-longitudinal-detuning,cube_pmp,1.2566370614359172,10,0,0.0,0.29387568752291304,0.12772820584460637,0.577350269189626
coherent-longitudinal-detuning,cube_ppm,1.2566370614359172,10,0,0.0,0.29387568752291304,0.12772820584460634,0.5773502691896258
coherent-longitudinal-detuning,cube_ppp,1.2566370614359172,10,0,0.0,0.29387568752291304,0.12772820584460634,0.5773502691896258
coherent-longitudinal-detuning,0,1.413716694115407,10,10,1.0,2.2204460492503132e-17,0.0,5.551115123125783e-17
coherent-longitudinal-detuning,1,1.413716694115407,10,10,1.0,2.2204460492503132e-17,0.0,5.551115123125783e-17
coherent-longitudinal-detuning,+,1.413716694115407,10,0,0.0,0.39995132594844307,0.17579627993435443,0.7730104533627368
coherent-longitudinal-detuning,-,1.413716694115407,10,0,0.0,0.39995132594844307,0.17579627993435443,0.7730104533627368
coherent-longitudinal-detuning,+i,1.413716694115407,10,0,0.0,0.39995132594844307,0.17579627993435443,0.7730104533627368
coherent-longitudinal-detuning,-i,1.413716694115407,10,0,0.0,0.39995132594844307,0.17579627993435443,0.7730104533627368
coherent-longitudinal-detuning,cube_mmm,1.413716694115407,10,0,0.0,0.3265588901744144,0.14353706150621384,0.6311603921920662
coherent-longitudinal-detuning,cube_mmp,1.413716694115407,10,0,0.0,0.3265588901744144,0.14353706150621384,0.6311603921920662
coherent-longitudinal-detuning,cube_mpm,1.413716694115407,10,0,0.0,0.3265588901744144,0.14353706150621384,0.6311603921920662
coherent-longitudinal-detuning,cube_mpp,1.413716694115407,10,0,0.0,0.3265588901744144,0.14353706150621384,0.6311603921920662
coherent-longitudinal-detuning,cube_pmm,1.413716694115407,10,0,0.0,0.3265588901744144,0.14353706150621384,0.6311603921920662
coherent-longitudinal-detuning,cube_pmp,1.413716694115407,10,0,0.0,0.3265588901744144,0.14353706150621384,0.6311603921920662
coherent-longitudinal-detuning,cube_ppm,1.413716694115407,10,0,0.0,0.3265588901744144,0.14353706150621384,0.6311603921920662
coherent-longitudinal-detuning,cube_ppp,1.413716694115407,10,0,0.0,0.3265588901744144,0.14353706150621384,0.6311603921920662
coherent-longitudinal-detuning,0,1.5707963267948966,10,10,1.0,0.0,0.0,0.0
coherent-longitudinal-detuning,1,1.5707963267948966,10,10,1.0,0.0,0.0,0.0
coherent-longitudinal-detuning,+,1.5707963267948966,10,0,0.0,0.438303812267195,0.19509032201612814,0.831469612302545
coherent-longitudinal-detuning,-,1.5707963267948966,10,0,0.0,0.438303812267195,0.19509032201612814,0.831469612302545
coherent-longitudinal-detuning,+i,1.5707963267948966,10,0,0.0,0.438303812267195,0.19509032201612814,0.831469612302545
coherent-longitudinal-detuning,-i,1.5707963267948966,10,0,0.0,0.438303812267195,0.19509032201612814,0.831469612302545
coherent-longitudinal-detuning,cube_mmm,1.5707963267948966,10,0,0.0,0.35787356412375276,0.15929058089825776,0.6788920955903301
coherent-longitudinal-detuning,cube_mmp,1.5707963267948966,10,0,0.0,0.35787356412375276,0.15929058089825776,0.6788920955903301
coherent-longitudinal-detuning,cube_mpm,1.5707963267948966,10,0,0.0,0.35787356412375276,0.15929058089825776,0.6788920955903301
coherent-longitudinal-detuning,cube_mpp,1.5707963267948966,10,0,0.0,0.35787356412375276,0.15929058089825776,0.6788920955903301
coherent-longitudinal-detuning,cube_pmm,1.5707963267948966,10,0,0.0,0.35787356412375276,0.15929058089825776,0.6788920955903301
coherent-longitudinal-detuning,cube_pmp,1.5707963267948966,10,0,0.0,0.35787356412375276,0.15929058089825776,0.6788920955903301
coherent-longitudinal-detuning,cube_ppm,1.5707963267948966,10,0,0.0,0.35787356412375276,0.15929058089825776,0.6788920955903301
coherent-longitudinal-detuning,cube_ppp,1.5707963267948966,10,0,0.0,0.35787356412375276,0.15929058089825776,0.6788920955903301
coherent-longitudinal-detuning,0,1.7278759594743862,10,10,1.0,3.3306690738754695e-17,0.0,5.551115123125783e-17
coherent-longitudinal-detuning,1,1.7278759594743862,10,10,1.0,3.3306690738754695e-17,0.0,5.551115123125783e-17
coherent-longitudinal-detuning,+,1.7278759594743862,10,0,0.0,0.47483457856629646,0.2143091530650506,0.8819212643483548
coherent-longitudinal-detuning,-,1.7278759594743862,10,0,0.0,0.47483457856629646,0.2143091530650506,0.8819212643483548
coherent-longitudinal-detuning,+i,1.7278759594743862,10,0,0.0,0.47483457856629646,0.21430915306505058,0.8819212643483548
coherent-longitudinal-detuning,-i,1.7278759594743862,10,0,0.0,0.47483457856629646,0.21430915306505058,0.8819212643483548
coherent-longitudinal-detuning,cube_mmm,1.7278759594743862,10,0,0.0,0.3877008099056388,0.17498269073913061,0.7200856969878893
coherent-longitudinal-detuning,cube_mmp,1.7278759594743862,10,0,0.0,0.3877008099056388,0.17498269073913061,0.7200856969878893
coherent-longitudinal-detuning,cube_mpm,1.7278759594743862,10,0,0.0,0.3877008099056388,0.17498269073913067,0.7200856969878893
coherent-longitudinal-detuning,cube_mpp,1.7278759594743862,10,0,0.0,0.3877008099056388,0.17498269073913067,0.7200856969878893
coherent-longitudinal-detuning,cube_pmm,1.7278759594743862,10,0,0.0,0.3877008099056388,0.17498269073913067,0.7200856969878893
coherent-longitudinal-detuning,cube_pmp,1.7278759594743862,10,0,0.0,0.3877008099056388,0.17498269073913067,0.7200856969878893
coherent-longitudinal-detuning,cube_ppm,1.7278759594743862,10,0,0.0,0.3877008099056388,0.17498269073913061,0.7200856969878893
coherent-longitudinal-detuning,cube_ppp,1.7278759594743862,10,0,0.0,0.3877008099056388,0.17498269073913061,0.7200856969878893
coherent-longitudinal-detuning,0,1.8849555921538759,10,10,1.0,2.2204460492503132e-17,0.0,5.551115123125783e-17
coherent-longitudinal-detuning,1,1.8849555921538759,10,10,1.0,2.2204460492503132e-17,0.0,5.551115123125783e-17
coherent-longitudinal-detuning,+,1.8849555921538759,10,0,0.0,0.5094100214332957,0.2334453638559053,0.9238795325112865
coherent-longitudinal-detuning,-,1.8849555921538759,10,0,0.0,0.5094100214332957,0.2334453638559053,0.9238795325112865
coherent-longitudinal-detuning,+i,1.8849555921538759,10,0,0.0,0.5094100214332957,0.2334453638559053,0.9238795325112865
coherent-longitudinal-detuning,-i,1.8849555921538759,10,0,0.0,0.5094100214332957,0.2334453638559053,0.9238795325112865
coherent-longitudinal-detuning,cube_mmm,1.8849555921538759,10,0,0.0,0.4159315407906057,0.19060734142177568,0.7543444794845717
coherent-longitudinal-detuning,cube_mmp,1.8849555921538759,10,0,0.0,0.4159315407906057,0.19060734142177568,0.7543444794845717
coherent-longitudinal-detuning,cube_mpm,1.8849555921538759,10,0,0.0,0.4159315407906058,0.19060734142177568,0.7543444794845717
coherent-longitudinal-detuning,cube_mpp,1.8849555921538759,10,0,0.0,0.4159315407906058,0.19060734142177568,0.7543444794845717
coherent-longitudinal-detuning,cube_pmm,1.8849555921538759,10,0,0.0,0.4159315407906058,0.19060734142177568,0.7543444794845717
coherent-longitudinal-detuning,cube_pmp,1.8849555921538759,10,0,0.0,0.4159315407906058,0.19060734142177568,0.7543444794845717
coherent-longitudinal-detuning,cube_ppm,1.8849555921538759,10,0,0.0,0.4159315407906057,0.19060734142177568,0.7543444794845717
coherent-longitudinal-detuning,cube_ppp,1.8849555921538759,10,0,0.0,0.4159315407906057,0.19060734142177568,0.7543444794845717
coherent-longitudinal-detuning,0,2.0420352248333655,10,10,1.0,3.3306690738754695e-17,0.0,5.551115123125783e-17
coherent-longitudinal-detuning,1,2.0420352248333655,10,10,1.0,3.3306690738754695e-17,0.0,5.551115123125783e-17
coherent-longitudinal-detuning,+,2.0420352248333655,10,0,0.0,0.541909368071391,0.25249157701515784,0.9569403357322085
coherent-longitudinal-detuning,-,2.0420352248333655,10,0,0.0,0.541909368071391,0.25249157701515784,0.9569403357322085
coherent-longitudinal-detuning,+i,2.0420352248333655,10,0,0.0,0.541909368071391,0.25249157701515784,0.9569403357322085
coherent-longitudinal-detuning,-i,2.0420352248333655,10,0,0.0,0.541909368071391,0.25249157701515784,0.9569403357322085
coherent-longitudinal-detuning,cube_mmm,2.0420352248333655,10,0,0.0,0.4424671462029955,0.20615850934592608,0.7813385122771789
coherent-longitudinal-detuning,cube_mmp,2.0420352248333655,10,0,0.0,0.4424671462029955,0.20615850934592608,0.7813385122771789
coherent-longitudinal-detuning,cube_mpm,2.0420352248333655,10,0,0.0,0.44246714620299554,0.20615850934592606,0.7813385122771789
coherent-longitudinal-detuning,cube_mpp,2.0420352248333655,10,0,0.0,0.44246714620299554,0.20615850934592606,0.7813385122771789
coherent-longitudinal-detuning,cube_pmm,2.0420352248333655,10,0,0.0,0.44246714620299554,0.20615850934592606,0.7813385122771789
coherent-longitudinal-detuning,cube_pmp,2.0420352248333655,10,0,0.0,0.44246714620299554,0.20615850934592606,0.7813385122771789
coherent-longitudinal-detuning,cube_ppm,2.0420352248333655,10,0,0.0,0.4424671462029955,0.20615850934592608,0.7813385122771789
coherent-longitudinal-detuning,cube_ppp,2.0420352248333655,10,0,0.0,0.4424671462029955,0.20615850934592608,0.7813385122771789
coherent-longitudinal-detuning,0,2.199114857512855,10,10,1.0,3.3306690738754695e-17,0.0,5.551115123125783e-17
coherent-longitudinal-detuning,1,2.199114857512855,10,10,1.0,3.3306690738754695e-17,0.0,5.551115123125783e-17
coherent-longitudinal-detuning,+,2.199114857512855,10,0,0.0,0.5722253867206037,0.2714404498650741,0.9807852804032302
coherent-longitudinal-detuning,-,2.199114857512855,10,0,0.0,0.5722253867206037,0.2714404498650741,0.9807852804032302
coherent-longitudinal-detuning,+i,2.199114857512855,10,0,0.0,0.5722253867206036,0.2714404498650741,0.9807852804032302
coherent-longitudinal-detuning,-i,2.199114857512855,10,0,0.0,0.5722253867206036,0.2714404498650741,0.9807852804032302
coherent-longitudinal-detuning,cube_mmm,2.199114857512855,10,0,0.0,0.46722007177741887,0.22163019924031693,0.8008078280734788
coherent-longitudinal-detuning,cube_mmp,2.199114857512855,10,0,0.0,0.46722007177741887,0.22163019924031693,0.8008078280734788
coherent-longitudinal-detuning,cube_mpm,2.199114857512855,10,0,0.0,0.46722007177741887,0.22163019924031693,0.8008078280734788
coherent-longitudinal-detuning,cube_mpp,2.199114857512855,10,0,0.0,0.46722007177741887,0.22163019924031693,0.8008078280734788
coherent-longitudinal-detuning,cube_pmm,2.199114857512855,10,0,0.0,0.46722007177741887,0.22163019924031693,0.8008078280734788
coherent-longitudinal-detuning,cube_pmp,2.199114857512855,10,0,0.0,0.46722007177741887,0.22163019924031693,0.8008078280734788
coherent-longitudinal-detuning,cube_ppm,2.199114857512855,10,0,0.0,0.46722007177741887,0.22163019924031693,0.8008078280734788
coherent-longitudinal-detuning,cube_ppp,2.199114857512855,10,0,0.0,0.46722007177741887,0.22163019924031693,0.8008078280734788
coherent-longitudinal-detuning,0,2.356194490192345,10,10,1.0,2.2204460492503132e-17,0.0,5.551115123125783e-17
coherent-longitudinal-detuning,1,2.356194490192345,10,10,1.0,2.2204460492503132e-17,0.0,5.551115123125783e-17
coherent-longitudinal-detuning,+,2.356194490192345,10,0,0.0,0.600264989673115,0.2902846772544622,0.9951847266721966
coherent-longitudinal-detuning,-,2.356194490192345,10,0,0.0,0.600264989673115,0.2902846772544622,0.9951847266721966
coherent-longitudinal-detuning,+i,2.356194490192345,10,0,0.0,0.6002649896731149,0.2902846772544622,0.9951847266721965
coherent-longitudinal-detuning,-i,2.356194490192345,10,0,0.0,0.6002649896731149,0.2902846772544622,0.9951847266721965
coherent-longitudinal-detuning,cube_mmm,2.356194490192345,10,0,0.0,0.49011431171871533,0.23701644647397696,0.8125649267193423
coherent-longitudinal-detuning,cube_mmp,2.356194490192345,10,0,0.0,0.49011431171871533,0.23701644647397696,0.8125649267193423
coherent-longitudinal-detuning,cube_mpm,2.356194490192345,10,0,0.0,0.49011431171871533,0.23701644647397696,0.8125649267193423
coherent-longitudinal-detuning,cube_mpp,2.356194490192345,10,0,0.0,0.49011431171871533,0.23701644647397696,0.8125649267193423
coherent-longitudinal-detuning,cube_pmm,2.356194490192345,10,0,0.0,0.49011431171871533,0.23701644647397696,0.8125649267193423
coherent-longitudinal-detuning,cube_pmp,2.356194490192345,10,0,0.0,0.49011431171871533,0.23701644647397696,0.8125649267193423
coherent-longitudinal-detuning,cube_ppm,2.356194490192345,10,0,0.0,0.49011431171871533,0.23701644647397696,0.8125649267193423
coherent-longitudinal-detuning,cube_ppp,2.356194490192345,10,0,0.0,0.49011431171871533,0.23701644647397696,0.8125649267193423
coherent-longitudinal-detuning,0,2.5132741228718345,10,10,1.0,3.3306690738754695e-17,0.0,5.551115123125783e-17
coherent-longitudinal-detuning,1,2.5132741228718345,10,10,1.0,3.3306690738754695e-17,0.0,5.551115123125783e-17
coherent-longitudinal-detuning,+,2.5132741228718345,10,0,0.0,0.6259497245047309,0.3090169943749473,0.9999999999999997
coherent-longitudinal-detuning,-,2.5132741228718345,10,0,0.0,0.6259497245047309,0.3090169943749473,0.9999999999999997
coherent-longitudinal-detuning,+i,2.5132741228718345,10,0,0.0,0.6259497245047309,0.3090169943749473,0.9999999999999997
coherent-longitudinal-detuning,-i,2.5132741228718345,10,0,0.0,0.6259497245047309,0.3090169943749473,0.9999999999999997
coherent-longitudinal-detuning,cube_mmm,2.5132741228718345,10,0,0.0,0.5110858098907649,0.25231131935570694,0.816496580927726
coherent-longitudinal-detuning,cube_mmp,2.5132741228718345,10,0,0.0,0.5110858098907649,0.25231131935570694,0.816496580927726
coherent-longitudinal-detuning,cube_mpm,2.5132741228718345,10,0,0.0,0.5110858098907649,0.25231131935570694,0.816496580927726
coherent-longitudinal-detuning,cube_mpp,2.5132741228718345,10,0,0.0,0.5110858098907649,0.25231131935570694,0.816496580927726
coherent-longitudinal-detuning,cube_pmm,2.5132741228718345,10,0,0.0,0.5110858098907649,0.25231131935570694,0.816496580927726
coherent-longitudinal-detuning,cube_pmp,2.5132741228718345,10,0,0.0,0.5110858098907649,0.25231131935570694,0.816496580927726
coherent-longitudinal-detuning,cube_ppm,2.5132741228718345,10,0,0.0,0.5110858098907649,0.25231131935570694,0.816496580927726
coherent-longitudinal-detuning,cube_ppp,2.5132741228718345,10,0,0.0,0.5110858098907649,0.25231131935570694,0.816496580927726
coherent-longitudinal-detuning,0,2.670353755551324,10,10,1.0,0.0,0.0,0.0
coherent-longitudinal-detuning,1,2.670353755551324,10,10,1.0,0.0,0.0,0.0
coherent-longitudinal-detuning,+,2.670353755551324,10,0,0.0,0.6492161501117028,0.32763017956169327,0.9951847266721968
coherent-longitudinal-detuning,-,2.670353755551324,10,0,0.0,0.6492161501117028,0.32763017956169327,0.9951847266721968
coherent-longitudinal-detuning,+i,2.670353755551324,10,0,0.0,0.6492161501117028,0.3276301795616932,0.9951847266721968
coherent-longitudinal-detuning,-i,2.670353755551324,10,0,0.0,0.6492161501117028,0.3276301795616932,0.9951847266721968
coherent-longitudinal-detuning,cube_mmm,2.670353755551324,10,0,0.0,0.5300827668492667,0.2675089214208596,0.8125649267193426
coherent-longitudinal-detuning,cube_mmp,2.670353755551324,10,0,0.0,0.5300827668492667,0.2675089214208596,0.8125649267193426
coherent-longitudinal-detuning,cube_mpm,2.670353755551324,10,0,0.0,0.5300827668492667,0.2675089214208596,0.8125649267193426
coherent-longitudinal-detuning,cube_mpp,2.670353755551324,10,0,0.0,0.5300827668492667,0.2675089214208596,0.8125649267193426
coherent-longitudinal-detuning,cube_pmm,2.670353755551324,10,0,0.0,0.5300827668492667,0.2675089214208596,0.8125649267193426
coherent-longitudinal-detuning,cube_pmp,2.670353755551324,10,0,0.0,0.5300827668492667,0.2675089214208596,0.8125649267193426
coherent-longitudinal-detuning,cube_ppm,2.670353755551324,10,0,0.0,0.5300827668492667,0.2675089214208596,0.8125649267193426
coherent-longitudinal-detuning,cube_ppp,2.670353755551324,10,0,0.0,0.5300827668492667,0.2675089214208596,0.8125649267193426
coherent-longitudinal-detuning,0,2.827433388230814,10,10,1.0,0.0,0.0,0.0
coherent-longitudinal-detuning,1,2.827433388230814,10,10,1.0,0.0,0.0,0.0
coherent-longitudinal-detuning,+,2.827433388230814,10,0,0.0,0.6700160951366989,0.3461170570774928,0.9876883405951374
coherent-longitudinal-detuning,-,2.827433388230814,10,0,0.0,0.6700160951366989,0.3461170570774928,0.9876883405951374
coherent-longitudinal-detuning,+i,2.827433388230814,10,0,0.0,0.6700160951366991,0.34611705707749285,0.9876883405951374
coherent-longitudinal-detuning,-i,2.827433388230814,10,0,0.0,0.6700160951366991,0.34611705707749285,0.9876883405951374
coherent-longitudinal-detuning,cube_mmm,2.827433388230814,10,0,0.0,0.5470658508456611,0.2826033937045396,0.8064441531181094
coherent-longitudinal-detuning,cube_mmp,2.827433388230814,10,0,0.0,0.5470658508456611,0.2826033937045396,0.8064441531181094
coherent-longitudinal-detuning,cube_mpm,2.827433388230814,10,0,0.0,0.5470658508456611,0.28260339370453963,0.8064441531181096
coherent-longitudinal-detuning,cube_mpp,2.827433388230814,10,0,0.0,0.5470658508456611,0.28260339370453963,0.8064441531181096
coherent-longitudinal-detuning,cube_pmm,2.827433388230814,10,0,0.0,0.5470658508456611,0.28260339370453963,0.8064441531181096
coherent-longitudinal-detuning,cube_pmp,2.827433388230814,10,0,0.0,0.5470658508456611,0.28260339370453963,0.8064441531181096
coherent-longitudinal-detuning,cube_ppm,2.827433388230814,10,0,0.0,0.5470658508456611,0.2826033937045396,0.8064441531181094
coherent-longitudinal-detuning,cube_ppp,2.827433388230814,10,0,0.0,0.5470658508456611,0.2826033937045396,0.8064441531181094
coherent-longitudinal-detuning,0,2.9845130209103035,10,10,1.0,2.2204460492503132e-17,0.0,5.551115123125783e-17
coherent-longitudinal-detuning,1,2.9845130209103035,10,10,1.0,2.2204460492503132e-17,0.0,5.551115123125783e-17
coherent-longitudinal-detuning,+,2.9845130209103035,10,0,0.0,0.6883167973806052,0.3644704998791495,0.9969173337331277
coherent-longitudinal-detuning,-,2.9845130209103035,10,0,0.0,0.6883167973806052,0.3644704998791495,0.9969173337331277
coherent-longitudinal-detuning,+i,2.9845130209103035,10,0,0.0,0.6883167973806052,0.3644704998791495,0.9969173337331277
coherent-longitudinal-detuning,-i,2.9845130209103035,10,0,0.0,0.6883167973806052,0.3644704998791495,0.9969173337331277
coherent-longitudinal-detuning,cube_mmm,2.9845130209103035,10,0,0.0,0.5620083116563868,0.2975889170003449,0.8139795944606839
coherent-longitudinal-detuning,cube_mmp,2.9845130209103035,10,0,0.0,0.5620083116563868,0.2975889170003449,0.8139795944606839
coherent-longitudinal-detuning,cube_mpm,2.9845130209103035,10,0,0.0,0.5620083116563868,0.2975889170003449,0.8139795944606839
coherent-longitudinal-detuning,cube_mpp,2.9845130209103035,10,0,0.0,0.5620083116563868,0.2975889170003449,0.8139795944606839
coherent-longitudinal-detuning,cube_pmm,2.9845130209103035,10,0,0.0,0.5620083116563868,0.2975889170003449,0.8139795944606839
coherent-longitudinal-detuning,cube_pmp,2.9845130209103035,10,0,0.0,0.5620083116563868,0.2975889170003449,0.8139795944606839
coherent-longitudinal-detuning,cube_ppm,2.9845130209103035,10,0,0.0,0.5620083116563868,0.2975889170003449,0.8139795944606839
coherent-longitudinal-detuning,cube_ppp,2.9845130209103035,10,0,0.0,0.5620083116563868,0.2975889170003449,0.8139795944606839
coherent-longitudinal-detuning,0,3.141592653589793,10,10,1.0,0.0,0.0,0.0
coherent-longitudinal-detuning,1,3.141592653589793,10,10,1.0,0.0,0.0,0.0
coherent-longitudinal-detuning,+,3.141592653589793,10,0,0.0,0.704100923818877,0.3826834323650896,0.9999999999999998
coherent-longitudinal-detuning,-,3.141592653589793,10,0,0.0,0.704100923818877,0.3826834323650896,0.9999999999999998
coherent-longitudinal-detuning,+i,3.141592653589793,10,0,0.0,0.704100923818877,0.3826834323650896,0.9999999999999998
coherent-longitudinal-detuning,-i,3.141592653589793,10,0,0.0,0.704100923818877,0.3826834323650896,0.9999999999999998
coherent-longitudinal-detuning,cube_mmm,3.141592653589793,10,0,0.0,0.5748959969261666,0.3124597141037825,0.8164965809277261
coherent-longitudinal-detuning,cube_mmp,3.141592653589793,10,0,0.0,0.5748959969261666,0.3124597141037825,0.8164965809277261
coherent-longitudinal-detuning,cube_mpm,3.141592653589793,10,0,0.0,0.5748959969261667,0.3124597141037825,0.8164965809277261
coherent-longitudinal-detuning,cube_mpp,3.141592653589793,10,0,0.0,0.5748959969261667,0.3124597141037825,0.8164965809277261
coherent-longitudinal-detuning,cube_pmm,3.141592653589793,10,0,0.0,0.5748959969261667,0.3124597141037825,0.8164965809277261
coherent-longitudinal-detuning,cube_pmp,3.141592653589793,10,0,0.0,0.5748959969261667,0.3124597141037825,0.8164965809277261
coherent-longitudinal-detuning,cube_ppm,3.141592653589793,10,0,0.0,0.5748959969261666,0.3124597141037825,0.8164965809277261
coherent-longitudinal-detuning,cube_ppp,3.141592653589793,10,0,0.0,0.5748959969261666,0.3124597141037825,0.8164965809277261
coherent-longitudinal-detuning,0,3.2986722862692828,10,10,1.0,2.2204460492503132e-17,0.0,5.551115123125783e-17
coherent-longitudinal-detuning,1,3.2986722862692828,10,10,1.0,2.2204460492503132e-17,0.0,5.551115123125783e-17
coherent-longitudinal-detuning,+,3.2986722862692828,10,0,0.0,0.7173664718631716,0.40074883310314074,0.9969173337331279
coherent-longitudinal-detuning,-,3.2986722862692828,10,0,0.0,0.7173664718631716,0.40074883310314074,0.9969173337331279
coherent-longitudinal-detuning,+i,3.2986722862692828,10,0,0.0,0.7173664718631716,0.40074883310314074,0.9969173337331279
coherent-longitudinal-detuning,-i,3.2986722862692828,10,0,0.0,0.7173664718631716,0.40074883310314074,0.9969173337331279
coherent-longitudinal-detuning,cube_mmm,3.2986722862692828,10,0,0.0,0.5857272715484656,0.32721005203949044,0.813979594460684
coherent-longitudinal-detuning,cube_mmp,3.2986722862692828,10,0,0.0,0.5857272715484656,0.32721005203949044,0.813979594460684
coherent-longitudinal-detuning,cube_mpm,3.2986722862692828,10,0,0.0,0.5857272715484656,0.32721005203949044,0.813979594460684
coherent-longitudinal-detuning,cube_mpp,3.2986722862692828,10,0,0.0,0.5857272715484656,0.32721005203949044,0.813979594460684
coherent-longitudinal-detuning,cube_pmm,3.2986722862692828,10,0,0.0,0.5857272715484656,0.32721005203949044,0.813979594460684
coherent-longitudinal-detuning,cube_pmp,3.2986722862692828,10,0,0.0,0.5857272715484656,0.32721005203949044,0.813979594460684
coherent-longitudinal-detuning,cube_ppm,3.2986722862692828,10,0,0.0,0.5857272715484656,0.32721005203949044,0.813979594460684
coherent-longitudinal-detuning,cube_ppp,3.2986722862692828,10,0,0.0,0.5857272715484656,0.32721005203949044,0.813979594460684
coherent-longitudinal-detuning,0,3.4557519189487724,10,10,1.0,2.2204460492503132e-17,0.0,5.551115123125783e-17
coherent-longitudinal-detuning,1,3.4557519189487724,10,10,1.0,2.2204460492503132e-17,0.0,5.551115123125783e-17
coherent-longitudinal-detuning,+,3.4557519189487724,10,0,0.0,0.7281265535217353,0.4186597375374279,0.9876883405951374
coherent-longitudinal-detuning,-,3.4557519189487724,10,0,0.0,0.7281265535217353,0.4186597375374279,0.9876883405951374
coherent-longitudinal-detuning,+i,3.4557519189487724,10,0,0.0,0.7281265535217353,0.41865973753742786,0.9876883405951374
coherent-longitudinal-detuning,-i,3.4557519189487724,10,0,0.0,0.7281265535217353,0.41865973753742786,0.9876883405951374
coherent-longitudinal-detuning,cube_mmm,3.4557519189487724,10,0,0.0,0.594512841433186,0.3418342442714092,0.8064441531181095
coherent-longitudinal-detuning,cube_mmp,3.4557519189487724,10,0,0.0,0.594512841433186,0.3418342442714092,0.8064441531181095
coherent-longitudinal-detuning,cube_mpm,3.4557519189487724,10,0,0.0,0.594512841433186,0.3418342442714092,0.8064441531181095
coherent-longitudinal-detuning,cube_mpp,3.4557519189487724,10,0,0.0,0.594512841433186,0.3418342442714092,0.8064441531181095
coherent-longitudinal-detuning,cube_pmm,3.4557519189487724,10,0,0.0,0.594512841433186,0.3418342442714092,0.8064441531181095
coherent-longitudinal-detuning,cube_pmp,3.4557519189487724,10,0,0.0,0.594512841433186,0.3418342442714092,0.8064441531181095
coherent-longitudinal-detuning,cube_ppm,3.4557519189487724,10,0,0.0,0.594512841433186,0.3418342442714092,0.8064441531181095
coherent-longitudinal-detuning,cube_ppp,3.4557519189487724,10,0,0.0,0.594512841433186,0.3418342442714092,0.8064441531181095
coherent-longitudinal-detuning,0,3.612831551628262,10,10,1.0,4.4408920985006264e-17,0.0,1.1102230246251565e-16
coherent-longitudinal-detuning,1,3.612831551628262,10,10,1.0,4.4408920985006264e-17,0.0,1.1102230246251565e-16
coherent-longitudinal-detuning,+,3.612831551628262,10,0,0.0,0.7364090651064419,0.43640924067334186,0.9767658813208724
coherent-longitudinal-detuning,-,3.612831551628262,10,0,0.0,0.7364090651064419,0.43640924067334186,0.9767658813208724
coherent-longitudinal-detuning,+i,3.612831551628262,10,0,0.0,0.7364090651064419,0.43640924067334186,0.9767658813208723
coherent-longitudinal-detuning,-i,3.612831551628262,10,0,0.0,0.7364090651064419,0.43640924067334186,0.9767658813208723
coherent-longitudinal-detuning,cube_mmm,3.612831551628262,10,0,0.0,0.6012754838235931,0.3563266528950489,0.7975260024653495
coherent-longitudinal-detuning,cube_mmp,3.612831551628262,10,0,0.0,0.6012754838235931,0.3563266528950489,0.7975260024653495
coherent-longitudinal-detuning,cube_mpm,3.612831551628262,10,0,0.0,0.6012754838235931,0.35632665289504883,0.7975260024653495
coherent-longitudinal-detuning,cube_mpp,3.612831551628262,10,0,0.0,0.6012754838235931,0.35632665289504883,0.7975260024653495
coherent-longitudinal-detuning,cube_pmm,3.612831551628262,10,0,0.0,0.6012754838235931,0.35632665289504883,0.7975260024653495
coherent-longitudinal-detuning,cube_pmp,3.612831551628262,10,0,0.0,0.6012754838235931,0.35632665289504883,0.7975260024653495
coherent-longitudinal-detuning,cube_ppm,3.612831551628262,10,0,0.0,0.6012754838235931,0.3563266528950489,0.7975260024653495
coherent-longitudinal-detuning,cube_ppp,3.612831551628262,10,0,0.0,0.6012754838235931,0.3563266528950489,0.7975260024653495
coherent-longitudinal-detuning,0,3.7699111843077517,10,10,1.0,0.0,0.0,0.0
coherent-longitudinal-detuning,1,3.7699111843077517,10,10,1.0,0.0,0.0,0.0
coherent-longitudinal-detuning,+,3.7699111843077517,10,0,0.0,0.7422562461015458,0.45399049973954664,0.9876883405951377
coherent-longitudinal-detuning,-,3.7699111843077517,10,0,0.0,0.7422562461015458,0.45399049973954664,0.9876883405951377
coherent-longitudinal-detuning,+i,3.7699111843077517,10,0,0.0,0.7422562461015458,0.4539904997395467,0.9876883405951377
coherent-longitudinal-detuning,-i,3.7699111843077517,10,0,0.0,0.7422562461015458,0.4539904997395467,0.9876883405951377
coherent-longitudinal-detuning,cube_mmm,3.7699111843077517,10,0,0.0,0.6060496871141611,0.37068169081100966,0.8064441531181095
coherent-longitudinal-detuning,cube_mmp,3.7699111843077517,10,0,0.0,0.6060496871141611,0.37068169081100966,0.8064441531181095
coherent-longitudinal-detuning,cube_mpm,3.7699111843077517,10,0,0.0,0.6060496871141611,0.37068169081100966,0.8064441531181095
coherent-longitudinal-detuning,cube_mpp,3.7699111843077517,10,0,0.0,0.6060496871141611,0.37068169081100966,0.8064441531181095
coherent-longitudinal-detuning,cube_pmm,3.7699111843077517,10,0,0.0,0.6060496871141611,0.37068169081100966,0.8064441531181095
coherent-longitudinal-detuning,cube_pmp,3.7699111843077517,10,0,0.0,0.6060496871141611,0.37068169081100966,0.8064441531181095
coherent-longitudinal-detuning,cube_ppm,3.7699111843077517,10,0,0.0,0.6060496871141611,0.37068169081100966,0.8064441531181095
coherent-longitudinal-detuning,cube_ppp,3.7699111843077517,10,0,0.0,0.6060496871141611,0.37068169081100966,0.8064441531181095
coherent-longitudinal-detuning,0,3.9269908169872414,10,10,1.0,3.3306690738754695e-17,0.0,5.551115123125783e-17
coherent-longitudinal-detuning,1,3.9269908169872414,10,10,1.0,3.3306690738754695e-17,0.0,5.551115123125783e-17
coherent-longitudinal-detuning,+,3.9269908169872414,10,0,0.0,0.7457241317404953,0.4713967368259975,0.9951847266721967
coherent-longitudinal-detuning,-,3.9269908169872414,10,0,0.0,0.7457241317404953,0.4713967368259975,0.9951847266721967
coherent-longitudinal-detuning,+i,3.9269908169872414,10,0,0.0,0.7457241317404953,0.4713967368259975,0.9951847266721967
coherent-longitudinal-detuning,-i,3.9269908169872414,10,0,0.0,0.7457241317404953,0.4713967368259975,0.9951847266721967
coherent-longitudinal-detuning,cube_mmm,3.9269908169872414,10,0,0.0,0.6088812038814118,0.3848938238789142,0.8125649267193424
coherent-longitudinal-detuning,cube_mmp,3.9269908169872414,10,0,0.0,0.6088812038814118,0.3848938238789142,0.8125649267193424
coherent-longitudinal-detuning,cube_mpm,3.9269908169872414,10,0,0.0,0.6088812038814118,0.3848938238789141,0.8125649267193424
coherent-longitudinal-detuning,cube_mpp,3.9269908169872414,10,0,0.0,0.6088812038814118,0.3848938238789141,0.8125649267193424
coherent-longitudinal-detuning,cube_pmm,3.9269908169872414,10,0,0.0,0.6088812038814118,0.3848938238789141,0.8125649267193424
coherent-longitudinal-detuning,cube_pmp,3.9269908169872414,10,0,0.0,0.6088812038814118,0.3848938238789141,0.8125649267193424
coherent-longitudinal-detuning,cube_ppm,3.9269908169872414,10,0,0.0,0.6088812038814118,0.3848938238789142,0.8125649267193424
coherent-longitudinal-detuning,cube_ppp,3.9269908169872414,10,0,0.0,0.6088812038814118,0.3848938238789142,0.8125649267193424
coherent-longitudinal-detuning,0,4.084070449666731,10,10,1.0,2.2204460492503132e-17,0.0,5.551115123125783e-17
coherent-longitudinal-detuning,1,4.084070449666731,10,10,1.0,2.2204460492503132e-17,0.0,5.551115123125783e-17
coherent-longitudinal-detuning,+,4.084070449666731,10,0,0.0,0.7468819047242555,0.4886212414969548,0.9992290362407228
coherent-longitudinal-detuning,-,4.084070449666731,10,0,0.0,0.7468819047242555,0.4886212414969548,0.9992290362407228
coherent-longitudinal-detuning,+i,4.084070449666731,10,0,0.0,0.7468819047242555,0.4886212414969548,0.9992290362407228
coherent-longitudinal-detuning,-i,4.084070449666731,10,0,0.0,0.7468819047242555,0.4886212414969548,0.9992290362407228
coherent-longitudinal-detuning,cube_mmm,4.084070449666731,10,0,0.0,0.6098265215641425,0.3989575730509244,0.8158670916542573
coherent-longitudinal-detuning,cube_mmp,4.084070449666731,10,0,0.0,0.6098265215641425,0.3989575730509244,0.8158670916542573
coherent-longitudinal-detuning,cube_mpm,4.084070449666731,10,0,0.0,0.6098265215641425,0.3989575730509244,0.8158670916542573
coherent-longitudinal-detuning,cube_mpp,4.084070449666731,10,0,0.0,0.6098265215641425,0.3989575730509244,0.8158670916542573
coherent-longitudinal-detuning,cube_pmm,4.084070449666731,10,0,0.0,0.6098265215641425,0.3989575730509244,0.8158670916542573
coherent-longitudinal-detuning,cube_pmp,4.084070449666731,10,0,0.0,0.6098265215641425,0.3989575730509244,0.8158670916542573
coherent-longitudinal-detuning,cube_ppm,4.084070449666731,10,0,0.0,0.6098265215641425,0.3989575730509244,0.8158670916542573
coherent-longitudinal-detuning,cube_ppp,4.084070449666731,10,0,0.0,0.6098265215641425,0.3989575730509244,0.8158670916542573
coherent-longitudinal-detuning,0,4.241150082346221,10,10,1.0,3.3306690738754695e-17,0.0,5.551115123125783e-17
coherent-longitudinal-detuning,1,4.241150082346221,10,10,1.0,3.3306690738754695e-17,0.0,5.551115123125783e-17
coherent-longitudinal-detuning,+,4.241150082346221,10,0,0.0,0.7458111523496562,0.47139673682599736,0.9998072404820646
coherent-longitudinal-detuning,-,4.241150082346221,10,0,0.0,0.7458111523496562,0.47139673682599736,0.9998072404820646
coherent-longitudinal-detuning,+i,4.241150082346221,10,0,0.0,0.7458111523496564,0.47139673682599736,0.9998072404820647
coherent-longitudinal-detuning,-i,4.241150082346221,10,0,0.0,0.7458111523496564,0.47139673682599736,0.9998072404820647
coherent-longitudinal-detuning,cube_mmm,4.241150082346221,10,0,0.0,0.608952255911262,0.3848938238789141,0.8163391934403909
coherent-longitudinal-detuning,cube_mmp,4.241150082346221,10,0,0.0,0.608952255911262,0.3848938238789141,0.8163391934403909
coherent-longitudinal-detuning,cube_mpm,4.241150082346221,10,0,0.0,0.608952255911262,0.38489382387891413,0.8163391934403909
coherent-longitudinal-detuning,cube_mpp,4.241150082346221,10,0,0.0,0.608952255911262,0.38489382387891413,0.8163391934403909
coherent-longitudinal-detuning,cube_pmm,4.241150082346221,10,0,0.0,0.608952255911262,0.38489382387891413,0.8163391934403909
coherent-longitudinal-detuning,cube_pmp,4.241150082346221,10,0,0.0,0.608952255911262,0.38489382387891413,0.8163391934403909
coherent-longitudinal-detuning,cube_ppm,4.241150082346221,10,0,0.0,0.608952255911262,0.3848938238789141,0.8163391934403909
coherent-longitudinal-detuning,cube_ppp,4.241150082346221,10,0,0.0,0.608952255911262,0.3848938238789141,0.8163391934403909
coherent-longitudinal-detuning,0,4.39822971502571,10,10,1.0,3.3306690738754695e-17,0.0,5.551115123125783e-17
coherent-longitudinal-detuning,1,4.39822971502571,10,10,1.0,3.3306690738754695e-17,0.0,5.551115123125783e-17
coherent-longitudinal-detuning,+,4.39822971502571,10,0,0.0,0.7426050360919241,0.38268343236508984,0.9969173337331277
coherent-longitudinal-detuning,-,4.39822971502571,10,0,0.0,0.7426050360919241,0.38268343236508984,0.9969173337331277
coherent-longitudinal-detuning,+i,4.39822971502571,10,0,0.0,0.7426050360919241,0.3826834323650897,0.9969173337331277
coherent-longitudinal-detuning,-i,4.39822971502571,10,0,0.0,0.7426050360919241,0.3826834323650897,0.9969173337331277
coherent-longitudinal-detuning,cube_mmm,4.39822971502571,10,0,0.0,0.606334472948767,0.31245971410378254,0.8139795944606839
coherent-longitudinal-detuning,cube_mmp,4.39822971502571,10,0,0.0,0.606334472948767,0.31245971410378254,0.8139795944606839
coherent-longitudinal-detuning,cube_mpm,4.39822971502571,10,0,0.0,0.606334472948767,0.31245971410378265,0.8139795944606839
coherent-longitudinal-detuning,cube_mpp,4.39822971502571,10,0,0.0,0.606334472948767,0.31245971410378265,0.8139795944606839
coherent-longitudinal-detuning,cube_pmm,4.39822971502571,10,0,0.0,0.606334472948767,0.31245971410378265,0.8139795944606839
coherent-longitudinal-detuning,cube_pmp,4.39822971502571,10,0,0.0,0.606334472948767,0.31245971410378265,0.8139795944606839
coherent-longitudinal-detuning,cube_ppm,4.39822971502571,10,0,0.0,0.606334472948767,0.31245971410378254,0.8139795944606839
coherent-longitudinal-detuning,cube_ppp,4.39822971502571,10,0,0.0,0.606334472948767,0.31245971410378254,0.8139795944606839
coherent-longitudinal-detuning,0,4.5553093477052,10,10,1.0,3.3306690738754695e-17,0.0,5.551115123125783e-17
coherent-longitudinal-detuning,1,4.5553093477052,10,10,1.0,3.3306690738754695e-17,0.0,5.551115123125783e-17
coherent-longitudinal-detuning,+,4.5553093477052,10,0,0.0,0.7373673813949891,0.29028467725446255,0.990569340443577
coherent-longitudinal-detuning,-,4.5553093477052,10,0,0.0,0.7373673813949891,0.29028467725446255,0.990569340443577
coherent-longitudinal-detuning,+i,4.5553093477052,10,0,0.0,0.737367381394989,0.29028467725446255,0.990569340443577
coherent-longitudinal-detuning,-i,4.5553093477052,10,0,0.0,0.737367381394989,0.29028467725446255,0.990569340443577
coherent-longitudinal-detuning,cube_mmm,4.5553093477052,10,0,0.0,0.6020579457966393,0.2370164464739772,0.8087964796440136
coherent-longitudinal-detuning,cube_mmp,4.5553093477052,10,0,0.0,0.6020579457966393,0.2370164464739772,0.8087964796440136
coherent-longitudinal-detuning,cube_mpm,4.5553093477052,10,0,0.0,0.6020579457966394,0.23701644647397718,0.8087964796440137
coherent-longitudinal-detuning,cube_mpp,4.5553093477052,10,0,0.0,0.6020579457966394,0.23701644647397718,0.8087964796440137
coherent-longitudinal-detuning,cube_pmm,4.5553093477052,10,0,0.0,0.6020579457966394,0.23701644647397718,0.8087964796440137
coherent-longitudinal-detuning,cube_pmp,4.5553093477052,10,0,0.0,0.6020579457966394,0.23701644647397718,0.8087964796440137
coherent-longitudinal-detuning,cube_ppm,4.5553093477052,10,0,0.0,0.6020579457966393,0.2370164464739772,0.8087964796440136
coherent-longitudinal-detuning,cube_ppp,4.5553093477052,10,0,0.0,0.6020579457966393,0.2370164464739772,0.8087964796440136
coherent-longitudinal-detuning,0,4.71238898038469,10,10,1.0,0.0,0.0,0.0
coherent-longitudinal-detuning,1,4.71238898038469,10,10,1.0,0.0,0.0,0.0
coherent-longitudinal-detuning,+,4.71238898038469,10,0,0.0,0.7302116960601802,0.19509032201612833,0.9807852804032303
coherent-longitudinal-detuning,-,4.71238898038469,10,0,0.0,0.7302116960601802,0.19509032201612833,0.9807852804032303
coherent-longitudinal-detuning,+i,4.71238898038469,10,0,0.0,0.7302116960601802,0.1950903220161283,0.9807852804032302
coherent-longitudinal-detuning,-i,4.71238898038469,10,0,0.0,0.7302116960601802,0.1950903220161283,0.9807852804032302
coherent-longitudinal-detuning,cube_mmm,4.71238898038469,10,0,0.0,0.5962153531865733,0.15929058089825793,0.8008078280734788
coherent-longitudinal-detuning,cube_mmp,4.71238898038469,10,0,0.0,0.5962153531865733,0.15929058089825793,0.8008078280734788
coherent-longitudinal-detuning,cube_mpm,4.71238898038469,10,0,0.0,0.5962153531865734,0.15929058089825793,0.8008078280734789
coherent-longitudinal-detuning,cube_mpp,4.71238898038469,10,0,0.0,0.5962153531865734,0.15929058089825793,0.8008078280734789
coherent-longitudinal-detuning,cube_pmm,4.71238898038469,10,0,0.0,0.5962153531865734,0.15929058089825793,0.8008078280734789
coherent-longitudinal-detuning,cube_pmp,4.71238898038469,10,0,0.0,0.5962153531865734,0.15929058089825793,0.8008078280734789
coherent-longitudinal-detuning,cube_ppm,4.71238898038469,10,0,0.0,0.5962153531865733,0.15929058089825793,0.8008078280734788
coherent-longitudinal-detuning,cube_ppp,4.71238898038469,10,0,0.0,0.5962153531865733,0.15929058089825793,0.8008078280734788
coherent-longitudinal-detuning,0,4.869468613064179,10,10,1.0,7.771561172376095e-17,0.0,1.6653345369377348e-16
coherent-longitudinal-detuning,1,4.869468613064179,10,10,1.0,7.771561172376095e-17,0.0,1.6653345369377348e-16
coherent-longitudinal-detuning,+,4.869468613064179,10,0,0.0,0.7212601261830551,0.09801714032956049,0.9675990923602596
coherent-longitudinal-detuning,-,4.869468613064179,10,0,0.0,0.7212601261830551,0.09801714032956049,0.9675990923602596
coherent-longitudinal-detuning,+i,4.869468613064179,10,0,0.0,0.7212601261830551,0.09801714032956049,0.9675990923602596
coherent-longitudinal-detuning,-i,4.869468613064179,10,0,0.0,0.7212601261830551,0.09801714032956049,0.9675990923602596
coherent-longitudinal-detuning,cube_mmm,4.869468613064179,10,0,0.0,0.5889064269879649,0.08003065995139932,0.7900413506209233
coherent-longitudinal-detuning,cube_mmp,4.869468613064179,10,0,0.0,0.5889064269879649,0.08003065995139932,0.7900413506209233
coherent-longitudinal-detuning,cube_mpm,4.869468613064179,10,0,0.0,0.5889064269879649,0.0800306599513993,0.7900413506209233
coherent-longitudinal-detuning,cube_mpp,4.869468613064179,10,0,0.0,0.5889064269879649,0.0800306599513993,0.7900413506209233
coherent-longitudinal-detuning,cube_pmm,4.869468613064179,10,0,0.0,0.5889064269879649,0.0800306599513993,0.7900413506209233
coherent-longitudinal-detuning,cube_pmp,4.869468613064179,10,0,0.0,0.5889064269879649,0.0800306599513993,0.7900413506209233
coherent-longitudinal-detuning,cube_ppm,4.869468613064179,10,0,0.0,0.5889064269879649,0.08003065995139932,0.7900413506209233
coherent-longitudinal-detuning,cube_ppp,4.869468613064179,10,0,0.0,0.5889064269879649,0.08003065995139932,0.7900413506209233
coherent-longitudinal-detuning,0,5.026548245743669,10,10,1.0,2.2204460492503132e-17,0.0,5.551115123125783e-17
coherent-longitudinal-detuning,1,5.026548245743669,10,10,1.0,2.2204460492503132e-17,0.0,5.551115123125783e-17
coherent-longitudinal-detuning,+,5.026548245743669,10,1,0.1,0.7106423590645659,1.7554167342883506e-16,0.9510565162951534
coherent-longitudinal-detuning,-,5.026548245743669,10,1,0.1,0.7106423590645659,1.7554167342883506e-16,0.9510565162951534
coherent-longitudinal-detuning,+i,5.026548245743669,10,1,0.1,0.7106423590645659,1.2412670766236366e-16,0.9510565162951534
coherent-longitudinal-detuning,-i,5.026548245743669,10,1,0.1,0.7106423590645659,1.2412670766236366e-16,0.9510565162951534
coherent-longitudinal-detuning,cube_mmm,5.026548245743669,10,1,0.1,0.5802370564386317,1.594436429147036e-16,0.7765343938240272
coherent-longitudinal-detuning,cube_mmp,5.026548245743669,10,1,0.1,0.5802370564386317,1.594436429147036e-16,0.7765343938240272
coherent-longitudinal-detuning,cube_mpm,5.026548245743669,10,1,0.1,0.5802370564386317,1.6653345369377348e-16,0.7765343938240272
coherent-longitudinal-detuning,cube_mpp,5.026548245743669,10,1,0.1,0.5802370564386317,1.6653345369377348e-16,0.7765343938240272
coherent-longitudinal-detuning,cube_pmm,5.026548245743669,10,1,0.1,0.5802370564386317,1.6653345369377348e-16,0.7765343938240272
coherent-longitudinal-detuning,cube_pmp,5.026548245743669,10,1,0.1,0.5802370564386317,1.6653345369377348e-16,0.7765343938240272
coherent-longitudinal-detuning,cube_ppm,5.026548245743669,10,1,0.1,0.5802370564386317,1.594436429147036e-16,0.7765343938240272
coherent-longitudinal-detuning,cube_ppp,5.026548245743669,10,1,0.1,0.5802370564386317,1.594436429147036e-16,0.7765343938240272
coherent-longitudinal-detuning,0,5.183627878423159,10,10,1.0,0.0,0.0,0.0
coherent-longitudinal-detuning,1,5.183627878423159,10,10,1.0,0.0,0.0,0.0
coherent-longitudinal-detuning,+,5.183627878423159,10,0,0.0,0.7180979109784771,0.09801714032956013,0.9624552364536471
coherent-longitudinal-detuning,-,5.183627878423159,10,0,0.0,0.7180979109784771,0.09801714032956013,0.9624552364536471
coherent-longitudinal-detuning,+i,5.183627878423159,10,0,0.0,0.7180979109784771,0.09801714032956013,0.9624552364536471
coherent-longitudinal-detuning,-i,5.183627878423159,10,0,0.0,0.7180979109784771,0.09801714032956013,0.9624552364536471
coherent-longitudinal-detuning,cube_mmm,5.183627878423159,10,0,0.0,0.5863244890852692,0.08003065995139905,0.7858414098603892
coherent-longitudinal-detuning,cube_mmp,5.183627878423159,10,0,0.0,0.5863244890852692,0.08003065995139905,0.7858414098603892
coherent-longitudinal-detuning,cube_mpm,5.183627878423159,10,0,0.0,0.5863244890852692,0.08003065995139905,0.7858414098603892
coherent-longitudinal-detuning,cube_mpp,5.183627878423159,10,0,0.0,0.5863244890852692,0.08003065995139905,0.7858414098603892
coherent-longitudinal-detuning,cube_pmm,5.183627878423159,10,0,0.0,0.5863244890852692,0.08003065995139905,0.7858414098603892
coherent-longitudinal-detuning,cube_pmp,5.183627878423159,10,0,0.0,0.5863244890852692,0.08003065995139905,0.7858414098603892
coherent-longitudinal-detuning,cube_ppm,5.183627878423159,10,0,0.0,0.5863244890852692,0.08003065995139905,0.7858414098603892
coherent-longitudinal-detuning,cube_ppp,5.183627878423159,10,0,0.0,0.5863244890852692,0.08003065995139905,0.7858414098603892
coherent-longitudinal-detuning,0,5.340707511102648,10,10,1.0,2.2204460492503132e-17,0.0,5.551115123125783e-17
coherent-longitudinal-detuning,1,5.340707511102648,10,10,1.0,2.2204460492503132e-17,0.0,5.551115123125783e-17
coherent-longitudinal-detuning,+,5.340707511102648,10,0,0.0,0.7239758778528367,0.19509032201612764,0.9723699203976763
coherent-longitudinal-detuning,-,5.340707511102648,10,0,0.0,0.7239758778528367,0.19509032201612764,0.9723699203976763
coherent-longitudinal-detuning,+i,5.340707511102648,10,0,0.0,0.7239758778528367,0.19509032201612764,0.9723699203976763
coherent-longitudinal-detuning,-i,5.340707511102648,10,0,0.0,0.7239758778528367,0.19509032201612764,0.9723699203976763
coherent-longitudinal-detuning,cube_mmm,5.340707511102648,10,0,0.0,0.5911238289409904,0.1592905808982574,0.7939367154016681
coherent-longitudinal-detuning,cube_mmp,5.340707511102648,10,0,0.0,0.5911238289409904,0.1592905808982574,0.7939367154016681
coherent-longitudinal-detuning,cube_mpm,5.340707511102648,10,0,0.0,0.5911238289409905,0.1592905808982574,0.7939367154016681
coherent-longitudinal-detuning,cube_mpp,5.340707511102648,10,0,0.0,0.5911238289409905,0.1592905808982574,0.7939367154016681
coherent-longitudinal-detuning,cube_pmm,5.340707511102648,10,0,0.0,0.5911238289409905,0.1592905808982574,0.7939367154016681
coherent-longitudinal-detuning,cube_pmp,5.340707511102648,10,0,0.0,0.5911238289409905,0.1592905808982574,0.7939367154016681
coherent-longitudinal-detuning,cube_ppm,5.340707511102648,10,0,0.0,0.5911238289409904,0.1592905808982574,0.7939367154016681
coherent-longitudinal-detuning,cube_ppp,5.340707511102648,10,0,0.0,0.5911238289409904,0.1592905808982574,0.7939367154016681
coherent-longitudinal-detuning,0,5.497787143782138,10,10,1.0,4.4408920985006264e-17,0.0,1.1102230246251565e-16
coherent-longitudinal-detuning,1,5.497787143782138,10,10,1.0,4.4408920985006264e-17,0.0,1.1102230246251565e-16
coherent-longitudinal-detuning,+,5.497787143782138,10,0,0.0,0.7282346332016889,0.29028467725446233,0.9807852804032303
coherent-longitudinal-detuning,-,5.497787143782138,10,0,0.0,0.7282346332016889,0.29028467725446233,0.9807852804032303
coherent-longitudinal-detuning,+i,5.497787143782138,10,0,0.0,0.7282346332016889,0.2902846772544623,0.9807852804032303
coherent-longitudinal-detuning,-i,5.497787143782138,10,0,0.0,0.7282346332016889,0.2902846772544623,0.9807852804032303
coherent-longitudinal-detuning,cube_mmm,5.497787143782138,10,0,0.0,0.5946010881223358,0.23701644647397702,0.8008078280734789
coherent-longitudinal-detuning,cube_mmp,5.497787143782138,10,0,0.0,0.5946010881223358,0.23701644647397702,0.8008078280734789
coherent-longitudinal-detuning,cube_mpm,5.497787143782138,10,0,0.0,0.5946010881223358,0.23701644647397702,0.8008078280734789
coherent-longitudinal-detuning,cube_mpp,5.497787143782138,10,0,0.0,0.5946010881223358,0.23701644647397702,0.8008078280734789
coherent-longitudinal-detuning,cube_pmm,5.497787143782138,10,0,0.0,0.5946010881223358,0.23701644647397702,0.8008078280734789
coherent-longitudinal-detuning,cube_pmp,5.497787143782138,10,0,0.0,0.5946010881223358,0.23701644647397702,0.8008078280734789
coherent-longitudinal-detuning,cube_ppm,5.497787143782138,10,0,0.0,0.5946010881223358,0.23701644647397702,0.8008078280734789
coherent-longitudinal-detuning,cube_ppp,5.497787143782138,10,0,0.0,0.5946010881223358,0.23701644647397702,0.8008078280734789
coherent-longitudinal-detuning,0,5.654866776461628,10,10,1.0,0.0,0.0,0.0
coherent-longitudinal-detuning,1,5.654866776461628,10,10,1.0,0.0,0.0,0.0
coherent-longitudinal-detuning,+,5.654866776461628,10,0,0.0,0.7308389922224184,0.30901699437494745,0.9876883405951377
coherent-longitudinal-detuning,-,5.654866776461628,10,0,0.0,0.7308389922224184,0.30901699437494745,0.9876883405951377
coherent-longitudinal-detuning,+i,5.654866776461628,10,0,0.0,0.7308389922224184,0.30901699437494745,0.9876883405951377
coherent-longitudinal-detuning,-i,5.654866776461628,10,0,0.0,0.7308389922224184,0.30901699437494745,0.9876883405951377
coherent-longitudinal-detuning,cube_mmm,5.654866776461628,10,0,0.0,0.5967275383582697,0.25231131935570705,0.8064441531181095
coherent-longitudinal-detuning,cube_mmp,5.654866776461628,10,0,0.0,0.5967275383582697,0.25231131935570705,0.8064441531181095
coherent-longitudinal-detuning,cube_mpm,5.654866776461628,10,0,0.0,0.5967275383582697,0.25231131935570705,0.8064441531181096
coherent-longitudinal-detuning,cube_mpp,5.654866776461628,10,0,0.0,0.5967275383582697,0.25231131935570705,0.8064441531181096
coherent-longitudinal-detuning,cube_pmm,5.654866776461628,10,0,0.0,0.5967275383582697,0.25231131935570705,0.8064441531181096
coherent-longitudinal-detuning,cube_pmp,5.654866776461628,10,0,0.0,0.5967275383582697,0.25231131935570705,0.8064441531181096
coherent-longitudinal-detuning,cube_ppm,5.654866776461628,10,0,0.0,0.5967275383582697,0.25231131935570705,0.8064441531181095
coherent-longitudinal-detuning,cube_ppp,5.654866776461628,10,0,0.0,0.5967275383582697,0.25231131935570705,0.8064441531181095
coherent-longitudinal-detuning,0,5.811946409141117,10,10,1.0,4.4408920985006264e-17,0.0,1.1102230246251565e-16
coherent-longitudinal-detuning,1,5.811946409141117,10,10,1.0,4.4408920985006264e-17,0.0,1.1102230246251565e-16
coherent-longitudinal-detuning,+,5.811946409141117,10,0,0.0,0.7317607672331554,0.2334453638559057,0.9930684569549261
coherent-longitudinal-detuning,-,5.811946409141117,10,0,0.0,0.7317607672331554,0.2334453638559057,0.9930684569549261
coherent-longitudinal-detuning,+i,5.811946409141117,10,0,0.0,0.7317607672331554,0.2334453638559057,0.9930684569549262
coherent-longitudinal-detuning,-i,5.811946409141117,10,0,0.0,0.7317607672331554,0.2334453638559057,0.9930684569549262
coherent-longitudinal-detuning,cube_mmm,5.811946409141117,10,0,0.0,0.597480164502921,0.19060734142177602,0.8108369997308701
coherent-longitudinal-detuning,cube_mmp,5.811946409141117,10,0,0.0,0.597480164502921,0.19060734142177602,0.8108369997308701
coherent-longitudinal-detuning,cube_mpm,5.811946409141117,10,0,0.0,0.5974801645029211,0.19060734142177602,0.8108369997308701
coherent-longitudinal-detuning,cube_mpp,5.811946409141117,10,0,0.0,0.5974801645029211,0.19060734142177602,0.8108369997308701
coherent-longitudinal-detuning,cube_pmm,5.811946409141117,10,0,0.0,0.5974801645029211,0.19060734142177602,0.8108369997308701
coherent-longitudinal-detuning,cube_pmp,5.811946409141117,10,0,0.0,0.5974801645029211,0.19060734142177602,0.8108369997308701
coherent-longitudinal-detuning,cube_ppm,5.811946409141117,10,0,0.0,0.597480164502921,0.19060734142177602,0.8108369997308701
coherent-longitudinal-detuning,cube_ppp,5.811946409141117,10,0,0.0,0.597480164502921,0.19060734142177602,0.8108369997308701
coherent-longitudinal-detuning,0,5.969026041820607,10,10,1.0,3.3306690738754695e-17,0.0,5.551115123125783e-17
coherent-longitudinal-detuning,1,5.969026041820607,10,10,1.0,3.3306690738754695e-17,0.0,5.551115123125783e-17
coherent-longitudinal-detuning,+,5.969026041820607,10,0,0.0,0.7309792797619531,0.1564344650402305,0.9969173337331277
coherent-longitudinal-detuning,-,5.969026041820607,10,0,0.0,0.7309792797619531,0.1564344650402305,0.9969173337331277
coherent-longitudinal-detuning,+i,5.969026041820607,10,0,0.0,0.7309792797619531,0.1564344650402305,0.9969173337331277
coherent-longitudinal-detuning,-i,5.969026041820607,10,0,0.0,0.7309792797619531,0.1564344650402305,0.9969173337331277
coherent-longitudinal-detuning,cube_mmm,5.969026041820607,10,0,0.0,0.5968420826546466,0.12772820584460615,0.8139795944606839
coherent-longitudinal-detuning,cube_mmp,5.969026041820607,10,0,0.0,0.5968420826546466,0.12772820584460615,0.8139795944606839
coherent-longitudinal-detuning,cube_mpm,5.969026041820607,10,0,0.0,0.5968420826546466,0.12772820584460617,0.8139795944606839
coherent-longitudinal-detuning,cube_mpp,5.969026041820607,10,0,0.0,0.5968420826546466,0.12772820584460617,0.8139795944606839
coherent-longitudinal-detuning,cube_pmm,5.969026041820607,10,0,0.0,0.5968420826546466,0.12772820584460617,0.8139795944606839
coherent-longitudinal-detuning,cube_pmp,5.969026041820607,10,0,0.0,0.5968420826546466,0.12772820584460617,0.8139795944606839
coherent-longitudinal-detuning,cube_ppm,5.969026041820607,10,0,0.0,0.5968420826546466,0.12772820584460615,0.8139795944606839
coherent-longitudinal-detuning,cube_ppp,5.969026041820607,10,0,0.0,0.5968420826546466,0.12772820584460615,0.8139795944606839
coherent-longitudinal-detuning,0,6.126105674500097,10,10,1.0,2.2204460492503132e-17,0.0,5.551115123125783e-17
coherent-longitudinal-detuning,1,6.126105674500097,10,10,1.0,2.2204460492503132e-17,0.0,5.551115123125783e-17
coherent-longitudinal-detuning,+,6.126105674500097,10,0,0.0,0.7284818229975759,0.07845909572784483,0.9992290362407228
coherent-longitudinal-detuning,-,6.126105674500097,10,0,0.0,0.7284818229975759,0.07845909572784483,0.9992290362407228
coherent-longitudinal-detuning,+i,6.126105674500097,10,0,0.0,0.7284818229975759,0.07845909572784483,0.9992290362407228
coherent-longitudinal-detuning,-i,6.126105674500097,10,0,0.0,0.7284818229975759,0.07845909572784483,0.9992290362407228
coherent-longitudinal-detuning,cube_mmm,6.126105674500097,10,0,0.0,0.5948029177455177,0.06406158340446651,0.8158670916542573
coherent-longitudinal-detuning,cube_mmp,6.126105674500097,10,0,0.0,0.5948029177455177,0.06406158340446651,0.8158670916542573
coherent-longitudinal-detuning,cube_mpm,6.126105674500097,10,0,0.0,0.5948029177455177,0.06406158340446648,0.8158670916542573
coherent-longitudinal-detuning,cube_mpp,6.126105674500097,10,0,0.0,0.5948029177455177,0.06406158340446648,0.8158670916542573
coherent-longitudinal-detuning,cube_pmm,6.126105674500097,10,0,0.0,0.5948029177455177,0.06406158340446648,0.8158670916542573
coherent-longitudinal-detuning,cube_pmp,6.126105674500097,10,0,0.0,0.5948029177455177,0.06406158340446648,0.8158670916542573
coherent-longitudinal-detuning,cube_ppm,6.126105674500097,10,0,0.0,0.5948029177455177,0.06406158340446651,0.8158670916542573
coherent-longitudinal-detuning,cube_ppp,6.126105674500097,10,0,0.0,0.5948029177455177,0.06406158340446651,0.8158670916542573
coherent-longitudinal-detuning,0,6.283185307179586,10,10,1.0,0.0,0.0,0.0
coherent-longitudinal-detuning,1,6.283185307179586,10,10,1.0,0.0,0.0,0.0
coherent-longitudinal-detuning,+,6.283185307179586,10,1,0.1,0.7242640687119284,1.2246467991473527e-16,0.9999999999999998
coherent-longitudinal-detuning,-,6.283185307179586,10,1,0.1,0.7242640687119284,1.2246467991473527e-16,0.9999999999999998
coherent-longitudinal-detuning,+i,6.283185307179586,10,1,0.1,0.7242640687119284,1.2246467991473527e-16,0.9999999999999998
coherent-longitudinal-detuning,-i,6.283185307179586,10,1,0.1,0.7242640687119284,1.2246467991473527e-16,0.9999999999999998
coherent-longitudinal-detuning,cube_mmm,6.283185307179586,10,1,0.1,0.5913591357920934,1.5700924586837752e-16,0.8164965809277261
coherent-longitudinal-detuning,cube_mmp,6.283185307179586,10,1,0.1,0.5913591357920934,1.5700924586837752e-16,0.8164965809277261
coherent-longitudinal-detuning,cube_mpm,6.283185307179586,10,1,0.1,0.5913591357920934,1.5700924586837752e-16,0.8164965809277261
coherent-longitudinal-detuning,cube_mpp,6.283185307179586,10,1,0.1,0.5913591357920934,1.5700924586837752e-16,0.8164965809277261
coherent-longitudinal-detuning,cube_pmm,6.283185307179586,10,1,0.1,0.5913591357920934,1.5700924586837752e-16,0.8164965809277261
coherent-longitudinal-detuning,cube_pmp,6.283185307179586,10,1,0.1,0.5913591357920934,1.5700924586837752e-16,0.8164965809277261
coherent-longitudinal-detuning,cube_ppm,6.283185307179586,10,1,0.1,0.5913591357920934,1.5700924586837752e-16,0.8164965809277261
coherent-longitudinal-detuning,cube_ppp,6.283185307179586,10,1,0.1,0.5913591357920934,1.5700924586837752e-16,0.8164965809277261
coherent-longitudinal-detuning,0,6.440264939859076,10,10,1.0,3.3306690738754695e-17,0.0,5.551115123125783e-17
coherent-longitudinal-detuning,1,6.440264939859076,10,10,1.0,3.3306690738754695e-17,0.0,5.551115123125783e-17
coherent-longitudinal-detuning,+,6.440264939859076,10,0,0.0,0.734022232374407,0.0784590957278446,0.9992290362407228
coherent-longitudinal-detuning,-,6.440264939859076,10,0,0.0,0.734022232374407,0.0784590957278446,0.9992290362407228
coherent-longitudinal-detuning,+i,6.440264939859076,10,0,0.0,0.734022232374407,0.0784590957278446,0.9992290362407228
coherent-longitudinal-detuning,-i,6.440264939859076,10,0,0.0,0.734022232374407,0.0784590957278446,0.9992290362407228
coherent-longitudinal-detuning,cube_mmm,6.440264939859076,10,0,0.0,0.5993266430586403,0.06406158340446635,0.8158670916542572
coherent-longitudinal-detuning,cube_mmp,6.440264939859076,10,0,0.0,0.5993266430586403,0.06406158340446635,0.8158670916542572
coherent-longitudinal-detuning,cube_mpm,6.440264939859076,10,0,0.0,0.5993266430586404,0.06406158340446631,0.8158670916542573
coherent-longitudinal-detuning,cube_mpp,6.440264939859076,10,0,0.0,0.5993266430586404,0.06406158340446631,0.8158670916542573
coherent-longitudinal-detuning,cube_pmm,6.440264939859076,10,0,0.0,0.5993266430586404,0.06406158340446631,0.8158670916542573
coherent-longitudinal-detuning,cube_pmp,6.440264939859076,10,0,0.0,0.5993266430586404,0.06406158340446631,0.8158670916542573
coherent-longitudinal-detuning,cube_ppm,6.440264939859076,10,0,0.0,0.5993266430586403,0.06406158340446635,0.8158670916542572
coherent-longitudinal-detuning,cube_ppp,6.440264939859076,10,0,0.0,0.5993266430586403,0.06406158340446635,0.8158670916542572
coherent-longitudinal-detuning,0,6.5973445725385655,10,10,1.0,0.0,0.0,0.0
coherent-longitudinal-detuning,1,6.5973445725385655,10,10,1.0,0.0,0.0,0.0
coherent-longitudinal-detuning,+,6.5973445725385655,10,0,0.0,0.7419811505468882,0.15643446504023026,0.9969173337331279
coherent-longitudinal-detuning,-,6.5973445725385655,10,0,0.0,0.7419811505468882,0.15643446504023026,0.9969173337331279
coherent-longitudinal-detuning,+i,6.5973445725385655,10,0,0.0,0.7419811505468882,0.15643446504023023,0.9969173337331279
coherent-longitudinal-detuning,-i,6.5973445725385655,10,0,0.0,0.7419811505468882,0.15643446504023023,0.9969173337331279
coherent-longitudinal-detuning,cube_mmm,6.5973445725385655,10,0,0.0,0.6058250725343549,0.12772820584460592,0.813979594460684
coherent-longitudinal-detuning,cube_mmp,6.5973445725385655,10,0,0.0,0.6058250725343549,0.12772820584460592,0.813979594460684
coherent-longitudinal-detuning,cube_mpm,6.5973445725385655,10,0,0.0,0.6058250725343549,0.12772820584460595,0.813979594460684
coherent-longitudinal-detuning,cube_mpp,6.5973445725385655,10,0,0.0,0.6058250725343549,0.12772820584460595,0.813979594460684
coherent-longitudinal-detuning,cube_pmm,6.5973445725385655,10,0,0.0,0.6058250725343549,0.12772820584460595,0.813979594460684
coherent-longitudinal-detuning,cube_pmp,6.5973445725385655,10,0,0.0,0.6058250725343549,0.12772820584460595,0.813979594460684
coherent-longitudinal-detuning,cube_ppm,6.5973445725385655,10,0,0.0,0.6058250725343549,0.12772820584460592,0.813979594460684
coherent-longitudinal-detuning,cube_ppp,6.5973445725385655,10,0,0.0,0.6058250725343549,0.12772820584460592,0.813979594460684
coherent-longitudinal-detuning,0,6.754424205218055,10,10,1.0,2.2204460492503132e-17,0.0,5.551115123125783e-17
coherent-longitudinal-detuning,1,6.754424205218055,10,10,1.0,2.2204460492503132e-17,0.0,5.551115123125783e-17
coherent-longitudinal-detuning,+,6.754424205218055,10,0,0.0,0.7480672900112053,0.23344536385590545,0.9930684569549261
coherent-longitudinal-detuning,-,6.754424205218055,10,0,0.0,0.7480672900112053,0.23344536385590545,0.9930684569549261
coherent-longitudinal-detuning,+i,6.754424205218055,10,0,0.0,0.7480672900112053,0.2334453638559055,0.9930684569549262
coherent-longitudinal-detuning,-i,6.754424205218055,10,0,0.0,0.7480672900112053,0.2334453638559055,0.9930684569549262
coherent-longitudinal-detuning,cube_mmm,6.754424205218055,10,0,0.0,0.6107943845980189,0.19060734142177588,0.8108369997308701
coherent-longitudinal-detuning,cube_mmp,6.754424205218055,10,0,0.0,0.6107943845980189,0.19060734142177588,0.8108369997308701
coherent-longitudinal-detuning,cube_mpm,6.754424205218055,10,0,0.0,0.6107943845980189,0.19060734142177588,0.8108369997308702
coherent-longitudinal-detuning,cube_mpp,6.754424205218055,10,0,0.0,0.6107943845980189,0.19060734142177588,0.8108369997308702
coherent-longitudinal-detuning,cube_pmm,6.754424205218055,10,0,0.0,0.6107943845980189,0.19060734142177588,0.8108369997308702
coherent-longitudinal-detuning,cube_pmp,6.754424205218055,10,0,0.0,0.6107943845980189,0.19060734142177588,0.8108369997308702
coherent-longitudinal-detuning,cube_ppm,6.754424205218055,10,0,0.0,0.6107943845980189,0.19060734142177588,0.8108369997308701
coherent-longitudinal-detuning,cube_ppp,6.754424205218055,10,0,0.0,0.6107943845980189,0.19060734142177588,0.8108369997308701
coherent-longitudinal-detuning,0,6.911503837897545,10,10,1.0,0.0,0.0,0.0
coherent-longitudinal-detuning,1,6.911503837897545,10,10,1.0,0.0,0.0,0.0
coherent-longitudinal-detuning,+,6.911503837897545,10,0,0.0,0.7522176574903636,0.30901699437494723,0.9876883405951377
coherent-longitudinal-detuning,-,6.911503837897545,10,0,0.0,0.7522176574903636,0.30901699437494723,0.9876883405951377
coherent-longitudinal-detuning,+i,6.911503837897545,10,0,0.0,0.7522176574903636,0.30901699437494723,0.9876883405951377
coherent-longitudinal-detuning,-i,6.911503837897545,10,0,0.0,0.7522176574903636,0.30901699437494723,0.9876883405951377
coherent-longitudinal-detuning,cube_mmm,6.911503837897545,10,0,0.0,0.6141831454543454,0.2523113193557069,0.8064441531181095
coherent-longitudinal-detuning,cube_mmp,6.911503837897545,10,0,0.0,0.6141831454543454,0.2523113193557069,0.8064441531181095
coherent-longitudinal-detuning,cube_mpm,6.911503837897545,10,0,0.0,0.6141831454543454,0.25231131935570683,0.8064441531181095
coherent-longitudinal-detuning,cube_mpp,6.911503837897545,10,0,0.0,0.6141831454543454,0.25231131935570683,0.8064441531181095
coherent-longitudinal-detuning,cube_pmm,6.911503837897545,10,0,0.0,0.6141831454543454,0.25231131935570683,0.8064441531181095
coherent-longitudinal-detuning,cube_pmp,6.911503837897545,10,0,0.0,0.6141831454543454,0.25231131935570683,0.8064441531181095
coherent-longitudinal-detuning,cube_ppm,6.911503837897545,10,0,0.0,0.6141831454543454,0.2523113193557069,0.8064441531181095
coherent-longitudinal-detuning,cube_ppp,6.911503837897545,10,0,0.0,0.6141831454543454,0.2523113193557069,0.8064441531181095
coherent-longitudinal-detuning,0,7.0685834705770345,10,10,1.0,2.2204460492503132e-17,0.0,5.551115123125783e-17
coherent-longitudinal-detuning,1,7.0685834705770345,10,10,1.0,2.2204460492503132e-17,0.0,5.551115123125783e-17
coherent-longitudinal-detuning,+,7.0685834705770345,10,0,0.0,0.7543804443047194,0.3826834323650894,0.9807852804032303
coherent-longitudinal-detuning,-,7.0685834705770345,10,0,0.0,0.7543804443047194,0.3826834323650894,0.9807852804032303
coherent-longitudinal-detuning,+i,7.0685834705770345,10,0,0.0,0.7543804443047194,0.3826834323650893,0.9807852804032303
coherent-longitudinal-detuning,-i,7.0685834705770345,10,0,0.0,0.7543804443047194,0.3826834323650893,0.9807852804032303
coherent-longitudinal-detuning,cube_mmm,7.0685834705770345,10,0,0.0,0.6159490534935425,0.31245971410378226,0.8008078280734789
coherent-longitudinal-detuning,cube_mmp,7.0685834705770345,10,0,0.0,0.6159490534935425,0.31245971410378226,0.8008078280734789
coherent-longitudinal-detuning,cube_mpm,7.0685834705770345,10,0,0.0,0.6159490534935426,0.31245971410378226,0.8008078280734789
coherent-longitudinal-detuning,cube_mpp,7.0685834705770345,10,0,0.0,0.6159490534935426,0.31245971410378226,0.8008078280734789
coherent-longitudinal-detuning,cube_pmm,7.0685834705770345,10,0,0.0,0.6159490534935426,0.31245971410378226,0.8008078280734789
coherent-longitudinal-detuning,cube_pmp,7.0685834705770345,10,0,0.0,0.6159490534935426,0.31245971410378226,0.8008078280734789
coherent-longitudinal-detuning,cube_ppm,7.0685834705770345,10,0,0.0,0.6159490534935425,0.31245971410378226,0.8008078280734789
coherent-longitudinal-detuning,cube_ppp,7.0685834705770345,10,0,0.0,0.6159490534935425,0.31245971410378226,0.8008078280734789
coherent-longitudinal-detuning,0,7.225663103256524,10,10,1.0,4.4408920985006264e-17,0.0,1.1102230246251565e-16
coherent-longitudinal-detuning,1,7.225663103256524,10,10,1.0,4.4408920985006264e-17,0.0,1.1102230246251565e-16
coherent-longitudinal-detuning,+,7.225663103256524,10,0,0.0,0.7545155809052897,0.41865973753742786,0.9807852804032303
coherent-longitudinal-detuning,-,7.225663103256524,10,0,0.0,0.7545155809052897,0.41865973753742786,0.9807852804032303
coherent-longitudinal-detuning,+i,7.225663103256524,10,0,0.0,0.7545155809052897,0.41865973753742786,0.9807852804032303
coherent-longitudinal-detuning,-i,7.225663103256524,10,0,0.0,0.7545155809052897,0.41865973753742786,0.9807852804032303
coherent-longitudinal-detuning,cube_mmm,7.225663103256524,10,0,0.0,0.6160593920658661,0.34183424427140924,0.8008078280734789
coherent-longitudinal-detuning,cube_mmp,7.225663103256524,10,0,0.0,0.6160593920658661,0.34183424427140924,0.8008078280734789
coherent-longitudinal-detuning,cube_mpm,7.225663103256524,10,0,0.0,0.6160593920658664,0.3418342442714091,0.8008078280734789
coherent-longitudinal-detuning,cube_mpp,7.225663103256524,10,0,0.0,0.6160593920658664,0.3418342442714091,0.8008078280734789
coherent-longitudinal-detuning,cube_pmm,7.225663103256524,10,0,0.0,0.6160593920658664,0.3418342442714091,0.8008078280734789
coherent-longitudinal-detuning,cube_pmp,7.225663103256524,10,0,0.0,0.6160593920658664,0.3418342442714091,0.8008078280734789
coherent-longitudinal-detuning,cube_ppm,7.225663103256524,10,0,0.0,0.6160593920658661,0.34183424427140924,0.8008078280734789
coherent-longitudinal-detuning,cube_ppp,7.225663103256524,10,0,0.0,0.6160593920658661,0.34183424427140924,0.8008078280734789
coherent-longitudinal-detuning,0,7.382742735936014,10,10,1.0,2.2204460492503132e-17,0.0,5.551115123125783e-17
coherent-longitudinal-detuning,1,7.382742735936014,10,10,1.0,2.2204460492503132e-17,0.0,5.551115123125783e-17
coherent-longitudinal-detuning,+,7.382742735936014,10,0,0.0,0.7525951961825507,0.3644704998791496,0.9951847266721966
coherent-longitudinal-detuning,-,7.382742735936014,10,0,0.0,0.7525951961825507,0.3644704998791496,0.9951847266721966
coherent-longitudinal-detuning,+i,7.382742735936014,10,0,0.0,0.7525951961825507,0.3644704998791496,0.9951847266721967
coherent-longitudinal-detuning,-i,7.382742735936014,10,0,0.0,0.7525951961825507,0.3644704998791496,0.9951847266721967
coherent-longitudinal-detuning,cube_mmm,7.382742735936014,10,0,0.0,0.614491404505684,0.29758891700034495,0.8125649267193424
coherent-longitudinal-detuning,cube_mmp,7.382742735936014,10,0,0.0,0.614491404505684,0.29758891700034495,0.8125649267193424
coherent-longitudinal-detuning,cube_mpm,7.382742735936014,10,0,0.0,0.614491404505684,0.29758891700034495,0.8125649267193424
coherent-longitudinal-detuning,cube_mpp,7.382742735936014,10,0,0.0,0.614491404505684,0.29758891700034495,0.8125649267193424
coherent-longitudinal-detuning,cube_pmm,7.382742735936014,10,0,0.0,0.614491404505684,0.29758891700034495,0.8125649267193424
coherent-longitudinal-detuning,cube_pmp,7.382742735936014,10,0,0.0,0.614491404505684,0.29758891700034495,0.8125649267193424
coherent-longitudinal-detuning,cube_ppm,7.382742735936014,10,0,0.0,0.614491404505684,0.29758891700034495,0.8125649267193424
coherent-longitudinal-detuning,cube_ppp,7.382742735936014,10,0,0.0,0.614491404505684,0.29758891700034495,0.8125649267193424
coherent-longitudinal-detuning,0,7.5398223686155035,10,10,1.0,4.4408920985006264e-17,0.0,1.1102230246251565e-16
coherent-longitudinal-detuning,1,7.5398223686155035,10,10,1.0,4.4408920985006264e-17,0.0,1.1102230246251565e-16
coherent-longitudinal-detuning,+,7.5398223686155035,10,0,0.0,0.748603977305267,0.30901699437494756,0.9999999999999998
coherent-longitudinal-detuning,-,7.5398223686155035,10,0,0.0,0.748603977305267,0.30901699437494756,0.9999999999999998
coherent-longitudinal-detuning,+i,7.5398223686155035,10,0,0.0,0.748603977305267,0.30901699437494745,0.9999999999999998
coherent-longitudinal-detuning,-i,7.5398223686155035,10,0,0.0,0.748603977305267,0.30901699437494745,0.9999999999999998
coherent-longitudinal-detuning,cube_mmm,7.5398223686155035,10,0,0.0,0.6112325879386477,0.25231131935570705,0.8164965809277261
coherent-longitudinal-detuning,cube_mmp,7.5398223686155035,10,0,0.0,0.6112325879386477,0.25231131935570705,0.8164965809277261
coherent-longitudinal-detuning,cube_mpm,7.5398223686155035,10,0,0.0,0.6112325879386477,0.25231131935570705,0.8164965809277263
coherent-longitudinal-detuning,cube_mpp,7.5398223686155035,10,0,0.0,0.6112325879386477,0.25231131935570705,0.8164965809277263
coherent-longitudinal-detuning,cube_pmm,7.5398223686155035,10,0,0.0,0.6112325879386477,0.25231131935570705,0.8164965809277263
coherent-longitudinal-detuning,cube_pmp,7.5398223686155035,10,0,0.0,0.6112325879386477,0.25231131935570705,0.8164965809277263
coherent-longitudinal-detuning,cube_ppm,7.5398223686155035,10,0,0.0,0.6112325879386477,0.25231131935570705,0.8164965809277261
coherent-longitudinal-detuning,cube_ppp,7.5398223686155035,10,0,0.0,0.6112325879386477,0.25231131935570705,0.8164965809277261
coherent-longitudinal-detuning,0,7.696902001294993,10,10,1.0,2.2204460492503132e-17,0.0,5.551115123125783e-17
coherent-longitudinal-detuning,1,7.696902001294993,10,10,1.0,2.2204460492503132e-17,0.0,5.551115123125783e-17
coherent-longitudinal-detuning,+,7.696902001294993,10,0,0.0,0.7425394267376688,0.252491577015158,0.9951847266721967
coherent-longitudinal-detuning,-,7.696902001294993,10,0,0.0,0.7425394267376688,0.252491577015158,0.9951847266721967
coherent-longitudinal-detuning,+i,7.696902001294993,10,0,0.0,0.7425394267376688,0.252491577015158,0.9951847266721966
coherent-longitudinal-detuning,-i,7.696902001294993,10,0,0.0,0.7425394267376688,0.252491577015158,0.9951847266721966
coherent-longitudinal-detuning,cube_mmm,7.696902001294993,10,0,0.0,0.6062809031353404,0.20615850934592625,0.8125649267193423
coherent-longitudinal-detuning,cube_mmp,7.696902001294993,10,0,0.0,0.6062809031353404,0.20615850934592625,0.8125649267193423
coherent-longitudinal-detuning,cube_mpm,7.696902001294993,10,0,0.0,0.6062809031353404,0.20615850934592622,0.8125649267193423
coherent-longitudinal-detuning,cube_mpp,7.696902001294993,10,0,0.0,0.6062809031353404,0.20615850934592622,0.8125649267193423
coherent-longitudinal-detuning,cube_pmm,7.696902001294993,10,0,0.0,0.6062809031353404,0.20615850934592622,0.8125649267193423
coherent-longitudinal-detuning,cube_pmp,7.696902001294993,10,0,0.0,0.6062809031353404,0.20615850934592622,0.8125649267193423
coherent-longitudinal-detuning,cube_ppm,7.696902001294993,10,0,0.0,0.6062809031353404,0.20615850934592625,0.8125649267193423
coherent-longitudinal-detuning,cube_ppp,7.696902001294993,10,0,0.0,0.6062809031353404,0.20615850934592625,0.8125649267193423
coherent-longitudinal-detuning,0,7.853981633974483,10,10,1.0,6.661338147750939e-17,0.0,1.6653345369377348e-16
coherent-longitudinal-detuning,1,7.853981633974483,10,10,1.0,6.661338147750939e-17,0.0,1.6653345369377348e-16
coherent-longitudinal-detuning,+,7.853981633974483,10,0,0.0,0.734412014006353,0.19509032201612833,0.9807852804032303
coherent-longitudinal-detuning,-,7.853981633974483,10,0,0.0,0.734412014006353,0.19509032201612833,0.9807852804032303
coherent-longitudinal-detuning,+i,7.853981633974483,10,0,0.0,0.7344120140063529,0.19509032201612833,0.9807852804032303
coherent-longitudinal-detuning,-i,7.853981633974483,10,0,0.0,0.7344120140063529,0.19509032201612833,0.9807852804032303
coherent-longitudinal-detuning,cube_mmm,7.853981633974483,10,0,0.0,0.5996448984284327,0.1592905808982579,0.800807828073479
coherent-longitudinal-detuning,cube_mmp,7.853981633974483,10,0,0.0,0.5996448984284327,0.1592905808982579,0.800807828073479
coherent-longitudinal-detuning,cube_mpm,7.853981633974483,10,0,0.0,0.5996448984284327,0.15929058089825793,0.800807828073479
coherent-longitudinal-detuning,cube_mpp,7.853981633974483,10,0,0.0,0.5996448984284327,0.15929058089825793,0.800807828073479
coherent-longitudinal-detuning,cube_pmm,7.853981633974483,10,0,0.0,0.5996448984284327,0.15929058089825793,0.800807828073479
coherent-longitudinal-detuning,cube_pmp,7.853981633974483,10,0,0.0,0.5996448984284327,0.15929058089825793,0.800807828073479
coherent-longitudinal-detuning,cube_ppm,7.853981633974483,10,0,0.0,0.5996448984284327,0.1592905808982579,0.800807828073479
coherent-longitudinal-detuning,cube_ppp,7.853981633974483,10,0,0.0,0.5996448984284327,0.1592905808982579,0.800807828073479
coherent-longitudinal-detuning,0,8.011061266653972,10,10,1.0,2.2204460492503132e-17,0.0,5.551115123125783e-17
coherent-longitudinal-detuning,1,8.011061266653972,10,10,1.0,2.2204460492503132e-17,0.0,5.551115123125783e-17
coherent-longitudinal-detuning,+,8.011061266653972,10,0,0.0,0.7242452207320278,0.1370123416819684,0.9569403357322089
coherent-longitudinal-detuning,-,8.011061266653972,10,0,0.0,0.7242452207320278,0.1370123416819684,0.9569403357322089
coherent-longitudinal-detuning,+i,8.011061266653972,10,0,0.0,0.7242452207320278,0.13701234168196838,0.9569403357322089
coherent-longitudinal-detuning,-i,8.011061266653972,10,0,0.0,0.7242452207320278,0.13701234168196838,0.9569403357322089
coherent-longitudinal-detuning,cube_mmm,8.011061266653972,10,0,0.0,0.5913437464809472,0.11187010852822855,0.781338512277179
coherent-longitudinal-detuning,cube_mmp,8.011061266653972,10,0,0.0,0.5913437464809472,0.11187010852822855,0.781338512277179
coherent-longitudinal-detuning,cube_mpm,8.011061266653972,10,0,0.0,0.5913437464809472,0.11187010852822855,0.781338512277179
coherent-longitudinal-detuning,cube_mpp,8.011061266653972,10,0,0.0,0.5913437464809472,0.11187010852822855,0.781338512277179
coherent-longitudinal-detuning,cube_pmm,8.011061266653972,10,0,0.0,0.5913437464809472,0.11187010852822855,0.781338512277179
coherent-longitudinal-detuning,cube_pmp,8.011061266653972,10,0,0.0,0.5913437464809472,0.11187010852822855,0.781338512277179
coherent-longitudinal-detuning,cube_ppm,8.011061266653972,10,0,0.0,0.5913437464809472,0.11187010852822855,0.781338512277179
coherent-longitudinal-detuning,cube_ppp,8.011061266653972,10,0,0.0,0.5913437464809472,0.11187010852822855,0.781338512277179
coherent-longitudinal-detuning,0,8.168140899333462,10,10,1.0,0.0,0.0,0.0
coherent-longitudinal-detuning,1,8.168140899333462,10,10,1.0,0.0,0.0,0.0
coherent-longitudinal-detuning,+,8.168140899333462,10,0,0.0,0.7120754783969303,0.07845909572784504,0.9238795325112865
coherent-longitudinal-detuning,-,8.168140899333462,10,0,0.0,0.7120754783969303,0.07845909572784504,0.9238795325112865
coherent-longitudinal-detuning,+i,8.168140899333462,10,0,0.0,0.7120754783969303,0.07845909572784504,0.9238795325112865
coherent-longitudinal-detuning,-i,8.168140899333462,10,0,0.0,0.7120754783969303,0.07845909572784504,0.9238795325112865
coherent-longitudinal-detuning,cube_mmm,8.168140899333462,10,0,0.0,0.5814071934735687,0.0640615834044666,0.7543444794845717
coherent-longitudinal-detuning,cube_mmp,8.168140899333462,10,0,0.0,0.5814071934735687,0.0640615834044666,0.7543444794845717
coherent-longitudinal-detuning,cube_mpm,8.168140899333462,10,0,0.0,0.5814071934735687,0.06406158340446663,0.7543444794845717
coherent-longitudinal-detuning,cube_mpp,8.168140899333462,10,0,0.0,0.5814071934735687,0.06406158340446663,0.7543444794845717
coherent-longitudinal-detuning,cube_pmm,8.168140899333462,10,0,0.0,0.5814071934735687,0.06406158340446663,0.7543444794845717
coherent-longitudinal-detuning,cube_pmp,8.168140899333462,10,0,0.0,0.5814071934735687,0.06406158340446663,0.7543444794845717
coherent-longitudinal-detuning,cube_ppm,8.168140899333462,10,0,0.0,0.5814071934735687,0.0640615834044666,0.7543444794845717
coherent-longitudinal-detuning,cube_ppp,8.168140899333462,10,0,0.0,0.5814071934735687,0.0640615834044666,0.7543444794845717
coherent-longitudinal-detuning,0,8.325220532012953,10,10,1.0,3.3306690738754695e-17,0.0,5.551115123125783e-17
coherent-longitudinal-detuning,1,8.325220532012953,10,10,1.0,3.3306690738754695e-17,0.0,5.551115123125783e-17
coherent-longitudinal-detuning,+,8.325220532012953,10,0,0.0,0.6979519992775468,0.019633692460628023,0.8819212643483546
coherent-longitudinal-detuning,-,8.325220532012953,10,0,0.0,0.6979519992775468,0.019633692460628023,0.8819212643483546
coherent-longitudinal-detuning,+i,8.325220532012953,10,0,0.0,0.6979519992775468,0.019633692460628023,0.8819212643483546
coherent-longitudinal-detuning,-i,8.325220532012953,10,0,0.0,0.6979519992775468,0.019633692460628023,0.8819212643483546
coherent-longitudinal-detuning,cube_mmm,8.325220532012953,10,0,0.0,0.5698754210617878,0.01603084276508921,0.720085696987889
coherent-longitudinal-detuning,cube_mmp,8.325220532012953,10,0,0.0,0.5698754210617878,0.01603084276508921,0.720085696987889
coherent-longitudinal-detuning,cube_mpm,8.325220532012953,10,0,0.0,0.5698754210617878,0.01603084276508924,0.720085696987889
coherent-longitudinal-detuning,cube_mpp,8.325220532012953,10,0,0.0,0.5698754210617878,0.01603084276508924,0.720085696987889
coherent-longitudinal-detuning,cube_pmm,8.325220532012953,10,0,0.0,0.5698754210617878,0.01603084276508924,0.720085696987889
coherent-longitudinal-detuning,cube_pmp,8.325220532012953,10,0,0.0,0.5698754210617878,0.01603084276508924,0.720085696987889
coherent-longitudinal-detuning,cube_ppm,8.325220532012953,10,0,0.0,0.5698754210617878,0.01603084276508921,0.720085696987889
coherent-longitudinal-detuning,cube_ppp,8.325220532012953,10,0,0.0,0.5698754210617878,0.01603084276508921,0.720085696987889
coherent-longitudinal-detuning,0,8.482300164692441,10,10,1.0,2.2204460492503132e-17,0.0,5.551115123125783e-17
coherent-longitudinal-detuning,1,8.482300164692441,10,10,1.0,2.2204460492503132e-17,0.0,5.551115123125783e-17
coherent-longitudinal-detuning,+,8.482300164692441,10,0,0.0,0.6976404282289717,0.03925981575906845,0.8910065241883678
coherent-longitudinal-detuning,-,8.482300164692441,10,0,0.0,0.6976404282289717,0.03925981575906845,0.8910065241883678
coherent-longitudinal-detuning,+i,8.482300164692441,10,0,0.0,0.6976404282289718,0.03925981575906845,0.8910065241883679
coherent-longitudinal-detuning,-i,8.482300164692441,10,0,0.0,0.6976404282289718,0.03925981575906845,0.8910065241883679
coherent-longitudinal-detuning,cube_mmm,8.482300164692441,10,0,0.0,0.5696210243659101,0.03205550533513188,0.7275037805840998
coherent-longitudinal-detuning,cube_mmp,8.482300164692441,10,0,0.0,0.5696210243659101,0.03205550533513188,0.7275037805840998
coherent-longitudinal-detuning,cube_mpm,8.482300164692441,10,0,0.0,0.5696210243659101,0.03205550533513188,0.7275037805840998
coherent-longitudinal-detuning,cube_mpp,8.482300164692441,10,0,0.0,0.5696210243659101,0.03205550533513188,0.7275037805840998
coherent-longitudinal-detuning,cube_pmm,8.482300164692441,10,0,0.0,0.5696210243659101,0.03205550533513188,0.7275037805840998
coherent-longitudinal-detuning,cube_pmp,8.482300164692441,10,0,0.0,0.5696210243659101,0.03205550533513188,0.7275037805840998
coherent-longitudinal-detuning,cube_ppm,8.482300164692441,10,0,0.0,0.5696210243659101,0.03205550533513188,0.7275037805840998
coherent-longitudinal-detuning,cube_ppp,8.482300164692441,10,0,0.0,0.5696210243659101,0.03205550533513188,0.7275037805840998
coherent-longitudinal-detuning,0,8.63937979737193,10,10,1.0,0.0,0.0,0.0
coherent-longitudinal-detuning,1,8.63937979737193,10,10,1.0,0.0,0.0,0.0
coherent-longitudinal-detuning,+,8.63937979737193,10,0,0.0,0.7033096896485843,0.0980171403295601,0.9238795325112863
coherent-longitudinal-detuning,-,8.63937979737193,10,0,0.0,0.7033096896485843,0.0980171403295601,0.9238795325112863
coherent-longitudinal-detuning,+i,8.63937979737193,10,0,0.0,0.7033096896485843,0.09801714032956013,0.9238795325112864
coherent-longitudinal-detuning,-i,8.63937979737193,10,0,0.0,0.7033096896485843,0.09801714032956013,0.9238795325112864
coherent-longitudinal-detuning,cube_mmm,8.63937979737193,10,0,0.0,0.5742499569314096,0.08003065995139902,0.7543444794845715
coherent-longitudinal-detuning,cube_mmp,8.63937979737193,10,0,0.0,0.5742499569314096,0.08003065995139902,0.7543444794845715
coherent-longitudinal-detuning,cube_mpm,8.63937979737193,10,0,0.0,0.5742499569314095,0.08003065995139899,0.7543444794845715
coherent-longitudinal-detuning,cube_mpp,8.63937979737193,10,0,0.0,0.5742499569314095,0.08003065995139899,0.7543444794845715
coherent-longitudinal-detuning,cube_pmm,8.63937979737193,10,0,0.0,0.5742499569314095,0.08003065995139899,0.7543444794845715
coherent-longitudinal-detuning,cube_pmp,8.63937979737193,10,0,0.0,0.5742499569314095,0.08003065995139899,0.7543444794845715
coherent-longitudinal-detuning,cube_ppm,8.63937979737193,10,0,0.0,0.5742499569314096,0.08003065995139902,0.7543444794845715
coherent-longitudinal-detuning,cube_ppp,8.63937979737193,10,0,0.0,0.5742499569314096,0.08003065995139902,0.7543444794845715
coherent-longitudinal-detuning,0,8.79645943005142,10,10,1.0,3.3306690738754695e-17,0.0,5.551115123125783e-17
coherent-longitudinal-detuning,1,8.79645943005142,10,10,1.0,3.3306690738754695e-17,0.0,5.551115123125783e-17
coherent-longitudinal-detuning,+,8.79645943005142,10,0,0.0,0.7071102783252108,0.15643446504023073,0.9510565162951532
coherent-longitudinal-detuning,-,8.79645943005142,10,0,0.0,0.7071102783252108,0.15643446504023073,0.9510565162951532
coherent-longitudinal-detuning,+i,8.79645943005142,10,0,0.0,0.7071102783252108,0.15643446504023073,0.9510565162951532
coherent-longitudinal-detuning,-i,8.79645943005142,10,0,0.0,0.7071102783252108,0.15643446504023073,0.9510565162951532
coherent-longitudinal-detuning,cube_mmm,8.79645943005142,10,0,0.0,0.5773531245913875,0.12772820584460634,0.7765343938240271
coherent-longitudinal-detuning,cube_mmp,8.79645943005142,10,0,0.0,0.5773531245913875,0.12772820584460634,0.7765343938240271
coherent-longitudinal-detuning,cube_mpm,8.79645943005142,10,0,0.0,0.5773531245913875,0.12772820584460634,0.7765343938240271
coherent-longitudinal-detuning,cube_mpp,8.79645943005142,10,0,0.0,0.5773531245913875,0.12772820584460634,0.7765343938240271
coherent-longitudinal-detuning,cube_pmm,8.79645943005142,10,0,0.0,0.5773531245913875,0.12772820584460634,0.7765343938240271
coherent-longitudinal-detuning,cube_pmp,8.79645943005142,10,0,0.0,0.5773531245913875,0.12772820584460634,0.7765343938240271
coherent-longitudinal-detuning,cube_ppm,8.79645943005142,10,0,0.0,0.5773531245913875,0.12772820584460634,0.7765343938240271
coherent-longitudinal-detuning,cube_ppp,8.79645943005142,10,0,0.0,0.5773531245913875,0.12772820584460634,0.7765343938240271
coherent-longitudinal-detuning,0,8.953539062730911,10,10,1.0,0.0,0.0,0.0
coherent-longitudinal-detuning,1,8.953539062730911,10,10,1.0,0.0,0.0,0.0
coherent-longitudinal-detuning,+,8.953539062730911,10,0,0.0,0.7090577155490321,0.2143091530650509,0.9723699203976764
coherent-longitudinal-detuning,-,8.953539062730911,10,0,0.0,0.7090577155490321,0.2143091530650509,0.9723699203976764
coherent-longitudinal-detuning,+i,8.953539062730911,10,0,0.0,0.7090577155490321,0.21430915306505086,0.9723699203976764
coherent-longitudinal-detuning,-i,8.953539062730911,10,0,0.0,0.7090577155490321,0.21430915306505086,0.9723699203976764
coherent-longitudinal-detuning,cube_mmm,8.953539062730911,10,0,0.0,0.5789432004262091,0.17498269073913084,0.7939367154016683
coherent-longitudinal-detuning,cube_mmp,8.953539062730911,10,0,0.0,0.5789432004262091,0.17498269073913084,0.7939367154016683
coherent-longitudinal-detuning,cube_mpm,8.953539062730911,10,0,0.0,0.5789432004262092,0.1749826907391308,0.7939367154016683
coherent-longitudinal-detuning,cube_mpp,8.953539062730911,10,0,0.0,0.5789432004262092,0.1749826907391308,0.7939367154016683
coherent-longitudinal-detuning,cube_pmm,8.953539062730911,10,0,0.0,0.5789432004262092,0.1749826907391308,0.7939367154016683
coherent-longitudinal-detuning,cube_pmp,8.953539062730911,10,0,0.0,0.5789432004262092,0.1749826907391308,0.7939367154016683
coherent-longitudinal-detuning,cube_ppm,8.953539062730911,10,0,0.0,0.5789432004262091,0.17498269073913084,0.7939367154016683
coherent-longitudinal-detuning,cube_ppp,8.953539062730911,10,0,0.0,0.5789432004262091,0.17498269073913084,0.7939367154016683
coherent-longitudinal-detuning,0,9.1106186954104,10,10,1.0,3.3306690738754695e-17,0.0,5.551115123125783e-17
coherent-longitudinal-detuning,1,9.1106186954104,10,10,1.0,3.3306690738754695e-17,0.0,5.551115123125783e-17
coherent-longitudinal-detuning,+,9.1106186954104,10,0,0.0,0.7091786891620225,0.2714404498650738,0.9876883405951374
coherent-longitudinal-detuning,-,9.1106186954104,10,0,0.0,0.7091786891620225,0.2714404498650738,0.9876883405951374
coherent-longitudinal-detuning,+i,9.1106186954104,10,0,0.0,0.7091786891620225,0.2714404498650738,0.9876883405951374
coherent-longitudinal-detuning,-i,9.1106186954104,10,0,0.0,0.7091786891620225,0.2714404498650738,0.9876883405951374
coherent-longitudinal-detuning,cube_mmm,9.1106186954104,10,0,0.0,0.5790419749675981,0.22163019924031668,0.8064441531181094
coherent-longitudinal-detuning,cube_mmp,9.1106186954104,10,0,0.0,0.5790419749675981,0.22163019924031668,0.8064441531181094
coherent-longitudinal-detuning,cube_mpm,9.1106186954104,10,0,0.0,0.5790419749675981,0.22163019924031668,0.8064441531181094
coherent-longitudinal-detuning,cube_mpp,9.1106186954104,10,0,0.0,0.5790419749675981,0.22163019924031668,0.8064441531181094
coherent-longitudinal-detuning,cube_pmm,9.1106186954104,10,0,0.0,0.5790419749675981,0.22163019924031668,0.8064441531181094
coherent-longitudinal-detuning,cube_pmp,9.1106186954104,10,0,0.0,0.5790419749675981,0.22163019924031668,0.8064441531181094
coherent-longitudinal-detuning,cube_ppm,9.1106186954104,10,0,0.0,0.5790419749675981,0.22163019924031668,0.8064441531181094
coherent-longitudinal-detuning,cube_ppp,9.1106186954104,10,0,0.0,0.5790419749675981,0.22163019924031668,0.8064441531181094
coherent-longitudinal-detuning,0,9.267698328089889,10,10,1.0,6.661338147750939e-17,0.0,1.1102230246251565e-16
coherent-longitudinal-detuning,1,9.267698328089889,10,10,1.0,6.661338147750939e-17,0.0,1.1102230246251565e-16
coherent-longitudinal-detuning,+,9.267698328089889,10,0,0.0,0.7075105829340975,0.327630179561693,0.9969173337331279
coherent-longitudinal-detuning,-,9.267698328089889,10,0,0.0,0.7075105829340975,0.327630179561693,0.9969173337331279
coherent-longitudinal-detuning,+i,9.267698328089889,10,0,0.0,0.7075105829340975,0.327630179561693,0.9969173337331279
coherent-longitudinal-detuning,-i,9.267698328089889,10,0,0.0,0.7075105829340975,0.327630179561693,0.9969173337331279
coherent-longitudinal-detuning,cube_mmm,9.267698328089889,10,0,0.0,0.5776799719358732,0.2675089214208594,0.8139795944606839
coherent-longitudinal-detuning,cube_mmp,9.267698328089889,10,0,0.0,0.5776799719358732,0.2675089214208594,0.8139795944606839
coherent-longitudinal-detuning,cube_mpm,9.267698328089889,10,0,0.0,0.5776799719358732,0.2675089214208594,0.813979594460684
coherent-longitudinal-detuning,cube_mpp,9.267698328089889,10,0,0.0,0.5776799719358732,0.2675089214208594,0.813979594460684
coherent-longitudinal-detuning,cube_pmm,9.267698328089889,10,0,0.0,0.5776799719358732,0.2675089214208594,0.813979594460684
coherent-longitudinal-detuning,cube_pmp,9.267698328089889,10,0,0.0,0.5776799719358732,0.2675089214208594,0.813979594460684
coherent-longitudinal-detuning,cube_ppm,9.267698328089889,10,0,0.0,0.5776799719358732,0.2675089214208594,0.8139795944606839
coherent-longitudinal-detuning,cube_ppp,9.267698328089889,10,0,0.0,0.5776799719358732,0.2675089214208594,0.8139795944606839
coherent-longitudinal-detuning,0,9.42477796076938,10,10,1.0,0.0,0.0,0.0
coherent-longitudinal-detuning,1,9.42477796076938,10,10,1.0,0.0,0.0,0.0
coherent-longitudinal-detuning,+,9.42477796076938,10,0,0.0,0.7041009238188771,0.3826834323650896,0.9999999999999998
coherent-longitudinal-detuning,-,9.42477796076938,10,0,0.0,0.7041009238188771,0.3826834323650896,0.9999999999999998
coherent-longitudinal-detuning,+i,9.42477796076938,10,0,0.0,0.7041009238188771,0.3826834323650896,0.9999999999999998
coherent-longitudinal-detuning,-i,9.42477796076938,10,0,0.0,0.7041009238188771,0.3826834323650896,0.9999999999999998
coherent-longitudinal-detuning,cube_mmm,9.42477796076938,10,0,0.0,0.5748959969261668,0.3124597141037824,0.8164965809277261
coherent-longitudinal-detuning,cube_mmp,9.42477796076938,10,0,0.0,0.5748959969261668,0.3124597141037824,0.8164965809277261
coherent-longitudinal-detuning,cube_mpm,9.42477796076938,10,0,0.0,0.5748959969261668,0.3124597141037824,0.8164965809277261
coherent-longitudinal-detuning,cube_mpp,9.42477796076938,10,0,0.0,0.5748959969261668,0.3124597141037824,0.8164965809277261
coherent-longitudinal-detuning,cube_pmm,9.42477796076938,10,0,0.0,0.5748959969261668,0.3124597141037824,0.8164965809277261
coherent-longitudinal-detuning,cube_pmp,9.42477796076938,10,0,0.0,0.5748959969261668,0.3124597141037824,0.8164965809277261
coherent-longitudinal-detuning,cube_ppm,9.42477796076938,10,0,0.0,0.5748959969261668,0.3124597141037824,0.8164965809277261
coherent-longitudinal-detuning,cube_ppp,9.42477796076938,10,0,0.0,0.5748959969261668,0.3124597141037824,0.8164965809277261
coherent-longitudinal-detuning,0,9.58185759344887,10,10,1.0,0.0,0.0,0.0
coherent-longitudinal-detuning,1,9.58185759344887,10,10,1.0,0.0,0.0,0.0
coherent-longitudinal-detuning,+,9.58185759344887,10,0,0.0,0.6990067533209509,0.290284677254462,0.9969173337331277
coherent-longitudinal-detuning,-,9.58185759344887,10,0,0.0,0.6990067533209509,0.290284677254462,0.9969173337331277
coherent-longitudinal-detuning,+i,9.58185759344887,10,0,0.0,0.6990067533209509,0.29028467725446194,0.9969173337331277
coherent-longitudinal-detuning,-i,9.58185759344887,10,0,0.0,0.6990067533209509,0.29028467725446194,0.9969173337331277
coherent-longitudinal-detuning,cube_mmm,9.58185759344887,10,0,0.0,0.570736624131947,0.2370164464739767,0.8139795944606838
coherent-longitudinal-detuning,cube_mmp,9.58185759344887,10,0,0.0,0.570736624131947,0.2370164464739767,0.8139795944606838
coherent-longitudinal-detuning,cube_mpm,9.58185759344887,10,0,0.0,0.570736624131947,0.2370164464739767,0.8139795944606838
coherent-longitudinal-detuning,cube_mpp,9.58185759344887,10,0,0.0,0.570736624131947,0.2370164464739767,0.8139795944606838
coherent-longitudinal-detuning,cube_pmm,9.58185759344887,10,0,0.0,0.570736624131947,0.2370164464739767,0.8139795944606838
coherent-longitudinal-detuning,cube_pmp,9.58185759344887,10,0,0.0,0.570736624131947,0.2370164464739767,0.8139795944606838
coherent-longitudinal-detuning,cube_ppm,9.58185759344887,10,0,0.0,0.570736624131947,0.2370164464739767,0.8139795944606838
coherent-longitudinal-detuning,cube_ppp,9.58185759344887,10,0,0.0,0.570736624131947,0.2370164464739767,0.8139795944606838
coherent-longitudinal-detuning,0,9.738937226128359,10,10,1.0,6.661338147750939e-17,0.0,1.6653345369377348e-16
coherent-longitudinal-detuning,1,9.738937226128359,10,10,1.0,6.661338147750939e-17,0.0,1.6653345369377348e-16
coherent-longitudinal-detuning,+,9.738937226128359,10,0,0.0,0.6922939298363178,0.19509032201612794,0.9876883405951374
coherent-longitudinal-detuning,-,9.738937226128359,10,0,0.0,0.6922939298363178,0.19509032201612794,0.9876883405951374
coherent-longitudinal-detuning,+i,9.738937226128359,10,0,0.0,0.6922939298363178,0.19509032201612803,0.9876883405951374
coherent-longitudinal-detuning,-i,9.738937226128359,10,0,0.0,0.6922939298363178,0.19509032201612803,0.9876883405951374
coherent-longitudinal-detuning,cube_mmm,9.738937226128359,10,0,0.0,0.5652556267083726,0.1592905808982576,0.8064441531181094
coherent-longitudinal-detuning,cube_mmp,9.738937226128359,10,0,0.0,0.5652556267083726,0.1592905808982576,0.8064441531181094
coherent-longitudinal-detuning,cube_mpm,9.738937226128359,10,0,0.0,0.5652556267083726,0.1592905808982576,0.8064441531181094
coherent-longitudinal-detuning,cube_mpp,9.738937226128359,10,0,0.0,0.5652556267083726,0.1592905808982576,0.8064441531181094
coherent-longitudinal-detuning,cube_pmm,9.738937226128359,10,0,0.0,0.5652556267083726,0.1592905808982576,0.8064441531181094
coherent-longitudinal-detuning,cube_pmp,9.738937226128359,10,0,0.0,0.5652556267083726,0.1592905808982576,0.8064441531181094
coherent-longitudinal-detuning,cube_ppm,9.738937226128359,10,0,0.0,0.5652556267083726,0.1592905808982576,0.8064441531181094
coherent-longitudinal-detuning,cube_ppp,9.738937226128359,10,0,0.0,0.5652556267083726,0.1592905808982576,0.8064441531181094
coherent-longitudinal-detuning,0,9.896016858807847,10,10,1.0,3.3306690738754695e-17,0.0,5.551115123125783e-17
coherent-longitudinal-detuning,1,9.896016858807847,10,10,1.0,3.3306690738754695e-17,0.0,5.551115123125783e-17
coherent-longitudinal-detuning,+,9.896016858807847,10,0,0.0,0.6840363693879372,0.09801714032956135,0.9723699203976766
coherent-longitudinal-detuning,-,9.896016858807847,10,0,0.0,0.6840363693879372,0.09801714032956135,0.9723699203976766
coherent-longitudinal-detuning,+i,9.896016858807847,10,0,0.0,0.6840363693879372,0.09801714032956135,0.9723699203976766
coherent-longitudinal-detuning,-i,9.896016858807847,10,0,0.0,0.6840363693879372,0.09801714032956135,0.9723699203976766
coherent-longitudinal-detuning,cube_mmm,9.896016858807847,10,0,0.0,0.558513356835466,0.08003065995140002,0.7939367154016683
coherent-longitudinal-detuning,cube_mmp,9.896016858807847,10,0,0.0,0.558513356835466,0.08003065995140002,0.7939367154016683
coherent-longitudinal-detuning,cube_mpm,9.896016858807847,10,0,0.0,0.558513356835466,0.08003065995140002,0.7939367154016683
coherent-longitudinal-detuning,cube_mpp,9.896016858807847,10,0,0.0,0.558513356835466,0.08003065995140002,0.7939367154016683
coherent-longitudinal-detuning,cube_pmm,9.896016858807847,10,0,0.0,0.558513356835466,0.08003065995140002,0.7939367154016683
coherent-longitudinal-detuning,cube_pmp,9.896016858807847,10,0,0.0,0.558513356835466,0.08003065995140002,0.7939367154016683
coherent-longitudinal-detuning,cube_ppm,9.896016858807847,10,0,0.0,0.558513356835466,0.08003065995140002,0.7939367154016683
coherent-longitudinal-detuning,cube_ppp,9.896016858807847,10,0,0.0,0.558513356835466,0.08003065995140002,0.7939367154016683
coherent-longitudinal-detuning,0,10.053096491487338,10,10,1.0,2.2204460492503132e-17,0.0,5.551115123125783e-17
coherent-longitudinal-detuning,1,10.053096491487338,10,10,1.0,2.2204460492503132e-17,0.0,5.551115123125783e-17
coherent-longitudinal-detuning,+,10.053096491487338,10,1,0.1,0.6743152326642978,2.9893669801409083e-16,0.9510565162951534
coherent-longitudinal-detuning,-,10.053096491487338,10,1,0.1,0.6743152326642978,2.9893669801409083e-16,0.9510565162951534
coherent-longitudinal-detuning,+i,10.053096491487338,10,1,0.1,0.6743152326642979,2.830524433501838e-16,0.9510565162951534
coherent-longitudinal-detuning,-i,10.053096491487338,10,1,0.1,0.6743152326642979,2.830524433501838e-16,0.9510565162951534
coherent-longitudinal-detuning,cube_mmm,10.053096491487338,10,1,0.1,0.5505760819378834,2.423651445728339e-16,0.7765343938240273
coherent-longitudinal-detuning,cube_mmp,10.053096491487338,10,1,0.1,0.5505760819378834,2.423651445728339e-16,0.7765343938240273
coherent-longitudinal-detuning,cube_mpm,10.053096491487338,10,1,0.1,0.5505760819378834,2.423651445728339e-16,0.7765343938240273
coherent-longitudinal-detuning,cube_mpp,10.053096491487338,10,1,0.1,0.5505760819378834,2.423651445728339e-16,0.7765343938240273
coherent-longitudinal-detuning,cube_pmm,10.053096491487338,10,1,0.1,0.5505760819378834,2.423651445728339e-16,0.7765343938240273
coherent-longitudinal-detuning,cube_pmp,10.053096491487338,10,1,0.1,0.5505760819378834,2.423651445728339e-16,0.7765343938240273
coherent-longitudinal-detuning,cube_ppm,10.053096491487338,10,1,0.1,0.5505760819378834,2.423651445728339e-16,0.7765343938240273
coherent-longitudinal-detuning,cube_ppp,10.053096491487338,10,1,0.1,0.5505760819378834,2.423651445728339e-16,0.7765343938240273
coherent-longitudinal-detuning,0,10.210176124166829,10,10,1.0,8.881784197001253e-17,0.0,1.6653345369377348e-16
coherent-longitudinal-detuning,1,10.210176124166829,10,10,1.0,8.881784197001253e-17,0.0,1.6653345369377348e-16
coherent-longitudinal-detuning,+,10.210176124166829,10,0,0.0,0.6828214947423572,0.0980171403295609,0.9569403357322088
coherent-longitudinal-detuning,-,10.210176124166829,10,0,0.0,0.6828214947423572,0.0980171403295609,0.9569403357322088
coherent-longitudinal-detuning,+i,10.210176124166829,10,0,0.0,0.6828214947423572,0.0980171403295609,0.9569403357322088
coherent-longitudinal-detuning,-i,10.210176124166829,10,0,0.0,0.6828214947423572,0.0980171403295609,0.9569403357322088
coherent-longitudinal-detuning,cube_mmm,10.210176124166829,10,0,0.0,0.557521415841094,0.08003065995139963,0.781338512277179
coherent-longitudinal-detuning,cube_mmp,10.210176124166829,10,0,0.0,0.557521415841094,0.08003065995139963,0.781338512277179
coherent-longitudinal-detuning,cube_mpm,10.210176124166829,10,0,0.0,0.557521415841094,0.08003065995139962,0.781338512277179
coherent-longitudinal-detuning,cube_mpp,10.210176124166829,10,0,0.0,0.557521415841094,0.08003065995139962,0.781338512277179
coherent-longitudinal-detuning,cube_pmm,10.210176124166829,10,0,0.0,0.557521415841094,0.08003065995139962,0.781338512277179
coherent-longitudinal-detuning,cube_pmp,10.210176124166829,10,0,0.0,0.557521415841094,0.08003065995139962,0.781338512277179
coherent-longitudinal-detuning,cube_ppm,10.210176124166829,10,0,0.0,0.557521415841094,0.08003065995139963,0.781338512277179
coherent-longitudinal-detuning,cube_ppp,10.210176124166829,10,0,0.0,0.557521415841094,0.08003065995139963,0.781338512277179
coherent-longitudinal-detuning,0,10.367255756846317,10,10,1.0,4.4408920985006264e-17,0.0,1.1102230246251565e-16
coherent-longitudinal-detuning,1,10.367255756846317,10,10,1.0,4.4408920985006264e-17,0.0,1.1102230246251565e-16
coherent-longitudinal-detuning,+,10.367255756846317,10,0,0.0,0.6898559740779167,0.1950903220161276,0.9624552364536472
coherent-longitudinal-detuning,-,10.367255756846317,10,0,0.0,0.6898559740779167,0.1950903220161276,0.9624552364536472
coherent-longitudinal-detuning,+i,10.367255756846317,10,0,0.0,0.6898559740779167,0.19509032201612758,0.9624552364536472
coherent-longitudinal-detuning,-i,10.367255756846317,10,0,0.0,0.6898559740779167,0.19509032201612758,0.9624552364536472
coherent-longitudinal-detuning,cube_mmm,10.367255756846317,10,0,0.0,0.5632650441671851,0.1592905808982573,0.7858414098603894
coherent-longitudinal-detuning,cube_mmp,10.367255756846317,10,0,0.0,0.5632650441671851,0.1592905808982573,0.7858414098603894
coherent-longitudinal-detuning,cube_mpm,10.367255756846317,10,0,0.0,0.5632650441671853,0.15929058089825732,0.7858414098603894
coherent-longitudinal-detuning,cube_mpp,10.367255756846317,10,0,0.0,0.5632650441671853,0.15929058089825732,0.7858414098603894
coherent-longitudinal-detuning,cube_pmm,10.367255756846317,10,0,0.0,0.5632650441671853,0.15929058089825732,0.7858414098603894
coherent-longitudinal-detuning,cube_pmp,10.367255756846317,10,0,0.0,0.5632650441671853,0.15929058089825732,0.7858414098603894
coherent-longitudinal-detuning,cube_ppm,10.367255756846317,10,0,0.0,0.5632650441671851,0.1592905808982573,0.7858414098603894
coherent-longitudinal-detuning,cube_ppp,10.367255756846317,10,0,0.0,0.5632650441671851,0.1592905808982573,0.7858414098603894
coherent-longitudinal-detuning,0,10.524335389525806,10,10,1.0,0.0,0.0,0.0
coherent-longitudinal-detuning,1,10.524335389525806,10,10,1.0,0.0,0.0,0.0
coherent-longitudinal-detuning,+,10.524335389525806,10,0,0.0,0.6953293036586035,0.29028467725446155,0.9675990923602595
coherent-longitudinal-detuning,-,10.524335389525806,10,0,0.0,0.6953293036586035,0.29028467725446155,0.9675990923602595
coherent-longitudinal-detuning,+i,10.524335389525806,10,0,0.0,0.6953293036586035,0.29028467725446155,0.9675990923602595
coherent-longitudinal-detuning,-i,10.524335389525806,10,0,0.0,0.6953293036586035,0.29028467725446155,0.9675990923602595
coherent-longitudinal-detuning,cube_mmm,10.524335389525806,10,0,0.0,0.5677339990561064,0.23701644647397638,0.7900413506209232
coherent-longitudinal-detuning,cube_mmp,10.524335389525806,10,0,0.0,0.5677339990561064,0.23701644647397638,0.7900413506209232
coherent-longitudinal-detuning,cube_mpm,10.524335389525806,10,0,0.0,0.5677339990561064,0.23701644647397635,0.7900413506209232
coherent-longitudinal-detuning,cube_mpp,10.524335389525806,10,0,0.0,0.5677339990561064,0.23701644647397635,0.7900413506209232
coherent-longitudinal-detuning,cube_pmm,10.524335389525806,10,0,0.0,0.5677339990561064,0.23701644647397635,0.7900413506209232
coherent-longitudinal-detuning,cube_pmp,10.524335389525806,10,0,0.0,0.5677339990561064,0.23701644647397635,0.7900413506209232
coherent-longitudinal-detuning,cube_ppm,10.524335389525806,10,0,0.0,0.5677339990561064,0.23701644647397638,0.7900413506209232
coherent-longitudinal-detuning,cube_ppp,10.524335389525806,10,0,0.0,0.5677339990561064,0.23701644647397638,0.7900413506209232
coherent-longitudinal-detuning,0,10.681415022205297,10,10,1.0,3.3306690738754695e-17,0.0,5.551115123125783e-17
coherent-longitudinal-detuning,1,10.681415022205297,10,10,1.0,3.3306690738754695e-17,0.0,5.551115123125783e-17
coherent-longitudinal-detuning,+,10.681415022205297,10,0,0.0,0.6991593618351769,0.3826834323650886,0.9723699203976764
coherent-longitudinal-detuning,-,10.681415022205297,10,0,0.0,0.6991593618351769,0.3826834323650886,0.9723699203976764
coherent-longitudinal-detuning,+i,10.681415022205297,10,0,0.0,0.6991593618351769,0.38268343236508867,0.9723699203976764
coherent-longitudinal-detuning,-i,10.681415022205297,10,0,0.0,0.6991593618351769,0.38268343236508867,0.9723699203976764
coherent-longitudinal-detuning,cube_mmm,10.681415022205297,10,0,0.0,0.5708612284620329,0.31245971410378165,0.7939367154016682
coherent-longitudinal-detuning,cube_mmp,10.681415022205297,10,0,0.0,0.5708612284620329,0.31245971410378165,0.7939367154016682
coherent-longitudinal-detuning,cube_mpm,10.681415022205297,10,0,0.0,0.5708612284620329,0.31245971410378165,0.7939367154016682
coherent-longitudinal-detuning,cube_mpp,10.681415022205297,10,0,0.0,0.5708612284620329,0.31245971410378165,0.7939367154016682
coherent-longitudinal-detuning,cube_pmm,10.681415022205297,10,0,0.0,0.5708612284620329,0.31245971410378165,0.7939367154016682
coherent-longitudinal-detuning,cube_pmp,10.681415022205297,10,0,0.0,0.5708612284620329,0.31245971410378165,0.7939367154016682
coherent-longitudinal-detuning,cube_ppm,10.681415022205297,10,0,0.0,0.5708612284620329,0.31245971410378165,0.7939367154016682
coherent-longitudinal-detuning,cube_ppp,10.681415022205297,10,0,0.0,0.5708612284620329,0.31245971410378165,0.7939367154016682
coherent-longitudinal-detuning,0,10.838494654884787,10,10,1.0,6.661338147750939e-17,0.0,1.1102230246251565e-16
coherent-longitudinal-detuning,1,10.838494654884787,10,10,1.0,6.661338147750939e-17,0.0,1.1102230246251565e-16
coherent-longitudinal-detuning,+,10.838494654884787,10,0,0.0,0.7012720866546343,0.41865973753742713,0.9767658813208724
coherent-longitudinal-detuning,-,10.838494654884787,10,0,0.0,0.7012720866546343,0.41865973753742713,0.9767658813208724
coherent-longitudinal-detuning,+i,10.838494654884787,10,0,0.0,0.7012720866546343,0.41865973753742713,0.9767658813208724
coherent-longitudinal-detuning,-i,10.838494654884787,10,0,0.0,0.7012720866546343,0.41865973753742713,0.9767658813208724
coherent-longitudinal-detuning,cube_mmm,10.838494654884787,10,0,0.0,0.5725862610535611,0.3418342442714085,0.7975260024653495
coherent-longitudinal-detuning,cube_mmp,10.838494654884787,10,0,0.0,0.5725862610535611,0.3418342442714085,0.7975260024653495
coherent-longitudinal-detuning,cube_mpm,10.838494654884787,10,0,0.0,0.5725862610535611,0.3418342442714085,0.7975260024653495
coherent-longitudinal-detuning,cube_mpp,10.838494654884787,10,0,0.0,0.5725862610535611,0.3418342442714085,0.7975260024653495
coherent-longitudinal-detuning,cube_pmm,10.838494654884787,10,0,0.0,0.5725862610535611,0.3418342442714085,0.7975260024653495
coherent-longitudinal-detuning,cube_pmp,10.838494654884787,10,0,0.0,0.5725862610535611,0.3418342442714085,0.7975260024653495
coherent-longitudinal-detuning,cube_ppm,10.838494654884787,10,0,0.0,0.5725862610535611,0.3418342442714085,0.7975260024653495
coherent-longitudinal-detuning,cube_ppp,10.838494654884787,10,0,0.0,0.5725862610535611,0.3418342442714085,0.7975260024653495
coherent-longitudinal-detuning,0,10.995574287564276,10,10,1.0,0.0,0.0,0.0
coherent-longitudinal-detuning,1,10.995574287564276,10,10,1.0,0.0,0.0,0.0
coherent-longitudinal-detuning,+,10.995574287564276,10,0,0.0,0.7016022377116199,0.3826834323650894,0.9807852804032303
coherent-longitudinal-detuning,-,10.995574287564276,10,0,0.0,0.7016022377116199,0.3826834323650894,0.9807852804032303
coherent-longitudinal-detuning,+i,10.995574287564276,10,0,0.0,0.7016022377116199,0.3826834323650894,0.9807852804032303
coherent-longitudinal-detuning,-i,10.995574287564276,10,0,0.0,0.7016022377116199,0.3826834323650894,0.9807852804032303
coherent-longitudinal-detuning,cube_mmm,10.995574287564276,10,0,0.0,0.5728558282627796,0.3124597141037822,0.8008078280734789
coherent-longitudinal-detuning,cube_mmp,10.995574287564276,10,0,0.0,0.5728558282627796,0.3124597141037822,0.8008078280734789
coherent-longitudinal-detuning,cube_mpm,10.995574287564276,10,0,0.0,0.5728558282627796,0.3124597141037823,0.8008078280734789
coherent-longitudinal-detuning,cube_mpp,10.995574287564276,10,0,0.0,0.5728558282627796,0.3124597141037823,0.8008078280734789
coherent-longitudinal-detuning,cube_pmm,10.995574287564276,10,0,0.0,0.5728558282627796,0.3124597141037823,0.8008078280734789
coherent-longitudinal-detuning,cube_pmp,10.995574287564276,10,0,0.0,0.5728558282627796,0.3124597141037823,0.8008078280734789
coherent-longitudinal-detuning,cube_ppm,10.995574287564276,10,0,0.0,0.5728558282627796,0.3124597141037822,0.8008078280734789
coherent-longitudinal-detuning,cube_ppp,10.995574287564276,10,0,0.0,0.5728558282627796,0.3124597141037822,0.8008078280734789
coherent-longitudinal-detuning,0,11.152653920243765,10,10,1.0,0.0,0.0,0.0
coherent-longitudinal-detuning,1,11.152653920243765,10,10,1.0,0.0,0.0,0.0
coherent-longitudinal-detuning,+,11.152653920243765,10,0,0.0,0.7000940979951567,0.34611705707749313,0.9844265680898915
coherent-longitudinal-detuning,-,11.152653920243765,10,0,0.0,0.7000940979951567,0.34611705707749313,0.9844265680898915
coherent-longitudinal-detuning,+i,11.152653920243765,10,0,0.0,0.7000940979951567,0.34611705707749313,0.9844265680898914
coherent-longitudinal-detuning,-i,11.152653920243765,10,0,0.0,0.7000940979951567,0.34611705707749313,0.9844265680898914
coherent-longitudinal-detuning,cube_mmm,11.152653920243765,10,0,0.0,0.5716244373407259,0.28260339370453985,0.803780927019812
coherent-longitudinal-detuning,cube_mmp,11.152653920243765,10,0,0.0,0.5716244373407259,0.28260339370453985,0.803780927019812
coherent-longitudinal-detuning,cube_mpm,11.152653920243765,10,0,0.0,0.5716244373407259,0.28260339370453985,0.803780927019812
coherent-longitudinal-detuning,cube_mpp,11.152653920243765,10,0,0.0,0.5716244373407259,0.28260339370453985,0.803780927019812
coherent-longitudinal-detuning,cube_pmm,11.152653920243765,10,0,0.0,0.5716244373407259,0.28260339370453985,0.803780927019812
coherent-longitudinal-detuning,cube_pmp,11.152653920243765,10,0,0.0,0.5716244373407259,0.28260339370453985,0.803780927019812
coherent-longitudinal-detuning,cube_ppm,11.152653920243765,10,0,0.0,0.5716244373407259,0.28260339370453985,0.803780927019812
coherent-longitudinal-detuning,cube_ppp,11.152653920243765,10,0,0.0,0.5716244373407259,0.28260339370453985,0.803780927019812
coherent-longitudinal-detuning,0,11.309733552923255,10,10,1.0,6.661338147750939e-17,0.0,1.1102230246251565e-16
coherent-longitudinal-detuning,1,11.309733552923255,10,10,1.0,6.661338147750939e-17,0.0,1.1102230246251565e-16
coherent-longitudinal-detuning,+,11.309733552923255,10,0,0.0,0.696702108676601,0.30901699437494745,0.9876883405951377
coherent-longitudinal-detuning,-,11.309733552923255,10,0,0.0,0.696702108676601,0.30901699437494745,0.9876883405951377
coherent-longitudinal-detuning,+i,11.309733552923255,10,0,0.0,0.696702108676601,0.30901699437494745,0.9876883405951377
coherent-longitudinal-detuning,-i,11.309733552923255,10,0,0.0,0.696702108676601,0.30901699437494745,0.9876883405951377
coherent-longitudinal-detuning,cube_mmm,11.309733552923255,10,0,0.0,0.5688548896595821,0.25231131935570705,0.8064441531181095
coherent-longitudinal-detuning,cube_mmp,11.309733552923255,10,0,0.0,0.5688548896595821,0.25231131935570705,0.8064441531181095
coherent-longitudinal-detuning,cube_mpm,11.309733552923255,10,0,0.0,0.5688548896595821,0.25231131935570705,0.8064441531181095
coherent-longitudinal-detuning,cube_mpp,11.309733552923255,10,0,0.0,0.5688548896595821,0.25231131935570705,0.8064441531181095
coherent-longitudinal-detuning,cube_pmm,11.309733552923255,10,0,0.0,0.5688548896595821,0.25231131935570705,0.8064441531181095
coherent-longitudinal-detuning,cube_pmp,11.309733552923255,10,0,0.0,0.5688548896595821,0.25231131935570705,0.8064441531181095
coherent-longitudinal-detuning,cube_ppm,11.309733552923255,10,0,0.0,0.5688548896595821,0.25231131935570705,0.8064441531181095
coherent-longitudinal-detuning,cube_ppp,11.309733552923255,10,0,0.0,0.5688548896595821,0.25231131935570705,0.8064441531181095
coherent-longitudinal-detuning,0,11.466813185602746,10,10,1.0,3.3306690738754695e-17,0.0,5.551115123125783e-17
coherent-longitudinal-detuning,1,11.466813185602746,10,10,1.0,3.3306690738754695e-17,0.0,5.551115123125783e-17
coherent-longitudinal-detuning,+,11.466813185602746,10,0,0.0,0.691391430323891,0.27144044986507404,0.9905693404435771
coherent-longitudinal-detuning,-,11.466813185602746,10,0,0.0,0.691391430323891,0.27144044986507404,0.9905693404435771
coherent-longitudinal-detuning,+i,11.466813185602746,10,0,0.0,0.691391430323891,0.27144044986507404,0.990569340443577
coherent-longitudinal-detuning,-i,11.466813185602746,10,0,0.0,0.691391430323891,0.27144044986507404,0.990569340443577
coherent-longitudinal-detuning,cube_mmm,11.466813185602746,10,0,0.0,0.5645187389421873,0.22163019924031685,0.8087964796440136
coherent-longitudinal-detuning,cube_mmp,11.466813185602746,10,0,0.0,0.5645187389421873,0.22163019924031685,0.8087964796440136
coherent-longitudinal-detuning,cube_mpm,11.466813185602746,10,0,0.0,0.5645187389421873,0.22163019924031685,0.8087964796440136
coherent-longitudinal-detuning,cube_mpp,11.466813185602746,10,0,0.0,0.5645187389421873,0.22163019924031685,0.8087964796440136
coherent-longitudinal-detuning,cube_pmm,11.466813185602746,10,0,0.0,0.5645187389421873,0.22163019924031685,0.8087964796440136
coherent-longitudinal-detuning,cube_pmp,11.466813185602746,10,0,0.0,0.5645187389421873,0.22163019924031685,0.8087964796440136
coherent-longitudinal-detuning,cube_ppm,11.466813185602746,10,0,0.0,0.5645187389421873,0.22163019924031685,0.8087964796440136
coherent-longitudinal-detuning,cube_ppp,11.466813185602746,10,0,0.0,0.5645187389421873,0.22163019924031685,0.8087964796440136
coherent-longitudinal-detuning,0,11.623892818282235,10,10,1.0,2.2204460492503132e-17,0.0,5.551115123125783e-17
coherent-longitudinal-detuning,1,11.623892818282235,10,10,1.0,2.2204460492503132e-17,0.0,5.551115123125783e-17
coherent-longitudinal-detuning,+,11.623892818282235,10,0,0.0,0.6841384246319555,0.2334453638559054,0.9930684569549261
coherent-longitudinal-detuning,-,11.623892818282235,10,0,0.0,0.6841384246319555,0.2334453638559054,0.9930684569549261
coherent-longitudinal-detuning,+i,11.623892818282235,10,0,0.0,0.6841384246319555,0.2334453638559054,0.9930684569549262
coherent-longitudinal-detuning,-i,11.623892818282235,10,0,0.0,0.6841384246319555,0.2334453638559054,0.9930684569549262
coherent-longitudinal-detuning,cube_mmm,11.623892818282235,10,0,0.0,0.5585966845932726,0.1906073414217758,0.8108369997308701
coherent-longitudinal-detuning,cube_mmp,11.623892818282235,10,0,0.0,0.5585966845932726,0.1906073414217758,0.8108369997308701
coherent-longitudinal-detuning,cube_mpm,11.623892818282235,10,0,0.0,0.5585966845932726,0.1906073414217758,0.8108369997308702
coherent-longitudinal-detuning,cube_mpp,11.623892818282235,10,0,0.0,0.5585966845932726,0.1906073414217758,0.8108369997308702
coherent-longitudinal-detuning,cube_pmm,11.623892818282235,10,0,0.0,0.5585966845932726,0.1906073414217758,0.8108369997308702
coherent-longitudinal-detuning,cube_pmp,11.623892818282235,10,0,0.0,0.5585966845932726,0.1906073414217758,0.8108369997308702
coherent-longitudinal-detuning,cube_ppm,11.623892818282235,10,0,0.0,0.5585966845932726,0.1906073414217758,0.8108369997308701
coherent-longitudinal-detuning,cube_ppp,11.623892818282235,10,0,0.0,0.5585966845932726,0.1906073414217758,0.8108369997308701
coherent-longitudinal-detuning,0,11.780972450961723,10,10,1.0,6.661338147750939e-17,0.0,1.6653345369377348e-16
coherent-longitudinal-detuning,1,11.780972450961723,10,10,1.0,6.661338147750939e-17,0.0,1.6653345369377348e-16
coherent-longitudinal-detuning,+,11.780972450961723,10,0,0.0,0.674931051424284,0.19509032201612853,0.9951847266721967
coherent-longitudinal-detuning,-,11.780972450961723,10,0,0.0,0.674931051424284,0.19509032201612853,0.9951847266721967
coherent-longitudinal-detuning,+i,11.780972450961723,10,0,0.0,0.6749310514242841,0.1950903220161286,0.9951847266721967
coherent-longitudinal-detuning,-i,11.780972450961723,10,0,0.0,0.6749310514242841,0.1950903220161286,0.9951847266721967
coherent-longitudinal-detuning,cube_mmm,11.780972450961723,10,0,0.0,0.5510788958498833,0.15929058089825812,0.8125649267193424
coherent-longitudinal-detuning,cube_mmp,11.780972450961723,10,0,0.0,0.5510788958498833,0.15929058089825812,0.8125649267193424
coherent-longitudinal-detuning,cube_mpm,11.780972450961723,10,0,0.0,0.5510788958498832,0.15929058089825812,0.8125649267193424
coherent-longitudinal-detuning,cube_mpp,11.780972450961723,10,0,0.0,0.5510788958498832,0.15929058089825812,0.8125649267193424
coherent-longitudinal-detuning,cube_pmm,11.780972450961723,10,0,0.0,0.5510788958498832,0.15929058089825812,0.8125649267193424
coherent-longitudinal-detuning,cube_pmp,11.780972450961723,10,0,0.0,0.5510788958498832,0.15929058089825812,0.8125649267193424
coherent-longitudinal-detuning,cube_ppm,11.780972450961723,10,0,0.0,0.5510788958498833,0.15929058089825812,0.8125649267193424
coherent-longitudinal-detuning,cube_ppp,11.780972450961723,10,0,0.0,0.5510788958498833,0.15929058089825812,0.8125649267193424
coherent-longitudinal-detuning,0,11.938052083641214,10,10,1.0,2.2204460492503132e-17,0.0,5.551115123125783e-17
coherent-longitudinal-detuning,1,11.938052083641214,10,10,1.0,2.2204460492503132e-17,0.0,5.551115123125783e-17
coherent-longitudinal-detuning,+,11.938052083641214,10,0,0.0,0.6637691764001661,0.15643446504023006,0.9969173337331279
coherent-longitudinal-detuning,-,11.938052083641214,10,0,0.0,0.6637691764001661,0.15643446504023006,0.9969173337331279
coherent-longitudinal-detuning,+i,11.938052083641214,10,0,0.0,0.6637691764001661,0.1564344650402301,0.9969173337331277
coherent-longitudinal-detuning,-i,11.938052083641214,10,0,0.0,0.6637691764001661,0.1564344650402301,0.9969173337331277
coherent-longitudinal-detuning,cube_mmm,11.938052083641214,10,0,0.0,0.5419652630559485,0.1277282058446058,0.8139795944606838
coherent-longitudinal-detuning,cube_mmp,11.938052083641214,10,0,0.0,0.5419652630559485,0.1277282058446058,0.8139795944606838
coherent-longitudinal-detuning,cube_mpm,11.938052083641214,10,0,0.0,0.5419652630559485,0.1277282058446058,0.8139795944606838
coherent-longitudinal-detuning,cube_mpp,11.938052083641214,10,0,0.0,0.5419652630559485,0.1277282058446058,0.8139795944606838
coherent-longitudinal-detuning,cube_pmm,11.938052083641214,10,0,0.0,0.5419652630559485,0.1277282058446058,0.8139795944606838
coherent-longitudinal-detuning,cube_pmp,11.938052083641214,10,0,0.0,0.5419652630559485,0.1277282058446058,0.8139795944606838
coherent-longitudinal-detuning,cube_ppm,11.938052083641214,10,0,0.0,0.5419652630559485,0.1277282058446058,0.8139795944606838
coherent-longitudinal-detuning,cube_ppp,11.938052083641214,10,0,0.0,0.5419652630559485,0.1277282058446058,0.8139795944606838
coherent-longitudinal-detuning,0,12.095131716320704,10,10,1.0,0.0,0.0,0.0
coherent-longitudinal-detuning,1,12.095131716320704,10,10,1.0,0.0,0.0,0.0
coherent-longitudinal-detuning,+,12.095131716320704,10,0,0.0,0.6506647858695559,0.11753739745783749,0.9982656101847157
coherent-longitudinal-detuning,-,12.095131716320704,10,0,0.0,0.6506647858695559,0.11753739745783749,0.9982656101847157
coherent-longitudinal-detuning,+i,12.095131716320704,10,0,0.0,0.6506647858695559,0.11753739745783748,0.9982656101847157
coherent-longitudinal-detuning,-i,12.095131716320704,10,0,0.0,0.6506647858695559,0.11753739745783748,0.9982656101847157
coherent-longitudinal-detuning,cube_mmm,12.095131716320704,10,0,0.0,0.5312655729925635,0.0959688831554675,0.8150804575735509
coherent-longitudinal-detuning,cube_mmp,12.095131716320704,10,0,0.0,0.5312655729925635,0.0959688831554675,0.8150804575735509
coherent-longitudinal-detuning,cube_mpm,12.095131716320704,10,0,0.0,0.5312655729925635,0.09596888315546755,0.815080457573551
coherent-longitudinal-detuning,cube_mpp,12.095131716320704,10,0,0.0,0.5312655729925635,0.09596888315546755,0.815080457573551
coherent-longitudinal-detuning,cube_pmm,12.095131716320704,10,0,0.0,0.5312655729925635,0.09596888315546755,0.815080457573551
coherent-longitudinal-detuning,cube_pmp,12.095131716320704,10,0,0.0,0.5312655729925635,0.09596888315546755,0.815080457573551
coherent-longitudinal-detuning,cube_ppm,12.095131716320704,10,0,0.0,0.5312655729925635,0.0959688831554675,0.8150804575735509
coherent-longitudinal-detuning,cube_ppp,12.095131716320704,10,0,0.0,0.5312655729925635,0.0959688831554675,0.8150804575735509
coherent-longitudinal-detuning,0,12.252211349000193,10,10,1.0,2.2204460492503132e-17,0.0,5.551115123125783e-17
coherent-longitudinal-detuning,1,12.252211349000193,10,10,1.0,2.2204460492503132e-17,0.0,5.551115123125783e-17
coherent-longitudinal-detuning,+,12.252211349000193,10,0,0.0,0.6356421055259016,0.0784590957278446,0.9992290362407227
coherent-longitudinal-detuning,-,12.252211349000193,10,0,0.0,0.6356421055259016,0.0784590957278446,0.9992290362407227
coherent-longitudinal-detuning,+i,12.252211349000193,10,0,0.0,0.6356421055259016,0.07845909572784458,0.9992290362407228
coherent-longitudinal-detuning,-i,12.252211349000193,10,0,0.0,0.6356421055259016,0.07845909572784458,0.9992290362407228
coherent-longitudinal-detuning,cube_mmm,12.252211349000193,10,0,0.0,0.5189996058555998,0.06406158340446629,0.8158670916542573
coherent-longitudinal-detuning,cube_mmp,12.252211349000193,10,0,0.0,0.5189996058555998,0.06406158340446629,0.8158670916542573
coherent-longitudinal-detuning,cube_mpm,12.252211349000193,10,0,0.0,0.5189996058555997,0.06406158340446629,0.8158670916542573
coherent-longitudinal-detuning,cube_mpp,12.252211349000193,10,0,0.0,0.5189996058555997,0.06406158340446629,0.8158670916542573
coherent-longitudinal-detuning,cube_pmm,12.252211349000193,10,0,0.0,0.5189996058555997,0.06406158340446629,0.8158670916542573
coherent-longitudinal-detuning,cube_pmp,12.252211349000193,10,0,0.0,0.5189996058555997,0.06406158340446629,0.8158670916542573
coherent-longitudinal-detuning,cube_ppm,12.252211349000193,10,0,0.0,0.5189996058555998,0.06406158340446629,0.8158670916542573
coherent-longitudinal-detuning,cube_ppp,12.252211349000193,10,0,0.0,0.5189996058555998,0.06406158340446629,0.8158670916542573
coherent-longitudinal-detuning,0,12.409290981679682,10,10,1.0,3.3306690738754695e-17,0.0,5.551115123125783e-17
coherent-longitudinal-detuning,1,12.409290981679682,10,10,1.0,3.3306690738754695e-17,0.0,5.551115123125783e-17
coherent-longitudinal-detuning,+,12.409290981679682,10,0,0.0,0.6187376211492873,0.03925981575906894,0.9998072404820647
coherent-longitudinal-detuning,-,12.409290981679682,10,0,0.0,0.6187376211492873,0.03925981575906894,0.9998072404820647
coherent-longitudinal-detuning,+i,12.409290981679682,10,0,0.0,0.6187376211492873,0.03925981575906892,0.9998072404820647
coherent-longitudinal-detuning,-i,12.409290981679682,10,0,0.0,0.6187376211492873,0.03925981575906892,0.9998072404820647
coherent-longitudinal-detuning,cube_mmm,12.409290981679682,10,0,0.0,0.505197152159748,0.032055505335132184,0.8163391934403909
coherent-longitudinal-detuning,cube_mmp,12.409290981679682,10,0,0.0,0.505197152159748,0.032055505335132184,0.8163391934403909
coherent-longitudinal-detuning,cube_mpm,12.409290981679682,10,0,0.0,0.505197152159748,0.03205550533513222,0.8163391934403909
coherent-longitudinal-detuning,cube_mpp,12.409290981679682,10,0,0.0,0.505197152159748,0.03205550533513222,0.8163391934403909
coherent-longitudinal-detuning,cube_pmm,12.409290981679682,10,0,0.0,0.505197152159748,0.03205550533513222,0.8163391934403909
coherent-longitudinal-detuning,cube_pmp,12.409290981679682,10,0,0.0,0.505197152159748,0.03205550533513222,0.8163391934403909
coherent-longitudinal-detuning,cube_ppm,12.409290981679682,10,0,0.0,0.505197152159748,0.032055505335132184,0.8163391934403909
coherent-longitudinal-detuning,cube_ppp,12.409290981679682,10,0,0.0,0.505197152159748,0.032055505335132184,0.8163391934403909
coherent-longitudinal-detuning,0,12.566370614359172,10,10,1.0,0.0,0.0,0.0
coherent-longitudinal-detuning,1,12.566370614359172,10,10,1.0,0.0,0.0,0.0
coherent-longitudinal-detuning,+,12.566370614359172,10,4,0.4,0.6,1.2246467991473525e-16,0.9999999999999998
coherent-longitudinal-detuning,-,12.566370614359172,10,4,0.4,0.6,1.2246467991473525e-16,0.9999999999999998
coherent-longitudinal-detuning,+i,12.566370614359172,10,4,0.4,0.6,1.2246467991473525e-16,0.9999999999999998
coherent-longitudinal-detuning,-i,12.566370614359172,10,4,0.4,0.6,1.2246467991473525e-16,0.9999999999999998
coherent-longitudinal-detuning,cube_mmm,12.566370614359172,10,4,0.4,0.48989794855663577,0.0,0.8164965809277261
coherent-longitudinal-detuning,cube_mmp,12.566370614359172,10,4,0.4,0.48989794855663577,0.0,0.8164965809277261
coherent-longitudinal-detuning,cube_mpm,12.566370614359172,10,4,0.4,0.48989794855663577,0.0,0.8164965809277261
coherent-longitudinal-detuning,cube_mpp,12.566370614359172,10,4,0.4,0.48989794855663577,0.0,0.8164965809277261
coherent-longitudinal-detuning,cube_pmm,12.566370614359172,10,4,0.4,0.48989794855663577,0.0,0.8164965809277261
coherent-longitudinal-detuning,cube_pmp,12.566370614359172,10,4,0.4,0.48989794855663577,0.0,0.8164965809277261
coherent-longitudinal-detuning,cube_ppm,12.566370614359172,10,4,0.4,0.48989794855663577,0.0,0.8164965809277261
coherent-longitudinal-detuning,cube_ppp,12.566370614359172,10,4,0.4,0.48989794855663577,0.0,0.8164965809277261
finite-two-level-exchange-relaxation,0,0.0,10,10,1.0,0.0,0.0,0.0
finite-two-level-exchange-relaxation,1,0.0,10,10,1.0,0.0,0.0,0.0
finite-two-level-exchange-relaxation,+,0.0,10,10,1.0,0.0,0.0,0.0
finite-two-level-exchange-relaxation,-,0.0,10,10,1.0,0.0,0.0,0.0
finite-two-level-exchange-relaxation,+i,0.0,10,10,1.0,0.0,0.0,0.0
finite-two-level-exchange-relaxation,-i,0.0,10,10,1.0,0.0,0.0,0.0
finite-two-level-exchange-relaxation,cube_mmm,0.0,10,10,1.0,0.0,0.0,0.0
finite-two-level-exchange-relaxation,cube_mmp,0.0,10,10,1.0,0.0,0.0,0.0
finite-two-level-exchange-relaxation,cube_mpm,0.0,10,10,1.0,0.0,0.0,0.0
finite-two-level-exchange-relaxation,cube_mpp,0.0,10,10,1.0,0.0,0.0,0.0
finite-two-level-exchange-relaxation,cube_pmm,0.0,10,10,1.0,0.0,0.0,0.0
finite-two-level-exchange-relaxation,cube_pmp,0.0,10,10,1.0,0.0,0.0,0.0
finite-two-level-exchange-relaxation,cube_ppm,0.0,10,10,1.0,0.0,0.0,0.0
finite-two-level-exchange-relaxation,cube_ppp,0.0,10,10,1.0,0.0,0.0,0.0
finite-two-level-exchange-relaxation,0,0.15707963267948966,10,10,1.0,0.0,0.0,0.0
finite-two-level-exchange-relaxation,1,0.15707963267948966,10,0,0.0,0.02484534433895045,0.004614496568995097,0.05295540477238009
finite-two-level-exchange-relaxation,+,0.15707963267948966,10,0,0.0,0.013926489872740339,0.002580578765940319,0.029688747862097513
finite-two-level-exchange-relaxation,-,0.15707963267948966,10,0,0.0,0.013926489872740339,0.002580578765940319,0.029688747862097513
finite-two-level-exchange-relaxation,+i,0.15707963267948966,10,0,0.0,0.013926489872740339,0.002580578765940319,0.029688747862097513
finite-two-level-exchange-relaxation,-i,0.15707963267948966,10,0,0.0,0.013926489872740339,0.002580578765940319,0.029688747862097513
finite-two-level-exchange-relaxation,cube_mmm,0.15707963267948966,10,0,0.0,0.02025775485372172,0.0037597137665607637,0.043180065788378005
finite-two-level-exchange-relaxation,cube_mmp,0.15707963267948966,10,0,0.0,0.007347322126829444,0.0013570535281454531,0.015667457234848806
finite-two-level-exchange-relaxation,cube_mpm,0.15707963267948966,10,0,0.0,0.02025775485372172,0.0037597137665607637,0.043180065788378005
finite-two-level-exchange-relaxation,cube_mpp,0.15707963267948966,10,0,0.0,0.007347322126829444,0.0013570535281454531,0.015667457234848806
finite-two-level-exchange-relaxation,cube_pmm,0.15707963267948966,10,0,0.0,0.02025775485372172,0.0037597137665607637,0.043180065788378005
finite-two-level-exchange-relaxation,cube_pmp,0.15707963267948966,10,0,0.0,0.007347322126829444,0.0013570535281454531,0.015667457234848806
finite-two-level-exchange-relaxation,cube_ppm,0.15707963267948966,10,0,0.0,0.02025775485372172,0.0037597137665607637,0.043180065788378005
finite-two-level-exchange-relaxation,cube_ppp,0.15707963267948966,10,0,0.0,0.007347322126829444,0.0013570535281454531,0.015667457234848806
finite-two-level-exchange-relaxation,0,0.3141592653589793,10,10,1.0,0.0,0.0,0.0
finite-two-level-exchange-relaxation,1,0.3141592653589793,10,0,0.0,0.09418456985255351,0.018315912149992064,0.19995154415133226
finite-two-level-exchange-relaxation,+,0.3141592653589793,10,0,0.0,0.053246418139539474,0.010254839738232102,0.11313456543750079
finite-two-level-exchange-relaxation,-,0.3141592653589793,10,0,0.0,0.053246418139539474,0.010254839738232102,0.11313456543750079
finite-two-level-exchange-relaxation,+i,0.3141592653589793,10,0,0.0,0.053246418139539474,0.010254839738232102,0.11313456543750079
finite-two-level-exchange-relaxation,-i,0.3141592653589793,10,0,0.0,0.053246418139539474,0.010254839738232102,0.11313456543750079
finite-two-level-exchange-relaxation,cube_mmm,0.3141592653589793,10,0,0.0,0.07700235178646997,0.014928581331803423,0.16351697402627718
finite-two-level-exchange-relaxation,cube_mmp,0.3141592653589793,10,0,0.0,0.028421207615008742,0.005401603723979021,0.06045642290471183
finite-two-level-exchange-relaxation,cube_mpm,0.3141592653589793,10,0,0.0,0.07700235178646997,0.014928581331803423,0.16351697402627718
finite-two-level-exchange-relaxation,cube_mpp,0.3141592653589793,10,0,0.0,0.028421207615008742,0.005401603723979021,0.06045642290471183
finite-two-level-exchange-relaxation,cube_pmm,0.3141592653589793,10,0,0.0,0.07700235178646997,0.014928581331803423,0.16351697402627718
finite-two-level-exchange-relaxation,cube_pmp,0.3141592653589793,10,0,0.0,0.028421207615008742,0.005401603723979021,0.06045642290471183
finite-two-level-exchange-relaxation,cube_ppm,0.3141592653589793,10,0,0.0,0.07700235178646997,0.014928581331803423,0.16351697402627718
finite-two-level-exchange-relaxation,cube_ppp,0.3141592653589793,10,0,0.0,0.028421207615008742,0.005401603723979021,0.06045642290471183
finite-two-level-exchange-relaxation,0,0.47123889803846897,10,10,1.0,0.0,0.0,0.0
finite-two-level-exchange-relaxation,1,0.47123889803846897,10,0,0.0,0.19350921826107864,0.040681698104654385,0.4079677276787229
finite-two-level-exchange-relaxation,+,0.47123889803846897,10,0,0.0,0.1111550943689387,0.022822302558517447,0.23482413723402
finite-two-level-exchange-relaxation,-,0.47123889803846897,10,0,0.0,0.1111550943689387,0.022822302558517447,0.23482413723402
finite-two-level-exchange-relaxation,+i,0.47123889803846897,10,0,0.0,0.1111550943689387,0.022822302558517447,0.23482413723402
finite-two-level-exchange-relaxation,-i,0.47123889803846897,10,0,0.0,0.1111550943689387,0.022822302558517447,0.23482413723402
finite-two-level-exchange-relaxation,cube_mmm,0.47123889803846897,10,0,0.0,0.15902315906066788,0.033178747200122934,0.3354811628532774
finite-two-level-exchange-relaxation,cube_mmp,0.47123889803846897,10,0,0.0,0.06055465818768382,0.012054635894671368,0.12827618205781163
finite-two-level-exchange-relaxation,cube_mpm,0.47123889803846897,10,0,0.0,0.15902315906066788,0.033178747200122934,0.3354811628532774
finite-two-level-exchange-relaxation,cube_mpp,0.47123889803846897,10,0,0.0,0.06055465818768382,0.012054635894671368,0.12827618205781163
finite-two-level-exchange-relaxation,cube_pmm,0.47123889803846897,10,0,0.0,0.15902315906066788,0.033178747200122934,0.3354811628532774
finite-two-level-exchange-relaxation,cube_pmp,0.47123889803846897,10,0,0.0,0.06055465818768382,0.012054635894671368,0.12827618205781163
finite-two-level-exchange-relaxation,cube_ppm,0.47123889803846897,10,0,0.0,0.15902315906066788,0.033178747200122934,0.3354811628532774
finite-two-level-exchange-relaxation,cube_ppp,0.47123889803846897,10,0,0.0,0.06055465818768382,0.012054635894671368,0.12827618205781163
finite-two-level-exchange-relaxation,0,0.6283185307179586,10,10,1.0,0.0,0.0,0.0
finite-two-level-exchange-relaxation,1,0.6283185307179586,10,0,0.0,0.30201470213402015,0.07101976096010304,0.6300367553350503
finite-two-level-exchange-relaxation,+,0.6283185307179586,10,0,0.0,0.17812205277609097,0.039955278119339514,0.3731182095218372
finite-two-level-exchange-relaxation,-,0.6283185307179586,10,0,0.0,0.17812205277609097,0.039955278119339514,0.3731182095218372
finite-two-level-exchange-relaxation,+i,0.6283185307179586,10,0,0.0,0.17812205277609097,0.039955278119339514,0.3731182095218372
finite-two-level-exchange-relaxation,-i,0.6283185307179586,10,0,0.0,0.17812205277609097,0.039955278119339514,0.3731182095218372
finite-two-level-exchange-relaxation,cube_mmm,0.6283185307179586,10,0,0.0,0.25038707199313714,0.05797360387086898,0.523027451207555
finite-two-level-exchange-relaxation,cube_mmp,0.6283185307179586,10,0,0.0,0.10003820527914939,0.021187159695406497,0.21066716405286567
finite-two-level-exchange-relaxation,cube_mpm,0.6283185307179586,10,0,0.0,0.25038707199313714,0.05797360387086898,0.523027451207555
finite-two-level-exchange-relaxation,cube_mpp,0.6283185307179586,10,0,0.0,0.10003820527914939,0.021187159695406497,0.21066716405286567
finite-two-level-exchange-relaxation,cube_pmm,0.6283185307179586,10,0,0.0,0.25038707199313714,0.05797360387086898,0.523027451207555
finite-two-level-exchange-relaxation,cube_pmp,0.6283185307179586,10,0,0.0,0.10003820527914939,0.021187159695406497,0.21066716405286567
finite-two-level-exchange-relaxation,cube_ppm,0.6283185307179586,10,0,0.0,0.25038707199313714,0.05797360387086898,0.523027451207555
finite-two-level-exchange-relaxation,cube_ppp,0.6283185307179586,10,0,0.0,0.10003820527914939,0.021187159695406497,0.21066716405286567
finite-two-level-exchange-relaxation,0,0.7853981633974483,10,10,1.0,0.0,0.0,0.0
finite-two-level-exchange-relaxation,1,0.7853981633974483,10,0,0.0,0.39690794085822156,0.10838637566236964,0.815493156848917
finite-two-level-exchange-relaxation,+,0.7853981633974483,10,0,0.0,0.24427667145283588,0.061208395201078784,0.5056567287928766
finite-two-level-exchange-relaxation,-,0.7853981633974483,10,0,0.0,0.24427667145283588,0.061208395201078784,0.5056567287928766
finite-two-level-exchange-relaxation,+i,0.7853981633974483,10,0,0.0,0.24427667145283588,0.061208395201078784,0.5056567287928766
finite-two-level-exchange-relaxation,-i,0.7853981633974483,10,0,0.0,0.24427667145283588,0.061208395201078784,0.5056567287928766
finite-two-level-exchange-relaxation,cube_mmm,0.7853981633974483,10,0,0.0,0.334040785379481,0.08858228585551532,0.6879496310039784
finite-two-level-exchange-relaxation,cube_mmp,0.7853981633974483,10,0,0.0,0.1430328036426212,0.03262418785413358,0.2988644698219879
finite-two-level-exchange-relaxation,cube_mpm,0.7853981633974483,10,0,0.0,0.334040785379481,0.08858228585551532,0.6879496310039784
finite-two-level-exchange-relaxation,cube_mpp,0.7853981633974483,10,0,0.0,0.1430328036426212,0.03262418785413358,0.2988644698219879
finite-two-level-exchange-relaxation,cube_pmm,0.7853981633974483,10,0,0.0,0.334040785379481,0.08858228585551532,0.6879496310039784
finite-two-level-exchange-relaxation,cube_pmp,0.7853981633974483,10,0,0.0,0.1430328036426212,0.03262418785413358,0.2988644698219879
finite-two-level-exchange-relaxation,cube_ppm,0.7853981633974483,10,0,0.0,0.334040785379481,0.08858228585551532,0.6879496310039784
finite-two-level-exchange-relaxation,cube_ppp,0.7853981633974483,10,0,0.0,0.1430328036426212,0.03262418785413358,0.2988644698219879
finite-two-level-exchange-relaxation,0,0.9424777960769379,10,10,1.0,0.0,0.0,0.0
finite-two-level-exchange-relaxation,1,0.9424777960769379,10,0,0.0,0.45809283276344637,0.15161063594794727,0.9210315202417607
finite-two-level-exchange-relaxation,+,0.9424777960769379,10,0,0.0,0.3021667400726911,0.08603166157766269,0.6152336402920866
finite-two-level-exchange-relaxation,-,0.9424777960769379,10,0,0.0,0.3021667400726911,0.08603166157766269,0.6152336402920866
finite-two-level-exchange-relaxation,+i,0.9424777960769379,10,0,0.0,0.3021667400726911,0.08603166157766269,0.6152336402920866
finite-two-level-exchange-relaxation,-i,0.9424777960769379,10,0,0.0,0.3021667400726911,0.08603166157766269,0.6152336402920866
finite-two-level-exchange-relaxation,cube_mmm,0.9424777960769379,10,0,0.0,0.3960482297336082,0.12409950272718463,0.7991293036815141
finite-two-level-exchange-relaxation,cube_mmp,0.9424777960769379,10,0,0.0,0.18647551870390405,0.046150162066856626,0.38580040515770786
finite-two-level-exchange-relaxation,cube_mpm,0.9424777960769379,10,0,0.0,0.3960482297336082,0.12409950272718463,0.7991293036815141
finite-two-level-exchange-relaxation,cube_mpp,0.9424777960769379,10,0,0.0,0.18647551870390405,0.046150162066856626,0.38580040515770786
finite-two-level-exchange-relaxation,cube_pmm,0.9424777960769379,10,0,0.0,0.3960482297336082,0.12409950272718463,0.7991293036815141
finite-two-level-exchange-relaxation,cube_pmp,0.9424777960769379,10,0,0.0,0.18647551870390405,0.046150162066856626,0.38580040515770786
finite-two-level-exchange-relaxation,cube_ppm,0.9424777960769379,10,0,0.0,0.3960482297336082,0.12409950272718463,0.7991293036815141
finite-two-level-exchange-relaxation,cube_ppp,0.9424777960769379,10,0,0.0,0.18647551870390405,0.046150162066856626,0.38580040515770786
finite-two-level-exchange-relaxation,0,1.0995574287564276,10,10,1.0,0.0,0.0,0.0
finite-two-level-exchange-relaxation,1,1.0995574287564276,10,0,0.0,0.472243276193048,0.1993248323072726,0.9201642524746148
finite-two-level-exchange-relaxation,+,1.0995574287564276,10,0,0.0,0.34933818584037557,0.11378679496601611,0.6946590707809494
finite-two-level-exchange-relaxation,-,1.0995574287564276,10,0,0.0,0.34933818584037557,0.11378679496601611,0.6946590707809494
finite-two-level-exchange-relaxation,+i,1.0995574287564276,10,0,0.0,0.34933818584037557,0.11378679496601611,0.6946590707809494
finite-two-level-exchange-relaxation,-i,1.0995574287564276,10,0,0.0,0.34933818584037557,0.11378679496601611,0.6946590707809494
finite-two-level-exchange-relaxation,cube_mmm,1.0995574287564276,10,0,0.0,0.43043788371214725,0.1634702723078754,0.8409754721494411
finite-two-level-exchange-relaxation,cube_mmp,1.0995574287564276,10,0,0.0,0.2286309960355471,0.06151568315923547,0.4673285481451103
finite-two-level-exchange-relaxation,cube_mpm,1.0995574287564276,10,0,0.0,0.43043788371214725,0.1634702723078754,0.8409754721494411
finite-two-level-exchange-relaxation,cube_mpp,1.0995574287564276,10,0,0.0,0.2286309960355471,0.06151568315923547,0.4673285481451103
finite-two-level-exchange-relaxation,cube_pmm,1.0995574287564276,10,0,0.0,0.43043788371214725,0.1634702723078754,0.8409754721494411
finite-two-level-exchange-relaxation,cube_pmp,1.0995574287564276,10,0,0.0,0.2286309960355471,0.06151568315923547,0.4673285481451103
finite-two-level-exchange-relaxation,cube_ppm,1.0995574287564276,10,0,0.0,0.43043788371214725,0.1634702723078754,0.8409754721494411
finite-two-level-exchange-relaxation,cube_ppp,1.0995574287564276,10,0,0.0,0.2286309960355471,0.06151568315923547,0.4673285481451103
finite-two-level-exchange-relaxation,0,1.2566370614359172,10,10,1.0,0.0,0.0,0.0
finite-two-level-exchange-relaxation,1,1.2566370614359172,10,1,0.1,0.4354101966249685,2.220446049250313e-16,0.8090169943749477
finite-two-level-exchange-relaxation,+,1.2566370614359172,10,0,0.0,0.3893996413360581,0.1437664997377003,0.7487145232797254
finite-two-level-exchange-relaxation,-,1.2566370614359172,10,0,0.0,0.3893996413360581,0.1437664997377003,0.7487145232797254
finite-two-level-exchange-relaxation,+i,1.2566370614359172,10,0,0.0,0.3893996413360581,0.1437664997377003,0.7487145232797254
finite-two-level-exchange-relaxation,-i,1.2566370614359172,10,0,0.0,0.3893996413360581,0.1437664997377003,0.7487145232797254
finite-two-level-exchange-relaxation,cube_mmm,1.2566370614359172,10,0,0.0,0.4456218356517071,0.2055190182847545,0.8195978910195004
finite-two-level-exchange-relaxation,cube_mmp,1.2566370614359172,10,0,0.0,0.26895441992103475,0.0784453634855346,0.5420885960113231
finite-two-level-exchange-relaxation,cube_mpm,1.2566370614359172,10,0,0.0,0.4456218356517071,0.2055190182847545,0.8195978910195004
finite-two-level-exchange-relaxation,cube_mpp,1.2566370614359172,10,0,0.0,0.26895441992103475,0.0784453634855346,0.5420885960113231
finite-two-level-exchange-relaxation,cube_pmm,1.2566370614359172,10,0,0.0,0.4456218356517071,0.2055190182847545,0.8195978910195004
finite-two-level-exchange-relaxation,cube_pmp,1.2566370614359172,10,0,0.0,0.26895441992103475,0.0784453634855346,0.5420885960113231
finite-two-level-exchange-relaxation,cube_ppm,1.2566370614359172,10,0,0.0,0.4456218356517071,0.2055190182847545,0.8195978910195004
finite-two-level-exchange-relaxation,cube_ppp,1.2566370614359172,10,0,0.0,0.26895441992103475,0.0784453634855346,0.5420885960113231
finite-two-level-exchange-relaxation,0,1.413716694115407,10,10,1.0,0.0,0.0,0.0
finite-two-level-exchange-relaxation,1,1.413716694115407,10,0,0.0,0.4101857993546549,0.0342540324882008,0.8557312409475923
finite-two-level-exchange-relaxation,+,1.413716694115407,10,0,0.0,0.4288818164847384,0.17521631721446923,0.7909337329360198
finite-two-level-exchange-relaxation,-,1.413716694115407,10,0,0.0,0.4288818164847384,0.17521631721446923,0.7909337329360198
finite-two-level-exchange-relaxation,+i,1.413716694115407,10,0,0.0,0.4288818164847384,0.17521631721446923,0.7909337329360198
finite-two-level-exchange-relaxation,-i,1.413716694115407,10,0,0.0,0.4288818164847384,0.17521631721446923,0.7909337329360198
finite-two-level-exchange-relaxation,cube_mmm,1.413716694115407,10,0,0.0,0.46360798567367273,0.21668216226830994,0.7648075635038776
finite-two-level-exchange-relaxation,cube_mmp,1.413716694115407,10,0,0.0,0.3072299832369489,0.09664658116749257,0.6099733725782716
finite-two-level-exchange-relaxation,cube_mpm,1.413716694115407,10,0,0.0,0.46360798567367273,0.21668216226830994,0.7648075635038776
finite-two-level-exchange-relaxation,cube_mpp,1.413716694115407,10,0,0.0,0.3072299832369489,0.09664658116749257,0.6099733725782716
finite-two-level-exchange-relaxation,cube_pmm,1.413716694115407,10,0,0.0,0.46360798567367273,0.21668216226830994,0.7648075635038776
finite-two-level-exchange-relaxation,cube_pmp,1.413716694115407,10,0,0.0,0.3072299832369489,0.09664658116749257,0.6099733725782716
finite-two-level-exchange-relaxation,cube_ppm,1.413716694115407,10,0,0.0,0.46360798567367273,0.21668216226830994,0.7648075635038776
finite-two-level-exchange-relaxation,cube_ppp,1.413716694115407,10,0,0.0,0.3072299832369489,0.09664658116749257,0.6099733725782716
finite-two-level-exchange-relaxation,0,1.5707963267948966,10,10,1.0,0.0,0.0,0.0
finite-two-level-exchange-relaxation,1,1.5707963267948966,10,1,0.1,0.4121320343559643,2.7755575615628914e-16,0.8535533905932737
finite-two-level-exchange-relaxation,+,1.5707963267948966,10,0,0.0,0.4706705216149295,0.20487387511189203,0.8344333939071544
finite-two-level-exchange-relaxation,-,1.5707963267948966,10,0,0.0,0.4706705216149295,0.20487387511189203,0.8344333939071544
finite-two-level-exchange-relaxation,+i,1.5707963267948966,10,0,0.0,0.4706705216149295,0.20487387511189203,0.8344333939071544
finite-two-level-exchange-relaxation,-i,1.5707963267948966,10,0,0.0,0.4706705216149295,0.20487387511189203,0.8344333939071544
finite-two-level-exchange-relaxation,cube_mmm,1.5707963267948966,10,0,0.0,0.4968720999775538,0.19428777854972135,0.7716380477393471
finite-two-level-exchange-relaxation,cube_mmp,1.5707963267948966,10,0,0.0,0.34252860066810975,0.11581887782998904,0.6700261194564906
finite-two-level-exchange-relaxation,cube_mpm,1.5707963267948966,10,0,0.0,0.4968720999775538,0.19428777854972135,0.7716380477393471
finite-two-level-exchange-relaxation,cube_mpp,1.5707963267948966,10,0,0.0,0.34252860066810975,0.11581887782998904,0.6700261194564906
finite-two-level-exchange-relaxation,cube_pmm,1.5707963267948966,10,0,0.0,0.4968720999775538,0.19428777854972135,0.7716380477393471
finite-two-level-exchange-relaxation,cube_pmp,1.5707963267948966,10,0,0.0,0.34252860066810975,0.11581887782998904,0.6700261194564906
finite-two-level-exchange-relaxation,cube_ppm,1.5707963267948966,10,0,0.0,0.4968720999775538,0.19428777854972135,0.7716380477393471
finite-two-level-exchange-relaxation,cube_ppp,1.5707963267948966,10,0,0.0,0.34252860066810975,0.11581887782998904,0.6700261194564906
finite-two-level-exchange-relaxation,0,1.7278759594743862,10,10,1.0,0.0,0.0,0.0
finite-two-level-exchange-relaxation,1,1.7278759594743862,10,0,0.0,0.4507639793344314,0.04920817597053073,0.8002522823126688
finite-two-level-exchange-relaxation,+,1.7278759594743862,10,0,0.0,0.5111906373807773,0.21534761862368515,0.8817466866020333
finite-two-level-exchange-relaxation,-,1.7278759594743862,10,0,0.0,0.5111906373807773,0.21534761862368515,0.8817466866020333
finite-two-level-exchange-relaxation,+i,1.7278759594743862,10,0,0.0,0.5111906373807773,0.21534761862368515,0.8817466866020333
finite-two-level-exchange-relaxation,-i,1.7278759594743862,10,0,0.0,0.5111906373807773,0.21534761862368515,0.8817466866020333
finite-two-level-exchange-relaxation,cube_mmm,1.7278759594743862,10,0,0.0,0.5390692327509413,0.1789384889723525,0.7663055039388189
finite-two-level-exchange-relaxation,cube_mmp,1.7278759594743862,10,0,0.0,0.37276923083019453,0.1356637034807333,0.7191334048146514
finite-two-level-exchange-relaxation,cube_mpm,1.7278759594743862,10,0,0.0,0.5390692327509413,0.1789384889723525,0.7663055039388189
finite-two-level-exchange-relaxation,cube_mpp,1.7278759594743862,10,0,0.0,0.37276923083019453,0.1356637034807333,0.7191334048146514
finite-two-level-exchange-relaxation,cube_pmm,1.7278759594743862,10,0,0.0,0.5390692327509413,0.1789384889723525,0.7663055039388189
finite-two-level-exchange-relaxation,cube_pmp,1.7278759594743862,10,0,0.0,0.37276923083019453,0.1356637034807333,0.7191334048146514
finite-two-level-exchange-relaxation,cube_ppm,1.7278759594743862,10,0,0.0,0.5390692327509413,0.1789384889723525,0.7663055039388189
finite-two-level-exchange-relaxation,cube_ppp,1.7278759594743862,10,0,0.0,0.37276923083019453,0.1356637034807333,0.7191334048146514
finite-two-level-exchange-relaxation,0,1.8849555921538759,10,10,1.0,0.0,0.0,0.0
finite-two-level-exchange-relaxation,1,1.8849555921538759,10,0,0.0,0.4916949268007623,0.07101976096010293,0.8800367553350505
finite-two-level-exchange-relaxation,+,1.8849555921538759,10,0,0.0,0.5431533059951763,0.23541923642650217,0.9226906464305366
finite-two-level-exchange-relaxation,-,1.8849555921538759,10,0,0.0,0.5431533059951763,0.23541923642650217,0.9226906464305366
finite-two-level-exchange-relaxation,+i,1.8849555921538759,10,0,0.0,0.5431533059951763,0.23541923642650217,0.9226906464305366
finite-two-level-exchange-relaxation,-i,1.8849555921538759,10,0,0.0,0.5431533059951763,0.23541923642650217,0.9226906464305366
finite-two-level-exchange-relaxation,cube_mmm,1.8849555921538759,10,0,0.0,0.575374838797048,0.19810300477059614,0.8283394883994739
finite-two-level-exchange-relaxation,cube_mmp,1.8849555921538759,10,0,0.0,0.3951365232287156,0.15589417363721045,0.7523823093845272
finite-two-level-exchange-relaxation,cube_mpm,1.8849555921538759,10,0,0.0,0.575374838797048,0.19810300477059614,0.8283394883994739
finite-two-level-exchange-relaxation,cube_mpp,1.8849555921538759,10,0,0.0,0.3951365232287156,0.15589417363721045,0.7523823093845272
finite-two-level-exchange-relaxation,cube_pmm,1.8849555921538759,10,0,0.0,0.575374838797048,0.19810300477059614,0.8283394883994739
finite-two-level-exchange-relaxation,cube_pmp,1.8849555921538759,10,0,0.0,0.3951365232287156,0.15589417363721045,0.7523823093845272
finite-two-level-exchange-relaxation,cube_ppm,1.8849555921538759,10,0,0.0,0.575374838797048,0.19810300477059614,0.8283394883994739
finite-two-level-exchange-relaxation,cube_ppp,1.8849555921538759,10,0,0.0,0.3951365232287156,0.15589417363721045,0.7523823093845272
finite-two-level-exchange-relaxation,0,2.0420352248333655,10,10,1.0,0.0,0.0,0.0
finite-two-level-exchange-relaxation,1,2.0420352248333655,10,0,0.0,0.5079495165664956,0.0668973762764632,0.992302837164133
finite-two-level-exchange-relaxation,+,2.0420352248333655,10,0,0.0,0.5595138784287479,0.26699397875021186,0.941913825766296
finite-two-level-exchange-relaxation,-,2.0420352248333655,10,0,0.0,0.5595138784287479,0.26699397875021186,0.941913825766296
finite-two-level-exchange-relaxation,+i,2.0420352248333655,10,0,0.0,0.5595138784287479,0.26699397875021186,0.941913825766296
finite-two-level-exchange-relaxation,-i,2.0420352248333655,10,0,0.0,0.5595138784287479,0.26699397875021186,0.941913825766296
finite-two-level-exchange-relaxation,cube_mmm,2.0420352248333655,10,0,0.0,0.5922955145938074,0.25802841992597136,0.8896143918766073
finite-two-level-exchange-relaxation,cube_mmp,2.0420352248333655,10,0,0.0,0.4069638682403792,0.17624446461321044,0.7647660200373185
finite-two-level-exchange-relaxation,cube_mpm,2.0420352248333655,10,0,0.0,0.5922955145938074,0.25802841992597136,0.8896143918766073
finite-two-level-exchange-relaxation,cube_mpp,2.0420352248333655,10,0,0.0,0.4069638682403792,0.17624446461321044,0.7647660200373185
finite-two-level-exchange-relaxation,cube_pmm,2.0420352248333655,10,0,0.0,0.5922955145938074,0.25802841992597136,0.8896143918766073
finite-two-level-exchange-relaxation,cube_pmp,2.0420352248333655,10,0,0.0,0.4069638682403792,0.17624446461321044,0.7647660200373185
finite-two-level-exchange-relaxation,cube_ppm,2.0420352248333655,10,0,0.0,0.5922955145938074,0.25802841992597136,0.8896143918766073
finite-two-level-exchange-relaxation,cube_ppp,2.0420352248333655,10,0,0.0,0.4069638682403792,0.17624446461321044,0.7647660200373185
finite-two-level-exchange-relaxation,0,2.199114857512855,10,10,1.0,0.0,0.0,0.0
finite-two-level-exchange-relaxation,1,2.199114857512855,10,0,0.0,0.4919265465812602,0.1393841289587628,0.9693724284451455
finite-two-level-exchange-relaxation,+,2.199114857512855,10,0,0.0,0.5560922843561863,0.28437791392875933,0.9285173211001884
finite-two-level-exchange-relaxation,-,2.199114857512855,10,0,0.0,0.5560922843561863,0.28437791392875933,0.9285173211001884
finite-two-level-exchange-relaxation,+i,2.199114857512855,10,0,0.0,0.5560922843561863,0.28437791392875933,0.9285173211001884
finite-two-level-exchange-relaxation,-i,2.199114857512855,10,0,0.0,0.5560922843561863,0.28437791392875933,0.9285173211001884
finite-two-level-exchange-relaxation,cube_mmm,2.199114857512855,10,0,0.0,0.5827766610079601,0.2685492744678415,0.8498668684267043
finite-two-level-exchange-relaxation,cube_mmp,2.199114857512855,10,0,0.0,0.4065637231897914,0.19647843386714808,0.7531445044695366
finite-two-level-exchange-relaxation,cube_mpm,2.199114857512855,10,0,0.0,0.5827766610079601,0.2685492744678415,0.8498668684267043
finite-two-level-exchange-relaxation,cube_mpp,2.199114857512855,10,0,0.0,0.4065637231897914,0.19647843386714808,0.7531445044695366
finite-two-level-exchange-relaxation,cube_pmm,2.199114857512855,10,0,0.0,0.5827766610079601,0.2685492744678415,0.8498668684267043
finite-two-level-exchange-relaxation,cube_pmp,2.199114857512855,10,0,0.0,0.4065637231897914,0.19647843386714808,0.7531445044695366
finite-two-level-exchange-relaxation,cube_ppm,2.199114857512855,10,0,0.0,0.5827766610079601,0.2685492744678415,0.8498668684267043
finite-two-level-exchange-relaxation,cube_ppp,2.199114857512855,10,0,0.0,0.4065637231897914,0.19647843386714808,0.7531445044695366
finite-two-level-exchange-relaxation,0,2.356194490192345,10,10,1.0,0.0,0.0,0.0
finite-two-level-exchange-relaxation,1,2.356194490192345,10,0,0.0,0.43517628409473047,0.10838637566236947,0.8154931568489169
finite-two-level-exchange-relaxation,+,2.356194490192345,10,0,0.0,0.5326588241351434,0.20735864204132973,0.8814140978441661
finite-two-level-exchange-relaxation,-,2.356194490192345,10,0,0.0,0.5326588241351434,0.20735864204132973,0.8814140978441661
finite-two-level-exchange-relaxation,+i,2.356194490192345,10,0,0.0,0.5326588241351434,0.20735864204132973,0.8814140978441661
finite-two-level-exchange-relaxation,-i,2.356194490192345,10,0,0.0,0.5326588241351434,0.20735864204132973,0.8814140978441661
finite-two-level-exchange-relaxation,cube_mmm,2.356194490192345,10,0,0.0,0.5474132108681058,0.25088681887554926,0.7717007391654473
finite-two-level-exchange-relaxation,cube_mmp,2.356194490192345,10,0,0.0,0.39369108894265287,0.11581887782998904,0.7174376938613419
finite-two-level-exchange-relaxation,cube_mpm,2.356194490192345,10,0,0.0,0.5474132108681058,0.25088681887554926,0.7717007391654473
finite-two-level-exchange-relaxation,cube_mpp,2.356194490192345,10,0,0.0,0.39369108894265287,0.11581887782998904,0.7174376938613419
finite-two-level-exchange-relaxation,cube_pmm,2.356194490192345,10,0,0.0,0.5474132108681058,0.25088681887554926,0.7717007391654473
finite-two-level-exchange-relaxation,cube_pmp,2.356194490192345,10,0,0.0,0.39369108894265287,0.11581887782998904,0.7174376938613419
finite-two-level-exchange-relaxation,cube_ppm,2.356194490192345,10,0,0.0,0.5474132108681058,0.25088681887554926,0.7717007391654473
finite-two-level-exchange-relaxation,cube_ppp,2.356194490192345,10,0,0.0,0.39369108894265287,0.11581887782998904,0.7174376938613419
finite-two-level-exchange-relaxation,0,2.5132741228718345,10,10,1.0,0.0,0.0,0.0
finite-two-level-exchange-relaxation,1,2.5132741228718345,10,4,0.4,0.33541019662496846,0.0,0.5590169943749476
finite-two-level-exchange-relaxation,+,2.5132741228718345,10,1,0.1,0.49270509831248405,2.0014830212433605e-16,0.8090169943749472
finite-two-level-exchange-relaxation,-,2.5132741228718345,10,1,0.1,0.49270509831248405,2.0014830212433605e-16,0.8090169943749472
finite-two-level-exchange-relaxation,+i,2.5132741228718345,10,1,0.1,0.49270509831248405,2.0014830212433605e-16,0.8090169943749472
finite-two-level-exchange-relaxation,-i,2.5132741228718345,10,1,0.1,0.49270509831248405,2.0014830212433605e-16,0.8090169943749472
finite-two-level-exchange-relaxation,cube_mmm,2.5132741228718345,10,1,0.1,0.49347476850045463,2.761644904721361e-16,0.6605596098195701
finite-two-level-exchange-relaxation,cube_mmp,2.5132741228718345,10,1,0.1,0.3695388390752769,1.3018518929051675e-16,0.6605596098195701
finite-two-level-exchange-relaxation,cube_mpm,2.5132741228718345,10,1,0.1,0.49347476850045463,2.761644904721361e-16,0.6605596098195701
finite-two-level-exchange-relaxation,cube_mpp,2.5132741228718345,10,1,0.1,0.3695388390752769,1.3018518929051675e-16,0.6605596098195701
finite-two-level-exchange-relaxation,cube_pmm,2.5132741228718345,10,1,0.1,0.49347476850045463,2.761644904721361e-16,0.6605596098195701
finite-two-level-exchange-relaxation,cube_pmp,2.5132741228718345,10,1,0.1,0.3695388390752769,1.3018518929051675e-16,0.6605596098195701
finite-two-level-exchange-relaxation,cube_ppm,2.5132741228718345,10,1,0.1,0.49347476850045463,2.761644904721361e-16,0.6605596098195701
finite-two-level-exchange-relaxation,cube_ppp,2.5132741228718345,10,1,0.1,0.3695388390752769,1.3018518929051675e-16,0.6605596098195701
finite-two-level-exchange-relaxation,0,2.670353755551324,10,10,1.0,0.0,0.0,0.0
finite-two-level-exchange-relaxation,1,2.670353755551324,10,0,0.0,0.38404769651477705,0.12077923792909195,0.7393958882404201
finite-two-level-exchange-relaxation,+,2.670353755551324,10,0,0.0,0.48643216147706025,0.16884078500592942,0.8428299821359518
finite-two-level-exchange-relaxation,-,2.670353755551324,10,0,0.0,0.48643216147706025,0.16884078500592942,0.8428299821359518
finite-two-level-exchange-relaxation,+i,2.670353755551324,10,0,0.0,0.48643216147706025,0.16884078500592942,0.8428299821359518
finite-two-level-exchange-relaxation,-i,2.670353755551324,10,0,0.0,0.48643216147706025,0.16884078500592942,0.8428299821359518
finite-two-level-exchange-relaxation,cube_mmm,2.670353755551324,10,0,0.0,0.4941328134438326,0.2160414870295495,0.742150889937719
finite-two-level-exchange-relaxation,cube_mmp,2.670353755551324,10,0,0.0,0.36153963524738353,0.10766099370858069,0.6853795826516444
finite-two-level-exchange-relaxation,cube_mpm,2.670353755551324,10,0,0.0,0.4941328134438326,0.2160414870295495,0.742150889937719
finite-two-level-exchange-relaxation,cube_mpp,2.670353755551324,10,0,0.0,0.36153963524738353,0.10766099370858069,0.6853795826516444
finite-two-level-exchange-relaxation,cube_pmm,2.670353755551324,10,0,0.0,0.4941328134438326,0.2160414870295495,0.742150889937719
finite-two-level-exchange-relaxation,cube_pmp,2.670353755551324,10,0,0.0,0.36153963524738353,0.10766099370858069,0.6853795826516444
finite-two-level-exchange-relaxation,cube_ppm,2.670353755551324,10,0,0.0,0.4941328134438326,0.2160414870295495,0.742150889937719
finite-two-level-exchange-relaxation,cube_ppp,2.670353755551324,10,0,0.0,0.36153963524738353,0.10766099370858069,0.6853795826516444
finite-two-level-exchange-relaxation,0,2.827433388230814,10,10,1.0,0.0,0.0,0.0
finite-two-level-exchange-relaxation,1,2.827433388230814,10,0,0.0,0.4264366738672905,0.0668973762764627,0.8800367553350505
finite-two-level-exchange-relaxation,+,2.827433388230814,10,0,0.0,0.48205663884196087,0.04787643971591209,0.8711443359646334
finite-two-level-exchange-relaxation,-,2.827433388230814,10,0,0.0,0.48205663884196087,0.04787643971591209,0.8711443359646334
finite-two-level-exchange-relaxation,+i,2.827433388230814,10,0,0.0,0.48205663884196087,0.04787643971591209,0.8711443359646334
finite-two-level-exchange-relaxation,-i,2.827433388230814,10,0,0.0,0.48205663884196087,0.04787643971591209,0.8711443359646334
finite-two-level-exchange-relaxation,cube_mmm,2.827433388230814,10,0,0.0,0.5028512793775636,0.059714946140281104,0.8283394883994739
finite-two-level-exchange-relaxation,cube_mmp,2.827433388230814,10,0,0.0,0.35301383563586897,0.031338200834072995,0.7020958271270691
finite-two-level-exchange-relaxation,cube_mpm,2.827433388230814,10,0,0.0,0.5028512793775636,0.059714946140281104,0.8283394883994739
finite-two-level-exchange-relaxation,cube_mpp,2.827433388230814,10,0,0.0,0.35301383563586897,0.031338200834072995,0.7020958271270691
finite-two-level-exchange-relaxation,cube_pmm,2.827433388230814,10,0,0.0,0.5028512793775636,0.059714946140281104,0.8283394883994739
finite-two-level-exchange-relaxation,cube_pmp,2.827433388230814,10,0,0.0,0.35301383563586897,0.031338200834072995,0.7020958271270691
finite-two-level-exchange-relaxation,cube_ppm,2.827433388230814,10,0,0.0,0.5028512793775636,0.059714946140281104,0.8283394883994739
finite-two-level-exchange-relaxation,cube_ppp,2.827433388230814,10,0,0.0,0.35301383563586897,0.031338200834072995,0.7020958271270691
finite-two-level-exchange-relaxation,0,2.9845130209103035,10,10,1.0,0.0,0.0,0.0
finite-two-level-exchange-relaxation,1,2.9845130209103035,10,0,0.0,0.4846955333696795,0.0483409082033851,0.9693724284451456
finite-two-level-exchange-relaxation,+,2.9845130209103035,10,0,0.0,0.5005358187187138,0.1578141591510087,0.8882113954767548
finite-two-level-exchange-relaxation,-,2.9845130209103035,10,0,0.0,0.5005358187187138,0.1578141591510087,0.8882113954767548
finite-two-level-exchange-relaxation,+i,2.9845130209103035,10,0,0.0,0.5005358187187138,0.1578141591510087,0.8882113954767548
finite-two-level-exchange-relaxation,-i,2.9845130209103035,10,0,0.0,0.5005358187187138,0.1578141591510087,0.8882113954767548
finite-two-level-exchange-relaxation,cube_mmm,2.9845130209103035,10,0,0.0,0.5404455640975239,0.13291953093788714,0.8797362010429226
finite-two-level-exchange-relaxation,cube_mmp,2.9845130209103035,10,0,0.0,0.35977818766991443,0.1277435890183196,0.7090283557307046
finite-two-level-exchange-relaxation,cube_mpm,2.9845130209103035,10,0,0.0,0.5404455640975239,0.13291953093788714,0.8797362010429226
finite-two-level-exchange-relaxation,cube_mpp,2.9845130209103035,10,0,0.0,0.35977818766991443,0.1277435890183196,0.7090283557307046
finite-two-level-exchange-relaxation,cube_pmm,2.9845130209103035,10,0,0.0,0.5404455640975239,0.13291953093788714,0.8797362010429226
finite-two-level-exchange-relaxation,cube_pmp,2.9845130209103035,10,0,0.0,0.35977818766991443,0.1277435890183196,0.7090283557307046
finite-two-level-exchange-relaxation,cube_ppm,2.9845130209103035,10,0,0.0,0.5404455640975239,0.13291953093788714,0.8797362010429226
finite-two-level-exchange-relaxation,cube_ppp,2.9845130209103035,10,0,0.0,0.35977818766991443,0.1277435890183196,0.7090283557307046
finite-two-level-exchange-relaxation,0,3.141592653589793,10,10,1.0,0.0,0.0,0.0
finite-two-level-exchange-relaxation,1,3.141592653589793,10,2,0.2,0.5,2.220446049250313e-16,1.0
finite-two-level-exchange-relaxation,+,3.141592653589793,10,1,0.1,0.503251838671965,1.9094218004317964e-16,0.8894118228319619
finite-two-level-exchange-relaxation,-,3.141592653589793,10,1,0.1,0.503251838671965,1.9094218004317964e-16,0.8894118228319619
finite-two-level-exchange-relaxation,+i,3.141592653589793,10,1,0.1,0.503251838671965,1.9094218004317964e-16,0.8894118228319619
finite-two-level-exchange-relaxation,-i,3.141592653589793,10,1,0.1,0.503251838671965,1.9094218004317964e-16,0.8894118228319619
finite-two-level-exchange-relaxation,cube_mmm,3.141592653589793,10,1,0.1,0.5521149859506747,2.557194743464455e-16,0.8880738339771151
finite-two-level-exchange-relaxation,cube_mmp,3.141592653589793,10,1,0.1,0.35908291480665483,1.2684101459586784e-16,0.7048877996391667
finite-two-level-exchange-relaxation,cube_mpm,3.141592653589793,10,1,0.1,0.5521149859506747,2.557194743464455e-16,0.8880738339771151
finite-two-level-exchange-relaxation,cube_mpp,3.141592653589793,10,1,0.1,0.35908291480665483,1.2684101459586784e-16,0.7048877996391667
finite-two-level-exchange-relaxation,cube_pmm,3.141592653589793,10,1,0.1,0.5521149859506747,2.557194743464455e-16,0.8880738339771151
finite-two-level-exchange-relaxation,cube_pmp,3.141592653589793,10,1,0.1,0.35908291480665483,1.2684101459586784e-16,0.7048877996391667
finite-two-level-exchange-relaxation,cube_ppm,3.141592653589793,10,1,0.1,0.5521149859506747,2.557194743464455e-16,0.8880738339771151
finite-two-level-exchange-relaxation,cube_ppp,3.141592653589793,10,1,0.1,0.35908291480665483,1.2684101459586784e-16,0.7048877996391667
finite-two-level-exchange-relaxation,0,3.2986722862692828,10,10,1.0,0.0,0.0,0.0
finite-two-level-exchange-relaxation,1,3.2986722862692828,10,0,0.0,0.5001941601824855,0.04834090820338455,0.9693724284451455
finite-two-level-exchange-relaxation,+,3.2986722862692828,10,0,0.0,0.5193225375142678,0.15781415915100847,0.8720896560895807
finite-two-level-exchange-relaxation,-,3.2986722862692828,10,0,0.0,0.5193225375142678,0.15781415915100847,0.8720896560895807
finite-two-level-exchange-relaxation,+i,3.2986722862692828,10,0,0.0,0.5193225375142678,0.15781415915100847,0.8720896560895807
finite-two-level-exchange-relaxation,-i,3.2986722862692828,10,0,0.0,0.5193225375142678,0.15781415915100847,0.8720896560895807
finite-two-level-exchange-relaxation,cube_mmm,3.2986722862692828,10,0,0.0,0.5572258894337331,0.13291953093788686,0.881009148727751
finite-two-level-exchange-relaxation,cube_mmp,3.2986722862692828,10,0,0.0,0.37600898052138204,0.11213856960563005,0.6889830515464744
finite-two-level-exchange-relaxation,cube_mpm,3.2986722862692828,10,0,0.0,0.5572258894337331,0.13291953093788686,0.881009148727751
finite-two-level-exchange-relaxation,cube_mpp,3.2986722862692828,10,0,0.0,0.37600898052138204,0.11213856960563005,0.6889830515464744
finite-two-level-exchange-relaxation,cube_pmm,3.2986722862692828,10,0,0.0,0.5572258894337331,0.13291953093788686,0.881009148727751
finite-two-level-exchange-relaxation,cube_pmp,3.2986722862692828,10,0,0.0,0.37600898052138204,0.11213856960563005,0.6889830515464744
finite-two-level-exchange-relaxation,cube_ppm,3.2986722862692828,10,0,0.0,0.5572258894337331,0.13291953093788686,0.881009148727751
finite-two-level-exchange-relaxation,cube_ppp,3.2986722862692828,10,0,0.0,0.37600898052138204,0.11213856960563005,0.6889830515464744
finite-two-level-exchange-relaxation,0,3.4557519189487724,10,10,1.0,0.0,0.0,0.0
finite-two-level-exchange-relaxation,1,3.4557519189487724,10,0,0.0,0.45619227733722223,0.1775132473177003,0.8800367553350505
finite-two-level-exchange-relaxation,+,3.4557519189487724,10,0,0.0,0.5192177874703205,0.10148488964208158,0.8358586889403412
finite-two-level-exchange-relaxation,-,3.4557519189487724,10,0,0.0,0.5192177874703205,0.10148488964208158,0.8358586889403412
finite-two-level-exchange-relaxation,+i,3.4557519189487724,10,0,0.0,0.5192177874703205,0.10148488964208158,0.8358586889403412
finite-two-level-exchange-relaxation,-i,3.4557519189487724,10,0,0.0,0.5192177874703205,0.10148488964208158,0.8358586889403412
finite-two-level-exchange-relaxation,cube_mmm,3.4557519189487724,10,0,0.0,0.5347707297183119,0.14565155670329724,0.7952481404233711
finite-two-level-exchange-relaxation,cube_mmp,3.4557519189487724,10,0,0.0,0.384802968689349,0.05496834351289686,0.6613185678210896
finite-two-level-exchange-relaxation,cube_mpm,3.4557519189487724,10,0,0.0,0.5347707297183119,0.14565155670329724,0.7952481404233711
finite-two-level-exchange-relaxation,cube_mpp,3.4557519189487724,10,0,0.0,0.384802968689349,0.05496834351289686,0.6613185678210896
finite-two-level-exchange-relaxation,cube_pmm,3.4557519189487724,10,0,0.0,0.5347707297183119,0.14565155670329724,0.7952481404233711
finite-two-level-exchange-relaxation,cube_pmp,3.4557519189487724,10,0,0.0,0.384802968689349,0.05496834351289686,0.6613185678210896
finite-two-level-exchange-relaxation,cube_ppm,3.4557519189487724,10,0,0.0,0.5347707297183119,0.14565155670329724,0.7952481404233711
finite-two-level-exchange-relaxation,cube_ppp,3.4557519189487724,10,0,0.0,0.384802968689349,0.05496834351289686,0.6613185678210896
finite-two-level-exchange-relaxation,0,3.612831551628262,10,10,1.0,0.0,0.0,0.0
finite-two-level-exchange-relaxation,1,3.612831551628262,10,0,0.0,0.39021397611854813,0.030831398018855483,0.7702272862592758
finite-two-level-exchange-relaxation,+,3.612831551628262,10,0,0.0,0.5158020216412489,0.017636892190579984,0.8044333520674948
finite-two-level-exchange-relaxation,-,3.612831551628262,10,0,0.0,0.5158020216412489,0.017636892190579984,0.8044333520674948
finite-two-level-exchange-relaxation,+i,3.612831551628262,10,0,0.0,0.5158020216412489,0.017636892190579984,0.8044333520674948
finite-two-level-exchange-relaxation,-i,3.612831551628262,10,0,0.0,0.5158020216412489,0.017636892190579984,0.8044333520674948
finite-two-level-exchange-relaxation,cube_mmm,3.612831551628262,10,0,0.0,0.507884582989545,0.025302369271645437,0.7141121943387698
finite-two-level-exchange-relaxation,cube_mmp,3.612831551628262,10,0,0.0,0.39069055585253765,0.009560078383387136,0.6415599595300194
finite-two-level-exchange-relaxation,cube_mpm,3.612831551628262,10,0,0.0,0.507884582989545,0.025302369271645437,0.7141121943387698
finite-two-level-exchange-relaxation,cube_mpp,3.612831551628262,10,0,0.0,0.39069055585253765,0.009560078383387136,0.6415599595300194
finite-two-level-exchange-relaxation,cube_pmm,3.612831551628262,10,0,0.0,0.507884582989545,0.025302369271645437,0.7141121943387698
finite-two-level-exchange-relaxation,cube_pmp,3.612831551628262,10,0,0.0,0.39069055585253765,0.009560078383387136,0.6415599595300194
finite-two-level-exchange-relaxation,cube_ppm,3.612831551628262,10,0,0.0,0.507884582989545,0.025302369271645437,0.7141121943387698
finite-two-level-exchange-relaxation,cube_ppp,3.612831551628262,10,0,0.0,0.39069055585253765,0.009560078383387136,0.6415599595300194
finite-two-level-exchange-relaxation,0,3.7699111843077517,10,10,1.0,0.0,0.0,0.0
finite-two-level-exchange-relaxation,1,3.7699111843077517,10,1,0.1,0.38541019662496856,1.6653345369377348e-16,0.8090169943749477
finite-two-level-exchange-relaxation,+,3.7699111843077517,10,0,0.0,0.5547490949583046,0.1437664997377003,0.8888698952831304
finite-two-level-exchange-relaxation,-,3.7699111843077517,10,0,0.0,0.5547490949583046,0.1437664997377003,0.8888698952831304
finite-two-level-exchange-relaxation,+i,3.7699111843077517,10,0,0.0,0.5547490949583046,0.1437664997377003,0.8888698952831304
finite-two-level-exchange-relaxation,-i,3.7699111843077517,10,0,0.0,0.5547490949583046,0.1437664997377003,0.8888698952831304
finite-two-level-exchange-relaxation,cube_mmm,3.7699111843077517,10,0,0.0,0.548479691996911,0.2055190182847545,0.7674959137909867
finite-two-level-exchange-relaxation,cube_mmp,3.7699111843077517,10,0,0.0,0.4174323408256414,0.0784453634855346,0.7204865933855074
finite-two-level-exchange-relaxation,cube_mpm,3.7699111843077517,10,0,0.0,0.548479691996911,0.2055190182847545,0.7674959137909867
finite-two-level-exchange-relaxation,cube_mpp,3.7699111843077517,10,0,0.0,0.4174323408256414,0.0784453634855346,0.7204865933855074
finite-two-level-exchange-relaxation,cube_pmm,3.7699111843077517,10,0,0.0,0.548479691996911,0.2055190182847545,0.7674959137909867
finite-two-level-exchange-relaxation,cube_pmp,3.7699111843077517,10,0,0.0,0.4174323408256414,0.0784453634855346,0.7204865933855074
finite-two-level-exchange-relaxation,cube_ppm,3.7699111843077517,10,0,0.0,0.548479691996911,0.2055190182847545,0.7674959137909867
finite-two-level-exchange-relaxation,cube_ppp,3.7699111843077517,10,0,0.0,0.4174323408256414,0.0784453634855346,0.7204865933855074
finite-two-level-exchange-relaxation,0,3.9269908169872414,10,10,1.0,0.0,0.0,0.0
finite-two-level-exchange-relaxation,1,3.9269908169872414,10,0,0.0,0.43517628409473047,0.10838637566236992,0.815493156848917
finite-two-level-exchange-relaxation,+,3.9269908169872414,10,0,0.0,0.5823384572004366,0.239922127606297,0.9538731121045286
finite-two-level-exchange-relaxation,-,3.9269908169872414,10,0,0.0,0.5823384572004366,0.239922127606297,0.9538731121045286
finite-two-level-exchange-relaxation,+i,3.9269908169872414,10,0,0.0,0.5823384572004366,0.239922127606297,0.9538731121045286
finite-two-level-exchange-relaxation,-i,3.9269908169872414,10,0,0.0,0.5823384572004366,0.239922127606297,0.9538731121045286
finite-two-level-exchange-relaxation,cube_mmm,3.9269908169872414,10,0,0.0,0.5861500248529943,0.30869533529750615,0.8116999213541629
finite-two-level-exchange-relaxation,cube_mmp,3.9269908169872414,10,0,0.0,0.4334432340403107,0.14836731241532203,0.7779134282607548
finite-two-level-exchange-relaxation,cube_mpm,3.9269908169872414,10,0,0.0,0.5861500248529943,0.30869533529750615,0.8116999213541629
finite-two-level-exchange-relaxation,cube_mpp,3.9269908169872414,10,0,0.0,0.4334432340403107,0.14836731241532203,0.7779134282607548
finite-two-level-exchange-relaxation,cube_pmm,3.9269908169872414,10,0,0.0,0.5861500248529943,0.30869533529750615,0.8116999213541629
finite-two-level-exchange-relaxation,cube_pmp,3.9269908169872414,10,0,0.0,0.4334432340403107,0.14836731241532203,0.7779134282607548
finite-two-level-exchange-relaxation,cube_ppm,3.9269908169872414,10,0,0.0,0.5861500248529943,0.30869533529750615,0.8116999213541629
finite-two-level-exchange-relaxation,cube_ppp,3.9269908169872414,10,0,0.0,0.4334432340403107,0.14836731241532203,0.7779134282607548
finite-two-level-exchange-relaxation,0,4.084070449666731,10,10,1.0,0.0,0.0,0.0
finite-two-level-exchange-relaxation,1,4.084070449666731,10,0,0.0,0.45559942018099236,0.01831591214999212,0.7877367964438057
finite-two-level-exchange-relaxation,+,4.084070449666731,10,0,0.0,0.5923964755175611,0.09660353411792454,0.9923450956212052
finite-two-level-exchange-relaxation,-,4.084070449666731,10,0,0.0,0.5923964755175611,0.09660353411792454,0.9923450956212052
finite-two-level-exchange-relaxation,+i,4.084070449666731,10,0,0.0,0.5923964755175611,0.09660353411792454,0.9923450956212052
finite-two-level-exchange-relaxation,-i,4.084070449666731,10,0,0.0,0.5923964755175611,0.09660353411792454,0.9923450956212052
finite-two-level-exchange-relaxation,cube_mmm,4.084070449666731,10,0,0.0,0.6074880311715009,0.12275115602343549,0.8453641886474049
finite-two-level-exchange-relaxation,cube_mmp,4.084070449666731,10,0,0.0,0.4365158627117432,0.06205741348841348,0.8102211192218206
finite-two-level-exchange-relaxation,cube_mpm,4.084070449666731,10,0,0.0,0.6074880311715009,0.12275115602343549,0.8453641886474049
finite-two-level-exchange-relaxation,cube_mpp,4.084070449666731,10,0,0.0,0.4365158627117432,0.06205741348841348,0.8102211192218206
finite-two-level-exchange-relaxation,cube_pmm,4.084070449666731,10,0,0.0,0.6074880311715009,0.12275115602343549,0.8453641886474049
finite-two-level-exchange-relaxation,cube_pmp,4.084070449666731,10,0,0.0,0.4365158627117432,0.06205741348841348,0.8102211192218206
finite-two-level-exchange-relaxation,cube_ppm,4.084070449666731,10,0,0.0,0.6074880311715009,0.12275115602343549,0.8453641886474049
finite-two-level-exchange-relaxation,cube_ppp,4.084070449666731,10,0,0.0,0.4365158627117432,0.06205741348841348,0.8102211192218206
finite-two-level-exchange-relaxation,0,4.241150082346221,10,10,1.0,0.0,0.0,0.0
finite-two-level-exchange-relaxation,1,4.241150082346221,10,0,0.0,0.46795920773622884,0.004614496568994986,0.7923512930128003
finite-two-level-exchange-relaxation,+,4.241150082346221,10,0,0.0,0.5895098263082424,0.04787643971591209,0.9980758518191849
finite-two-level-exchange-relaxation,-,4.241150082346221,10,0,0.0,0.5895098263082424,0.04787643971591209,0.9980758518191849
finite-two-level-exchange-relaxation,+i,4.241150082346221,10,0,0.0,0.5895098263082424,0.04787643971591209,0.9980758518191849
finite-two-level-exchange-relaxation,-i,4.241150082346221,10,0,0.0,0.5895098263082424,0.04787643971591209,0.9980758518191849
finite-two-level-exchange-relaxation,cube_mmm,4.241150082346221,10,0,0.0,0.6125347157810714,0.059714946140281104,0.8583880502522675
finite-two-level-exchange-relaxation,cube_mmp,4.241150082346221,10,0,0.0,0.4314337219512108,0.031338200834072995,0.814923926506535
finite-two-level-exchange-relaxation,cube_mpm,4.241150082346221,10,0,0.0,0.6125347157810714,0.059714946140281104,0.8583880502522675
finite-two-level-exchange-relaxation,cube_mpp,4.241150082346221,10,0,0.0,0.4314337219512108,0.031338200834072995,0.814923926506535
finite-two-level-exchange-relaxation,cube_pmm,4.241150082346221,10,0,0.0,0.6125347157810714,0.059714946140281104,0.8583880502522675
finite-two-level-exchange-relaxation,cube_pmp,4.241150082346221,10,0,0.0,0.4314337219512108,0.031338200834072995,0.814923926506535
finite-two-level-exchange-relaxation,cube_ppm,4.241150082346221,10,0,0.0,0.6125347157810714,0.059714946140281104,0.8583880502522675
finite-two-level-exchange-relaxation,cube_ppp,4.241150082346221,10,0,0.0,0.4314337219512108,0.031338200834072995,0.814923926506535
finite-two-level-exchange-relaxation,0,4.39822971502571,10,10,1.0,0.0,0.0,0.0
finite-two-level-exchange-relaxation,1,4.39822971502571,10,0,0.0,0.4916949268007622,0.07101976096010282,0.8800367553350505
finite-two-level-exchange-relaxation,+,4.39822971502571,10,0,0.0,0.5810072712594265,0.1872242917080821,0.9700226062527338
finite-two-level-exchange-relaxation,-,4.39822971502571,10,0,0.0,0.5810072712594265,0.1872242917080821,0.9700226062527338
finite-two-level-exchange-relaxation,+i,4.39822971502571,10,0,0.0,0.5810072712594265,0.1872242917080821,0.9700226062527338
finite-two-level-exchange-relaxation,-i,4.39822971502571,10,0,0.0,0.5810072712594265,0.1872242917080821,0.9700226062527338
finite-two-level-exchange-relaxation,cube_mmm,4.39822971502571,10,0,0.0,0.6073697799349578,0.22765650920316585,0.8453641886474048
finite-two-level-exchange-relaxation,cube_mmp,4.39822971502571,10,0,0.0,0.42430194453300185,0.1254714882282806,0.7916315540265312
finite-two-level-exchange-relaxation,cube_mpm,4.39822971502571,10,0,0.0,0.6073697799349578,0.22765650920316585,0.8453641886474048
finite-two-level-exchange-relaxation,cube_mpp,4.39822971502571,10,0,0.0,0.42430194453300185,0.1254714882282806,0.7916315540265312
finite-two-level-exchange-relaxation,cube_pmm,4.39822971502571,10,0,0.0,0.6073697799349578,0.22765650920316585,0.8453641886474048
finite-two-level-exchange-relaxation,cube_pmp,4.39822971502571,10,0,0.0,0.42430194453300185,0.1254714882282806,0.7916315540265312
finite-two-level-exchange-relaxation,cube_ppm,4.39822971502571,10,0,0.0,0.6073697799349578,0.22765650920316585,0.8453641886474048
finite-two-level-exchange-relaxation,cube_ppp,4.39822971502571,10,0,0.0,0.42430194453300185,0.1254714882282806,0.7916315540265312
finite-two-level-exchange-relaxation,0,4.5553093477052,10,10,1.0,0.0,0.0,0.0
finite-two-level-exchange-relaxation,1,4.5553093477052,10,0,0.0,0.4710831909368222,0.15080423398248488,0.9018483403246229
finite-two-level-exchange-relaxation,+,4.5553093477052,10,0,0.0,0.5494793865820085,0.2968717743988051,0.9130035189975626
finite-two-level-exchange-relaxation,-,4.5553093477052,10,0,0.0,0.5494793865820085,0.2968717743988051,0.9130035189975626
finite-two-level-exchange-relaxation,+i,4.5553093477052,10,0,0.0,0.5494793865820085,0.2968717743988051,0.9130035189975626
finite-two-level-exchange-relaxation,-i,4.5553093477052,10,0,0.0,0.5494793865820085,0.2968717743988051,0.9130035189975626
finite-two-level-exchange-relaxation,cube_mmm,4.5553093477052,10,0,0.0,0.5708967850151389,0.2631879339608852,0.8177821843295799
finite-two-level-exchange-relaxation,cube_mmp,4.5553093477052,10,0,0.0,0.40354027597120723,0.16642419899355124,0.7422058384325813
finite-two-level-exchange-relaxation,cube_mpm,4.5553093477052,10,0,0.0,0.5708967850151389,0.2631879339608852,0.8177821843295799
finite-two-level-exchange-relaxation,cube_mpp,4.5553093477052,10,0,0.0,0.40354027597120723,0.16642419899355124,0.7422058384325813
finite-two-level-exchange-relaxation,cube_pmm,4.5553093477052,10,0,0.0,0.5708967850151389,0.2631879339608852,0.8177821843295799
finite-two-level-exchange-relaxation,cube_pmp,4.5553093477052,10,0,0.0,0.40354027597120723,0.16642419899355124,0.7422058384325813
finite-two-level-exchange-relaxation,cube_ppm,4.5553093477052,10,0,0.0,0.5708967850151389,0.2631879339608852,0.8177821843295799
finite-two-level-exchange-relaxation,cube_ppp,4.5553093477052,10,0,0.0,0.40354027597120723,0.16642419899355124,0.7422058384325813
finite-two-level-exchange-relaxation,0,4.71238898038469,10,10,1.0,0.0,0.0,0.0
finite-two-level-exchange-relaxation,1,4.71238898038469,10,1,0.1,0.4121320343559643,0.0,0.853553390593274
finite-two-level-exchange-relaxation,+,4.71238898038469,10,0,0.0,0.5004299188255339,0.20487387511189223,0.8344333939071544
finite-two-level-exchange-relaxation,-,4.71238898038469,10,0,0.0,0.5004299188255339,0.20487387511189223,0.8344333939071544
finite-two-level-exchange-relaxation,+i,4.71238898038469,10,0,0.0,0.5004299188255339,0.20487387511189223,0.8344333939071544
finite-two-level-exchange-relaxation,-i,4.71238898038469,10,0,0.0,0.5004299188255339,0.20487387511189223,0.8344333939071544
finite-two-level-exchange-relaxation,cube_mmm,4.71238898038469,10,0,0.0,0.51405719490494,0.19428777854972157,0.7717007391654473
finite-two-level-exchange-relaxation,cube_mmp,4.71238898038469,10,0,0.0,0.3712494117026862,0.11581887782998904,0.6700261194564906
finite-two-level-exchange-relaxation,cube_mpm,4.71238898038469,10,0,0.0,0.51405719490494,0.19428777854972157,0.7717007391654473
finite-two-level-exchange-relaxation,cube_mpp,4.71238898038469,10,0,0.0,0.3712494117026862,0.11581887782998904,0.6700261194564906
finite-two-level-exchange-relaxation,cube_pmm,4.71238898038469,10,0,0.0,0.51405719490494,0.19428777854972157,0.7717007391654473
finite-two-level-exchange-relaxation,cube_pmp,4.71238898038469,10,0,0.0,0.3712494117026862,0.11581887782998904,0.6700261194564906
finite-two-level-exchange-relaxation,cube_ppm,4.71238898038469,10,0,0.0,0.51405719490494,0.19428777854972157,0.7717007391654473
finite-two-level-exchange-relaxation,cube_ppp,4.71238898038469,10,0,0.0,0.3712494117026862,0.11581887782998904,0.6700261194564906
finite-two-level-exchange-relaxation,0,4.869468613064179,10,10,1.0,0.0,0.0,0.0
finite-two-level-exchange-relaxation,1,4.869468613064179,10,0,0.0,0.3863950592662465,0.09532527534756086,0.7367775405055508
finite-two-level-exchange-relaxation,+,4.869468613064179,10,0,0.0,0.4405572707060096,0.10614423423114282,0.7389845361322449
finite-two-level-exchange-relaxation,-,4.869468613064179,10,0,0.0,0.4405572707060096,0.10614423423114282,0.7389845361322449
finite-two-level-exchange-relaxation,+i,4.869468613064179,10,0,0.0,0.4405572707060096,0.10614423423114282,0.7389845361322449
finite-two-level-exchange-relaxation,-i,4.869468613064179,10,0,0.0,0.4405572707060096,0.10614423423114282,0.7389845361322449
finite-two-level-exchange-relaxation,cube_mmm,4.869468613064179,10,0,0.0,0.449070347341714,0.1079292117623509,0.7170086757972739
finite-two-level-exchange-relaxation,cube_mmp,4.869468613064179,10,0,0.0,0.3301556472550414,0.05991754234840662,0.578775188581386
finite-two-level-exchange-relaxation,cube_mpm,4.869468613064179,10,0,0.0,0.449070347341714,0.1079292117623509,0.7170086757972739
finite-two-level-exchange-relaxation,cube_mpp,4.869468613064179,10,0,0.0,0.3301556472550414,0.05991754234840662,0.578775188581386
finite-two-level-exchange-relaxation,cube_pmm,4.869468613064179,10,0,0.0,0.449070347341714,0.1079292117623509,0.7170086757972739
finite-two-level-exchange-relaxation,cube_pmp,4.869468613064179,10,0,0.0,0.3301556472550414,0.05991754234840662,0.578775188581386
finite-two-level-exchange-relaxation,cube_ppm,4.869468613064179,10,0,0.0,0.449070347341714,0.1079292117623509,0.7170086757972739
finite-two-level-exchange-relaxation,cube_ppp,4.869468613064179,10,0,0.0,0.3301556472550414,0.05991754234840662,0.578775188581386
finite-two-level-exchange-relaxation,0,5.026548245743669,10,10,1.0,0.0,0.0,0.0
finite-two-level-exchange-relaxation,1,5.026548245743669,10,4,0.4,0.3354101966249686,1.1102230246251565e-16,0.5590169943749479
finite-two-level-exchange-relaxation,+,5.026548245743669,10,4,0.4,0.37499999999999994,2.7755575615628914e-17,0.6249999999999999
finite-two-level-exchange-relaxation,-,5.026548245743669,10,4,0.4,0.37499999999999994,2.7755575615628914e-17,0.6249999999999999
finite-two-level-exchange-relaxation,+i,5.026548245743669,10,4,0.4,0.37499999999999994,2.7755575615628914e-17,0.6249999999999999
finite-two-level-exchange-relaxation,-i,5.026548245743669,10,4,0.4,0.37499999999999994,2.7755575615628914e-17,0.6249999999999999
finite-two-level-exchange-relaxation,cube_mmm,5.026548245743669,10,4,0.4,0.3807570782558304,1.962615573354719e-17,0.6345951304263839
finite-two-level-exchange-relaxation,cube_mmp,5.026548245743669,10,4,0.4,0.2828852194054748,5.887846720064156e-17,0.4714753656757913
finite-two-level-exchange-relaxation,cube_mpm,5.026548245743669,10,4,0.4,0.3807570782558304,1.962615573354719e-17,0.6345951304263839
finite-two-level-exchange-relaxation,cube_mpp,5.026548245743669,10,4,0.4,0.2828852194054748,5.887846720064156e-17,0.4714753656757913
finite-two-level-exchange-relaxation,cube_pmm,5.026548245743669,10,4,0.4,0.3807570782558304,1.962615573354719e-17,0.6345951304263839
finite-two-level-exchange-relaxation,cube_pmp,5.026548245743669,10,4,0.4,0.2828852194054748,5.887846720064156e-17,0.4714753656757913
finite-two-level-exchange-relaxation,cube_ppm,5.026548245743669,10,4,0.4,0.3807570782558304,1.962615573354719e-17,0.6345951304263839
finite-two-level-exchange-relaxation,cube_ppp,5.026548245743669,10,4,0.4,0.2828852194054748,5.887846720064156e-17,0.4714753656757913
finite-two-level-exchange-relaxation,0,5.183627878423159,10,10,1.0,0.0,0.0,0.0
finite-two-level-exchange-relaxation,1,5.183627878423159,10,0,0.0,0.3814456940751305,0.06752408812052257,0.720839420167342
finite-two-level-exchange-relaxation,+,5.183627878423159,10,0,0.0,0.4138031013007592,0.10222683786700376,0.703314984862802
finite-two-level-exchange-relaxation,-,5.183627878423159,10,0,0.0,0.4138031013007592,0.10222683786700376,0.703314984862802
finite-two-level-exchange-relaxation,+i,5.183627878423159,10,0,0.0,0.4138031013007592,0.10222683786700376,0.703314984862802
finite-two-level-exchange-relaxation,-i,5.183627878423159,10,0,0.0,0.4138031013007592,0.10222683786700376,0.703314984862802
finite-two-level-exchange-relaxation,cube_mmm,5.183627878423159,10,0,0.0,0.42843647471879337,0.09509477548232512,0.6899848546597643
finite-two-level-exchange-relaxation,cube_mmp,5.183627878423159,10,0,0.0,0.3077457278961123,0.0625111632264811,0.5446688270716771
finite-two-level-exchange-relaxation,cube_mpm,5.183627878423159,10,0,0.0,0.42843647471879337,0.09509477548232512,0.6899848546597643
finite-two-level-exchange-relaxation,cube_mpp,5.183627878423159,10,0,0.0,0.3077457278961123,0.0625111632264811,0.5446688270716771
finite-two-level-exchange-relaxation,cube_pmm,5.183627878423159,10,0,0.0,0.42843647471879337,0.09509477548232512,0.6899848546597643
finite-two-level-exchange-relaxation,cube_pmp,5.183627878423159,10,0,0.0,0.3077457278961123,0.0625111632264811,0.5446688270716771
finite-two-level-exchange-relaxation,cube_ppm,5.183627878423159,10,0,0.0,0.42843647471879337,0.09509477548232512,0.6899848546597643
finite-two-level-exchange-relaxation,cube_ppp,5.183627878423159,10,0,0.0,0.3077457278961123,0.0625111632264811,0.5446688270716771
finite-two-level-exchange-relaxation,0,5.340707511102648,10,10,1.0,0.0,0.0,0.0
finite-two-level-exchange-relaxation,1,5.340707511102648,10,0,0.0,0.3812255596323392,0.03002499605339326,0.7694208842938134
finite-two-level-exchange-relaxation,+,5.340707511102648,10,0,0.0,0.44437588150298046,0.19551712288702874,0.7726397423111063
finite-two-level-exchange-relaxation,-,5.340707511102648,10,0,0.0,0.44437588150298046,0.19551712288702874,0.7726397423111063
finite-two-level-exchange-relaxation,+i,5.340707511102648,10,0,0.0,0.44437588150298046,0.19551712288702874,0.7726397423111063
finite-two-level-exchange-relaxation,-i,5.340707511102648,10,0,0.0,0.44437588150298046,0.19551712288702874,0.7726397423111063
finite-two-level-exchange-relaxation,cube_mmm,5.340707511102648,10,0,0.0,0.45994963293252483,0.16091961048463624,0.742150889937719
finite-two-level-exchange-relaxation,cube_mmp,5.340707511102648,10,0,0.0,0.3283215416169245,0.12612974954693043,0.6111055471713224
finite-two-level-exchange-relaxation,cube_mpm,5.340707511102648,10,0,0.0,0.45994963293252483,0.16091961048463624,0.742150889937719
finite-two-level-exchange-relaxation,cube_mpp,5.340707511102648,10,0,0.0,0.3283215416169245,0.12612974954693043,0.6111055471713224
finite-two-level-exchange-relaxation,cube_pmm,5.340707511102648,10,0,0.0,0.45994963293252483,0.16091961048463624,0.742150889937719
finite-two-level-exchange-relaxation,cube_pmp,5.340707511102648,10,0,0.0,0.3283215416169245,0.12612974954693043,0.6111055471713224
finite-two-level-exchange-relaxation,cube_ppm,5.340707511102648,10,0,0.0,0.45994963293252483,0.16091961048463624,0.742150889937719
finite-two-level-exchange-relaxation,cube_ppp,5.340707511102648,10,0,0.0,0.3283215416169245,0.12612974954693043,0.6111055471713224
finite-two-level-exchange-relaxation,0,5.497787143782138,10,10,1.0,0.0,0.0,0.0
finite-two-level-exchange-relaxation,1,5.497787143782138,10,0,0.0,0.39690794085822134,0.10838637566236947,0.8154931568489168
finite-two-level-exchange-relaxation,+,5.497787143782138,10,0,0.0,0.46684375353529317,0.11853530397700658,0.834433393907154
finite-two-level-exchange-relaxation,-,5.497787143782138,10,0,0.0,0.46684375353529317,0.11853530397700658,0.834433393907154
finite-two-level-exchange-relaxation,+i,5.497787143782138,10,0,0.0,0.46684375353529317,0.11853530397700658,0.834433393907154
finite-two-level-exchange-relaxation,-i,5.497787143782138,10,0,0.0,0.46684375353529317,0.11853530397700658,0.834433393907154
finite-two-level-exchange-relaxation,cube_mmm,5.497787143782138,10,0,0.0,0.48185511343341175,0.14611063608401428,0.7888827419738969
finite-two-level-exchange-relaxation,cube_mmp,5.497787143782138,10,0,0.0,0.344048756167537,0.07846474057433259,0.6700261194564904
finite-two-level-exchange-relaxation,cube_mpm,5.497787143782138,10,0,0.0,0.48185511343341175,0.14611063608401428,0.7888827419738969
finite-two-level-exchange-relaxation,cube_mpp,5.497787143782138,10,0,0.0,0.344048756167537,0.07846474057433259,0.6700261194564904
finite-two-level-exchange-relaxation,cube_pmm,5.497787143782138,10,0,0.0,0.48185511343341175,0.14611063608401428,0.7888827419738969
finite-two-level-exchange-relaxation,cube_pmp,5.497787143782138,10,0,0.0,0.344048756167537,0.07846474057433259,0.6700261194564904
finite-two-level-exchange-relaxation,cube_ppm,5.497787143782138,10,0,0.0,0.48185511343341175,0.14611063608401428,0.7888827419738969
finite-two-level-exchange-relaxation,cube_ppp,5.497787143782138,10,0,0.0,0.344048756167537,0.07846474057433259,0.6700261194564904
finite-two-level-exchange-relaxation,0,5.654866776461628,10,10,1.0,0.0,0.0,0.0
finite-two-level-exchange-relaxation,1,5.654866776461628,10,0,0.0,0.4416949268007622,0.13938412895876176,0.8800367553350505
finite-two-level-exchange-relaxation,+,5.654866776461628,10,0,0.0,0.5017355911053835,0.09660353411792352,0.8888698952831304
finite-two-level-exchange-relaxation,-,5.654866776461628,10,0,0.0,0.5017355911053835,0.09660353411792352,0.8888698952831304
finite-two-level-exchange-relaxation,+i,5.654866776461628,10,0,0.0,0.5017355911053835,0.09660353411792352,0.8888698952831304
finite-two-level-exchange-relaxation,-i,5.654866776461628,10,0,0.0,0.5017355911053835,0.09660353411792352,0.8888698952831304
finite-two-level-exchange-relaxation,cube_mmm,5.654866776461628,10,0,0.0,0.5240482425563247,0.1227511560234341,0.8283394883994739
finite-two-level-exchange-relaxation,cube_mmp,5.654866776461628,10,0,0.0,0.36714650274324795,0.06205741348841294,0.7204865933855074
finite-two-level-exchange-relaxation,cube_mpm,5.654866776461628,10,0,0.0,0.5240482425563247,0.1227511560234341,0.8283394883994739
finite-two-level-exchange-relaxation,cube_mpp,5.654866776461628,10,0,0.0,0.36714650274324795,0.06205741348841294,0.7204865933855074
finite-two-level-exchange-relaxation,cube_pmm,5.654866776461628,10,0,0.0,0.5240482425563247,0.1227511560234341,0.8283394883994739
finite-two-level-exchange-relaxation,cube_pmp,5.654866776461628,10,0,0.0,0.36714650274324795,0.06205741348841294,0.7204865933855074
finite-two-level-exchange-relaxation,cube_ppm,5.654866776461628,10,0,0.0,0.5240482425563247,0.1227511560234341,0.8283394883994739
finite-two-level-exchange-relaxation,cube_ppp,5.654866776461628,10,0,0.0,0.36714650274324795,0.06205741348841294,0.7204865933855074
finite-two-level-exchange-relaxation,0,5.811946409141117,10,10,1.0,0.0,0.0,0.0
finite-two-level-exchange-relaxation,1,5.811946409141117,10,0,0.0,0.5074944107064593,0.1059819773988232,0.9316882222930223
finite-two-level-exchange-relaxation,+,5.811946409141117,10,0,0.0,0.5536910676015723,0.21203050821387875,0.9347670243395767
finite-two-level-exchange-relaxation,-,5.811946409141117,10,0,0.0,0.5536910676015723,0.21203050821387875,0.9347670243395767
finite-two-level-exchange-relaxation,+i,5.811946409141117,10,0,0.0,0.5536910676015723,0.21203050821387875,0.9347670243395767
finite-two-level-exchange-relaxation,-i,5.811946409141117,10,0,0.0,0.5536910676015723,0.21203050821387875,0.9347670243395767
finite-two-level-exchange-relaxation,cube_mmm,5.811946409141117,10,0,0.0,0.5928703051501468,0.20691967761618174,0.8590186581239877
finite-two-level-exchange-relaxation,cube_mmp,5.811946409141117,10,0,0.0,0.39936970402018096,0.11624313859124663,0.7613946410752004
finite-two-level-exchange-relaxation,cube_mpm,5.811946409141117,10,0,0.0,0.5928703051501468,0.20691967761618174,0.8590186581239877
finite-two-level-exchange-relaxation,cube_mpp,5.811946409141117,10,0,0.0,0.39936970402018096,0.11624313859124663,0.7613946410752004
finite-two-level-exchange-relaxation,cube_pmm,5.811946409141117,10,0,0.0,0.5928703051501468,0.20691967761618174,0.8590186581239877
finite-two-level-exchange-relaxation,cube_pmp,5.811946409141117,10,0,0.0,0.39936970402018096,0.11624313859124663,0.7613946410752004
finite-two-level-exchange-relaxation,cube_ppm,5.811946409141117,10,0,0.0,0.5928703051501468,0.20691967761618174,0.8590186581239877
finite-two-level-exchange-relaxation,cube_ppp,5.811946409141117,10,0,0.0,0.39936970402018096,0.11624313859124663,0.7613946410752004
finite-two-level-exchange-relaxation,0,5.969026041820607,10,10,1.0,0.0,0.0,0.0
finite-two-level-exchange-relaxation,1,5.969026041820607,10,0,0.0,0.5577513232343897,0.0483409082033851,0.9693724284451456
finite-two-level-exchange-relaxation,+,5.969026041820607,10,0,0.0,0.59435959852232,0.10288206407853437,0.9700226062527335
finite-two-level-exchange-relaxation,-,5.969026041820607,10,0,0.0,0.59435959852232,0.10288206407853437,0.9700226062527335
finite-two-level-exchange-relaxation,+i,5.969026041820607,10,0,0.0,0.59435959852232,0.10288206407853437,0.9700226062527335
finite-two-level-exchange-relaxation,-i,5.969026041820607,10,0,0.0,0.59435959852232,0.10288206407853437,0.9700226062527335
finite-two-level-exchange-relaxation,cube_mmm,5.969026041820607,10,0,0.0,0.6498949045783802,0.13291953093788714,0.8797362010429226
finite-two-level-exchange-relaxation,cube_mmp,5.969026041820607,10,0,0.0,0.4231639381369382,0.05505666801792776,0.7916315540265308
finite-two-level-exchange-relaxation,cube_mpm,5.969026041820607,10,0,0.0,0.6498949045783802,0.13291953093788714,0.8797362010429226
finite-two-level-exchange-relaxation,cube_mpp,5.969026041820607,10,0,0.0,0.4231639381369382,0.05505666801792776,0.7916315540265308
finite-two-level-exchange-relaxation,cube_pmm,5.969026041820607,10,0,0.0,0.6498949045783802,0.13291953093788714,0.8797362010429226
finite-two-level-exchange-relaxation,cube_pmp,5.969026041820607,10,0,0.0,0.4231639381369382,0.05505666801792776,0.7916315540265308
finite-two-level-exchange-relaxation,cube_ppm,5.969026041820607,10,0,0.0,0.6498949045783802,0.13291953093788714,0.8797362010429226
finite-two-level-exchange-relaxation,cube_ppp,5.969026041820607,10,0,0.0,0.4231639381369382,0.05505666801792776,0.7916315540265308
finite-two-level-exchange-relaxation,0,6.126105674500097,10,10,1.0,0.0,0.0,0.0
finite-two-level-exchange-relaxation,1,6.126105674500097,10,0,0.0,0.5892637785349362,0.012273706667725981,0.992302837164133
finite-two-level-exchange-relaxation,+,6.126105674500097,10,0,0.0,0.6190246054377928,0.02710820405057137,0.9923450956212052
finite-two-level-exchange-relaxation,-,6.126105674500097,10,0,0.0,0.6190246054377928,0.02710820405057137,0.9923450956212052
finite-two-level-exchange-relaxation,+i,6.126105674500097,10,0,0.0,0.6190246054377928,0.02710820405057137,0.9923450956212052
finite-two-level-exchange-relaxation,-i,6.126105674500097,10,0,0.0,0.6190246054377928,0.02710820405057137,0.9923450956212052
finite-two-level-exchange-relaxation,cube_mmm,6.126105674500097,10,0,0.0,0.6864475676997083,0.03942037083733397,0.8896143918766073
finite-two-level-exchange-relaxation,cube_mmp,6.126105674500097,10,0,0.0,0.4368122884365436,0.0143104321208804,0.8102211192218206
finite-two-level-exchange-relaxation,cube_mpm,6.126105674500097,10,0,0.0,0.6864475676997083,0.03942037083733397,0.8896143918766073
finite-two-level-exchange-relaxation,cube_mpp,6.126105674500097,10,0,0.0,0.4368122884365436,0.0143104321208804,0.8102211192218206
finite-two-level-exchange-relaxation,cube_pmm,6.126105674500097,10,0,0.0,0.6864475676997083,0.03942037083733397,0.8896143918766073
finite-two-level-exchange-relaxation,cube_pmp,6.126105674500097,10,0,0.0,0.4368122884365436,0.0143104321208804,0.8102211192218206
finite-two-level-exchange-relaxation,cube_ppm,6.126105674500097,10,0,0.0,0.6864475676997083,0.03942037083733397,0.8896143918766073
finite-two-level-exchange-relaxation,cube_ppp,6.126105674500097,10,0,0.0,0.4368122884365436,0.0143104321208804,0.8102211192218206
finite-two-level-exchange-relaxation,0,6.283185307179586,10,10,1.0,0.0,0.0,0.0
finite-two-level-exchange-relaxation,1,6.283185307179586,10,4,0.4,0.6000000000000003,2.220446049250313e-16,1.0000000000000007
finite-two-level-exchange-relaxation,+,6.283185307179586,10,2,0.2,0.6242640687119284,1.9094218004317964e-16,0.9999999999999998
finite-two-level-exchange-relaxation,-,6.283185307179586,10,2,0.2,0.6242640687119284,1.9094218004317964e-16,0.9999999999999998
finite-two-level-exchange-relaxation,+i,6.283185307179586,10,2,0.2,0.6242640687119284,1.9094218004317964e-16,0.9999999999999998
finite-two-level-exchange-relaxation,-i,6.283185307179586,10,2,0.2,0.6242640687119284,1.9094218004317964e-16,0.9999999999999998
finite-two-level-exchange-relaxation,cube_mmm,6.283185307179586,10,2,0.2,0.6961436165718144,2.557194743464455e-16,0.8880738339771157
finite-two-level-exchange-relaxation,cube_mmp,6.283185307179586,10,2,0.2,0.4391198222141351,1.2684101459586784e-16,0.8164965809277261
finite-two-level-exchange-relaxation,cube_mpm,6.283185307179586,10,2,0.2,0.6961436165718144,2.557194743464455e-16,0.8880738339771157
finite-two-level-exchange-relaxation,cube_mpp,6.283185307179586,10,2,0.2,0.4391198222141351,1.2684101459586784e-16,0.8164965809277261
finite-two-level-exchange-relaxation,cube_pmm,6.283185307179586,10,2,0.2,0.6961436165718144,2.557194743464455e-16,0.8880738339771157
finite-two-level-exchange-relaxation,cube_pmp,6.283185307179586,10,2,0.2,0.4391198222141351,1.2684101459586784e-16,0.8164965809277261
finite-two-level-exchange-relaxation,cube_ppm,6.283185307179586,10,2,0.2,0.6961436165718144,2.557194743464455e-16,0.8880738339771157
finite-two-level-exchange-relaxation,cube_ppp,6.283185307179586,10,2,0.2,0.4391198222141351,1.2684101459586784e-16,0.8164965809277261
finite-two-level-exchange-relaxation,0,6.440264939859076,10,10,1.0,0.0,0.0,0.0
finite-two-level-exchange-relaxation,1,6.440264939859076,10,0,0.0,0.5892637785349362,0.012273706667725481,0.9923028371641327
finite-two-level-exchange-relaxation,+,6.440264939859076,10,0,0.0,0.6246534545000857,0.0271082040505708,0.992345095621205
finite-two-level-exchange-relaxation,-,6.440264939859076,10,0,0.0,0.6246534545000857,0.0271082040505708,0.992345095621205
finite-two-level-exchange-relaxation,+i,6.440264939859076,10,0,0.0,0.6246534545000857,0.0271082040505708,0.992345095621205
finite-two-level-exchange-relaxation,-i,6.440264939859076,10,0,0.0,0.6246534545000857,0.0271082040505708,0.992345095621205
finite-two-level-exchange-relaxation,cube_mmm,6.440264939859076,10,0,0.0,0.6894727747101117,0.039420370837333386,0.8968913006375243
finite-two-level-exchange-relaxation,cube_mmp,6.440264939859076,10,0,0.0,0.4425247989621818,0.014310432120880007,0.8102211192218203
finite-two-level-exchange-relaxation,cube_mpm,6.440264939859076,10,0,0.0,0.6894727747101117,0.039420370837333386,0.8968913006375243
finite-two-level-exchange-relaxation,cube_mpp,6.440264939859076,10,0,0.0,0.4425247989621818,0.014310432120880007,0.8102211192218203
finite-two-level-exchange-relaxation,cube_pmm,6.440264939859076,10,0,0.0,0.6894727747101117,0.039420370837333386,0.8968913006375243
finite-two-level-exchange-relaxation,cube_pmp,6.440264939859076,10,0,0.0,0.4425247989621818,0.014310432120880007,0.8102211192218203
finite-two-level-exchange-relaxation,cube_ppm,6.440264939859076,10,0,0.0,0.6894727747101117,0.039420370837333386,0.8968913006375243
finite-two-level-exchange-relaxation,cube_ppp,6.440264939859076,10,0,0.0,0.4425247989621818,0.014310432120880007,0.8102211192218203
finite-two-level-exchange-relaxation,0,6.5973445725385655,10,10,1.0,0.0,0.0,0.0
finite-two-level-exchange-relaxation,1,6.5973445725385655,10,0,0.0,0.5577513232343898,0.04834090820338455,0.9693724284451455
finite-two-level-exchange-relaxation,+,6.5973445725385655,10,0,0.0,0.6060832413983941,0.10288206407853395,0.9700226062527338
finite-two-level-exchange-relaxation,-,6.5973445725385655,10,0,0.0,0.6060832413983941,0.10288206407853395,0.9700226062527338
finite-two-level-exchange-relaxation,+i,6.5973445725385655,10,0,0.0,0.6060832413983941,0.10288206407853395,0.9700226062527338
finite-two-level-exchange-relaxation,-i,6.5973445725385655,10,0,0.0,0.6060832413983941,0.10288206407853395,0.9700226062527338
finite-two-level-exchange-relaxation,cube_mmm,6.5973445725385655,10,0,0.0,0.6564743957268544,0.13291953093788686,0.881009148727751
finite-two-level-exchange-relaxation,cube_mmp,6.5973445725385655,10,0,0.0,0.4346854708284768,0.05505666801792753,0.7916315540265312
finite-two-level-exchange-relaxation,cube_mpm,6.5973445725385655,10,0,0.0,0.6564743957268544,0.13291953093788686,0.881009148727751
finite-two-level-exchange-relaxation,cube_mpp,6.5973445725385655,10,0,0.0,0.4346854708284768,0.05505666801792753,0.7916315540265312
finite-two-level-exchange-relaxation,cube_pmm,6.5973445725385655,10,0,0.0,0.6564743957268544,0.13291953093788686,0.881009148727751
finite-two-level-exchange-relaxation,cube_pmp,6.5973445725385655,10,0,0.0,0.4346854708284768,0.05505666801792753,0.7916315540265312
finite-two-level-exchange-relaxation,cube_ppm,6.5973445725385655,10,0,0.0,0.6564743957268544,0.13291953093788686,0.881009148727751
finite-two-level-exchange-relaxation,cube_ppp,6.5973445725385655,10,0,0.0,0.4346854708284768,0.05505666801792753,0.7916315540265312
finite-two-level-exchange-relaxation,0,6.754424205218055,10,10,1.0,0.0,0.0,0.0
finite-two-level-exchange-relaxation,1,6.754424205218055,10,0,0.0,0.5074944107064592,0.10598197739882276,0.9316882222930222
finite-two-level-exchange-relaxation,+,6.754424205218055,10,0,0.0,0.5724885207495806,0.21203050821387764,0.9347670243395764
finite-two-level-exchange-relaxation,-,6.754424205218055,10,0,0.0,0.5724885207495806,0.21203050821387764,0.9347670243395764
finite-two-level-exchange-relaxation,+i,6.754424205218055,10,0,0.0,0.5724885207495806,0.21203050821387764,0.9347670243395764
finite-two-level-exchange-relaxation,-i,6.754424205218055,10,0,0.0,0.5724885207495806,0.21203050821387764,0.9347670243395764
finite-two-level-exchange-relaxation,cube_mmm,6.754424205218055,10,0,0.0,0.604488788485046,0.20691967761618132,0.8448753188260139
finite-two-level-exchange-relaxation,cube_mmp,6.754424205218055,10,0,0.0,0.41684615475677067,0.11624313859124599,0.7613946410752
finite-two-level-exchange-relaxation,cube_mpm,6.754424205218055,10,0,0.0,0.604488788485046,0.20691967761618132,0.8448753188260139
finite-two-level-exchange-relaxation,cube_mpp,6.754424205218055,10,0,0.0,0.41684615475677067,0.11624313859124599,0.7613946410752
finite-two-level-exchange-relaxation,cube_pmm,6.754424205218055,10,0,0.0,0.604488788485046,0.20691967761618132,0.8448753188260139
finite-two-level-exchange-relaxation,cube_pmp,6.754424205218055,10,0,0.0,0.41684615475677067,0.11624313859124599,0.7613946410752
finite-two-level-exchange-relaxation,cube_ppm,6.754424205218055,10,0,0.0,0.604488788485046,0.20691967761618132,0.8448753188260139
finite-two-level-exchange-relaxation,cube_ppp,6.754424205218055,10,0,0.0,0.41684615475677067,0.11624313859124599,0.7613946410752
finite-two-level-exchange-relaxation,0,6.911503837897545,10,10,1.0,0.0,0.0,0.0
finite-two-level-exchange-relaxation,1,6.911503837897545,10,0,0.0,0.4416949268007622,0.13938412895876245,0.8800367553350505
finite-two-level-exchange-relaxation,+,6.911503837897545,10,0,0.0,0.5290078097603651,0.26884809307023666,0.8888698952831304
finite-two-level-exchange-relaxation,-,6.911503837897545,10,0,0.0,0.5290078097603651,0.26884809307023666,0.8888698952831304
finite-two-level-exchange-relaxation,+i,6.911503837897545,10,0,0.0,0.5290078097603651,0.26884809307023666,0.8888698952831304
finite-two-level-exchange-relaxation,-i,6.911503837897545,10,0,0.0,0.5290078097603651,0.26884809307023666,0.8888698952831304
finite-two-level-exchange-relaxation,cube_mmm,6.911503837897545,10,0,0.0,0.5443337752687508,0.2874440821970981,0.7952481404233711
finite-two-level-exchange-relaxation,cube_mmp,6.911503837897545,10,0,0.0,0.39066512060325687,0.1731659283303678,0.7204865933855074
finite-two-level-exchange-relaxation,cube_mpm,6.911503837897545,10,0,0.0,0.5443337752687508,0.2874440821970981,0.7952481404233711
finite-two-level-exchange-relaxation,cube_mpp,6.911503837897545,10,0,0.0,0.39066512060325687,0.1731659283303678,0.7204865933855074
finite-two-level-exchange-relaxation,cube_pmm,6.911503837897545,10,0,0.0,0.5443337752687508,0.2874440821970981,0.7952481404233711
finite-two-level-exchange-relaxation,cube_pmp,6.911503837897545,10,0,0.0,0.39066512060325687,0.1731659283303678,0.7204865933855074
finite-two-level-exchange-relaxation,cube_ppm,6.911503837897545,10,0,0.0,0.5443337752687508,0.2874440821970981,0.7952481404233711
finite-two-level-exchange-relaxation,cube_ppp,6.911503837897545,10,0,0.0,0.39066512060325687,0.1731659283303678,0.7204865933855074
finite-two-level-exchange-relaxation,0,7.0685834705770345,10,10,1.0,0.0,0.0,0.0
finite-two-level-exchange-relaxation,1,7.0685834705770345,10,0,0.0,0.39690794085822134,0.10838637566236997,0.8154931568489169
finite-two-level-exchange-relaxation,+,7.0685834705770345,10,0,0.0,0.4799873591930372,0.10832679894608542,0.8344333939071544
finite-two-level-exchange-relaxation,-,7.0685834705770345,10,0,0.0,0.4799873591930372,0.10832679894608542,0.8344333939071544
finite-two-level-exchange-relaxation,+i,7.0685834705770345,10,0,0.0,0.4799873591930372,0.10832679894608542,0.8344333939071544
finite-two-level-exchange-relaxation,-i,7.0685834705770345,10,0,0.0,0.4799873591930372,0.10832679894608542,0.8344333939071544
finite-two-level-exchange-relaxation,cube_mmm,7.0685834705770345,10,0,0.0,0.48699117347530957,0.11477066924348624,0.7412666346702306
finite-two-level-exchange-relaxation,cube_mmp,7.0685834705770345,10,0,0.0,0.35777827540462354,0.07390691004179421,0.6700261194564906
finite-two-level-exchange-relaxation,cube_mpm,7.0685834705770345,10,0,0.0,0.48699117347530957,0.11477066924348624,0.7412666346702306
finite-two-level-exchange-relaxation,cube_mpp,7.0685834705770345,10,0,0.0,0.35777827540462354,0.07390691004179421,0.6700261194564906
finite-two-level-exchange-relaxation,cube_pmm,7.0685834705770345,10,0,0.0,0.48699117347530957,0.11477066924348624,0.7412666346702306
finite-two-level-exchange-relaxation,cube_pmp,7.0685834705770345,10,0,0.0,0.35777827540462354,0.07390691004179421,0.6700261194564906
finite-two-level-exchange-relaxation,cube_ppm,7.0685834705770345,10,0,0.0,0.48699117347530957,0.11477066924348624,0.7412666346702306
finite-two-level-exchange-relaxation,cube_ppp,7.0685834705770345,10,0,0.0,0.35777827540462354,0.07390691004179421,0.6700261194564906
finite-two-level-exchange-relaxation,0,7.225663103256524,10,10,1.0,0.0,0.0,0.0
finite-two-level-exchange-relaxation,1,7.225663103256524,10,0,0.0,0.3812255596323389,0.030024996053392372,0.7694208842938128
finite-two-level-exchange-relaxation,+,7.225663103256524,10,0,0.0,0.44502806851319415,0.04132849780842618,0.7923802806907179
finite-two-level-exchange-relaxation,-,7.225663103256524,10,0,0.0,0.44502806851319415,0.04132849780842618,0.7923802806907179
finite-two-level-exchange-relaxation,+i,7.225663103256524,10,0,0.0,0.44502806851319415,0.04132849780842618,0.7923802806907179
finite-two-level-exchange-relaxation,-i,7.225663103256524,10,0,0.0,0.44502806851319415,0.04132849780842618,0.7923802806907179
finite-two-level-exchange-relaxation,cube_mmm,7.225663103256524,10,0,0.0,0.45356269756584366,0.039359716689953465,0.6996671312489823
finite-two-level-exchange-relaxation,cube_mmp,7.225663103256524,10,0,0.0,0.33190146548976107,0.029893868909566138,0.6337851995562077
finite-two-level-exchange-relaxation,cube_mpm,7.225663103256524,10,0,0.0,0.45356269756584366,0.039359716689953465,0.6996671312489823
finite-two-level-exchange-relaxation,cube_mpp,7.225663103256524,10,0,0.0,0.33190146548976107,0.029893868909566138,0.6337851995562077
finite-two-level-exchange-relaxation,cube_pmm,7.225663103256524,10,0,0.0,0.45356269756584366,0.039359716689953465,0.6996671312489823
finite-two-level-exchange-relaxation,cube_pmp,7.225663103256524,10,0,0.0,0.33190146548976107,0.029893868909566138,0.6337851995562077
finite-two-level-exchange-relaxation,cube_ppm,7.225663103256524,10,0,0.0,0.45356269756584366,0.039359716689953465,0.6996671312489823
finite-two-level-exchange-relaxation,cube_ppp,7.225663103256524,10,0,0.0,0.33190146548976107,0.029893868909566138,0.6337851995562077
finite-two-level-exchange-relaxation,0,7.382742735936014,10,10,1.0,0.0,0.0,0.0
finite-two-level-exchange-relaxation,1,7.382742735936014,10,0,0.0,0.3814456940751309,0.06752408812052285,0.7208394201673427
finite-two-level-exchange-relaxation,+,7.382742735936014,10,0,0.0,0.44823343508021896,0.17817771639758964,0.7990160334517311
finite-two-level-exchange-relaxation,-,7.382742735936014,10,0,0.0,0.44823343508021896,0.17817771639758964,0.7990160334517311
finite-two-level-exchange-relaxation,+i,7.382742735936014,10,0,0.0,0.44823343508021896,0.17817771639758964,0.7990160334517311
finite-two-level-exchange-relaxation,-i,7.382742735936014,10,0,0.0,0.44823343508021896,0.17817771639758964,0.7990160334517311
finite-two-level-exchange-relaxation,cube_mmm,7.382742735936014,10,0,0.0,0.46112669296495745,0.1524499846428854,0.6838804443537637
finite-two-level-exchange-relaxation,cube_mmp,7.382742735936014,10,0,0.0,0.33249144055615565,0.13436297860641755,0.6490887630240025
finite-two-level-exchange-relaxation,cube_mpm,7.382742735936014,10,0,0.0,0.46112669296495745,0.1524499846428854,0.6838804443537637
finite-two-level-exchange-relaxation,cube_mpp,7.382742735936014,10,0,0.0,0.33249144055615565,0.13436297860641755,0.6490887630240025
finite-two-level-exchange-relaxation,cube_pmm,7.382742735936014,10,0,0.0,0.46112669296495745,0.1524499846428854,0.6838804443537637
finite-two-level-exchange-relaxation,cube_pmp,7.382742735936014,10,0,0.0,0.33249144055615565,0.13436297860641755,0.6490887630240025
finite-two-level-exchange-relaxation,cube_ppm,7.382742735936014,10,0,0.0,0.46112669296495745,0.1524499846428854,0.6838804443537637
finite-two-level-exchange-relaxation,cube_ppp,7.382742735936014,10,0,0.0,0.33249144055615565,0.13436297860641755,0.6490887630240025
finite-two-level-exchange-relaxation,0,7.5398223686155035,10,10,1.0,0.0,0.0,0.0
finite-two-level-exchange-relaxation,1,7.5398223686155035,10,4,0.4,0.3354101966249686,1.1102230246251565e-16,0.5590169943749477
finite-two-level-exchange-relaxation,+,7.5398223686155035,10,1,0.1,0.44270509831248417,2.1677797545656835e-16,0.8090169943749472
finite-two-level-exchange-relaxation,-,7.5398223686155035,10,1,0.1,0.44270509831248417,2.1677797545656835e-16,0.8090169943749472
finite-two-level-exchange-relaxation,+i,7.5398223686155035,10,1,0.1,0.44270509831248417,2.1677797545656835e-16,0.8090169943749472
finite-two-level-exchange-relaxation,-i,7.5398223686155035,10,1,0.1,0.44270509831248417,2.1677797545656835e-16,0.8090169943749472
finite-two-level-exchange-relaxation,cube_mmm,7.5398223686155035,10,1,0.1,0.4526499394540684,2.9439233600320783e-16,0.6605596098195702
finite-two-level-exchange-relaxation,cube_mmp,7.5398223686155035,10,1,0.1,0.3287140100288906,1.1274368112207335e-16,0.6605596098195702
finite-two-level-exchange-relaxation,cube_mpm,7.5398223686155035,10,1,0.1,0.4526499394540684,2.9439233600320783e-16,0.6605596098195702
finite-two-level-exchange-relaxation,cube_mpp,7.5398223686155035,10,1,0.1,0.3287140100288906,1.1274368112207335e-16,0.6605596098195702
finite-two-level-exchange-relaxation,cube_pmm,7.5398223686155035,10,1,0.1,0.4526499394540684,2.9439233600320783e-16,0.6605596098195702
finite-two-level-exchange-relaxation,cube_pmp,7.5398223686155035,10,1,0.1,0.3287140100288906,1.1274368112207335e-16,0.6605596098195702
finite-two-level-exchange-relaxation,cube_ppm,7.5398223686155035,10,1,0.1,0.4526499394540684,2.9439233600320783e-16,0.6605596098195702
finite-two-level-exchange-relaxation,cube_ppp,7.5398223686155035,10,1,0.1,0.3287140100288906,1.1274368112207335e-16,0.6605596098195702
finite-two-level-exchange-relaxation,0,7.696902001294993,10,10,1.0,0.0,0.0,0.0
finite-two-level-exchange-relaxation,1,7.696902001294993,10,0,0.0,0.3863950592662463,0.09532527534756069,0.73677754050555
finite-two-level-exchange-relaxation,+,7.696902001294993,10,0,0.0,0.47460444041639105,0.22123041228265047,0.8215639937988184
finite-two-level-exchange-relaxation,-,7.696902001294993,10,0,0.0,0.47460444041639105,0.22123041228265047,0.8215639937988184
finite-two-level-exchange-relaxation,+i,7.696902001294993,10,0,0.0,0.47460444041639105,0.22123041228265047,0.8215639937988184
finite-two-level-exchange-relaxation,-i,7.696902001294993,10,0,0.0,0.47460444041639105,0.22123041228265047,0.8215639937988184
finite-two-level-exchange-relaxation,cube_mmm,7.696902001294993,10,0,0.0,0.48431621441851147,0.2185066113304589,0.7095316752484107
finite-two-level-exchange-relaxation,cube_mmp,7.696902001294993,10,0,0.0,0.3526258833492378,0.1584054852894445,0.667750620397551
finite-two-level-exchange-relaxation,cube_mpm,7.696902001294993,10,0,0.0,0.48431621441851147,0.2185066113304589,0.7095316752484107
finite-two-level-exchange-relaxation,cube_mpp,7.696902001294993,10,0,0.0,0.3526258833492378,0.1584054852894445,0.667750620397551
finite-two-level-exchange-relaxation,cube_pmm,7.696902001294993,10,0,0.0,0.48431621441851147,0.2185066113304589,0.7095316752484107
finite-two-level-exchange-relaxation,cube_pmp,7.696902001294993,10,0,0.0,0.3526258833492378,0.1584054852894445,0.667750620397551
finite-two-level-exchange-relaxation,cube_ppm,7.696902001294993,10,0,0.0,0.48431621441851147,0.2185066113304589,0.7095316752484107
finite-two-level-exchange-relaxation,cube_ppp,7.696902001294993,10,0,0.0,0.3526258833492378,0.1584054852894445,0.667750620397551
finite-two-level-exchange-relaxation,0,7.853981633974483,10,10,1.0,0.0,0.0,0.0
finite-two-level-exchange-relaxation,1,7.853981633974483,10,1,0.1,0.4121320343559642,1.0824674490095276e-15,0.8535533905932736
finite-two-level-exchange-relaxation,+,7.853981633974483,10,0,0.0,0.5004299188255337,0.20487387511189176,0.8344333939071543
finite-two-level-exchange-relaxation,-,7.853981633974483,10,0,0.0,0.5004299188255337,0.20487387511189176,0.8344333939071543
finite-two-level-exchange-relaxation,+i,7.853981633974483,10,0,0.0,0.5004299188255337,0.20487387511189176,0.8344333939071543
finite-two-level-exchange-relaxation,-i,7.853981633974483,10,0,0.0,0.5004299188255337,0.20487387511189176,0.8344333939071543
finite-two-level-exchange-relaxation,cube_mmm,7.853981633974483,10,0,0.0,0.5140571949049398,0.19428777854972126,0.7717007391654471
finite-two-level-exchange-relaxation,cube_mmp,7.853981633974483,10,0,0.0,0.37124941170268616,0.11581887782998943,0.6700261194564906
finite-two-level-exchange-relaxation,cube_mpm,7.853981633974483,10,0,0.0,0.5140571949049398,0.19428777854972126,0.7717007391654471
finite-two-level-exchange-relaxation,cube_mpp,7.853981633974483,10,0,0.0,0.37124941170268616,0.11581887782998943,0.6700261194564906
finite-two-level-exchange-relaxation,cube_pmm,7.853981633974483,10,0,0.0,0.5140571949049398,0.19428777854972126,0.7717007391654471
finite-two-level-exchange-relaxation,cube_pmp,7.853981633974483,10,0,0.0,0.37124941170268616,0.11581887782998943,0.6700261194564906
finite-two-level-exchange-relaxation,cube_ppm,7.853981633974483,10,0,0.0,0.5140571949049398,0.19428777854972126,0.7717007391654471
finite-two-level-exchange-relaxation,cube_ppp,7.853981633974483,10,0,0.0,0.37124941170268616,0.11581887782998943,0.6700261194564906
finite-two-level-exchange-relaxation,0,8.011061266653972,10,10,1.0,0.0,0.0,0.0
finite-two-level-exchange-relaxation,1,8.011061266653972,10,0,0.0,0.4710831909368215,0.15080423398248521,0.9018483403246222
finite-two-level-exchange-relaxation,+,8.011061266653972,10,0,0.0,0.5173672131988851,0.11378679496601704,0.844510228093586
finite-two-level-exchange-relaxation,-,8.011061266653972,10,0,0.0,0.5173672131988851,0.11378679496601704,0.844510228093586
finite-two-level-exchange-relaxation,+i,8.011061266653972,10,0,0.0,0.5173672131988851,0.11378679496601704,0.844510228093586
finite-two-level-exchange-relaxation,-i,8.011061266653972,10,0,0.0,0.5173672131988851,0.11378679496601704,0.844510228093586
finite-two-level-exchange-relaxation,cube_mmm,8.011061266653972,10,0,0.0,0.537053723807664,0.16001879222630502,0.845311052047149
finite-two-level-exchange-relaxation,cube_mmp,8.011061266653972,10,0,0.0,0.38327286429562707,0.06151568315923603,0.6666384307033582
finite-two-level-exchange-relaxation,cube_mpm,8.011061266653972,10,0,0.0,0.537053723807664,0.16001879222630502,0.845311052047149
finite-two-level-exchange-relaxation,cube_mpp,8.011061266653972,10,0,0.0,0.38327286429562707,0.06151568315923603,0.6666384307033582
finite-two-level-exchange-relaxation,cube_pmm,8.011061266653972,10,0,0.0,0.537053723807664,0.16001879222630502,0.845311052047149
finite-two-level-exchange-relaxation,cube_pmp,8.011061266653972,10,0,0.0,0.38327286429562707,0.06151568315923603,0.6666384307033582
finite-two-level-exchange-relaxation,cube_ppm,8.011061266653972,10,0,0.0,0.537053723807664,0.16001879222630502,0.845311052047149
finite-two-level-exchange-relaxation,cube_ppp,8.011061266653972,10,0,0.0,0.38327286429562707,0.06151568315923603,0.6666384307033582
finite-two-level-exchange-relaxation,0,8.168140899333462,10,10,1.0,0.0,0.0,0.0
finite-two-level-exchange-relaxation,1,8.168140899333462,10,0,0.0,0.4916949268007625,0.07101976096010304,0.880036755335051
finite-two-level-exchange-relaxation,+,8.168140899333462,10,0,0.0,0.5215849502538299,0.03995527811933949,0.8483901453575642
finite-two-level-exchange-relaxation,-,8.168140899333462,10,0,0.0,0.5215849502538299,0.03995527811933949,0.8483901453575642
finite-two-level-exchange-relaxation,+i,8.168140899333462,10,0,0.0,0.5215849502538299,0.03995527811933949,0.8483901453575642
finite-two-level-exchange-relaxation,-i,8.168140899333462,10,0,0.0,0.5215849502538299,0.03995527811933949,0.8483901453575642
finite-two-level-exchange-relaxation,cube_mmm,8.168140899333462,10,0,0.0,0.5427181624252662,0.05797360387086899,0.8729057127636107
finite-two-level-exchange-relaxation,cube_mmp,8.168140899333462,10,0,0.0,0.3874494990210461,0.021187159695406403,0.6568204328318678
finite-two-level-exchange-relaxation,cube_mpm,8.168140899333462,10,0,0.0,0.5427181624252662,0.05797360387086899,0.8729057127636107
finite-two-level-exchange-relaxation,cube_mpp,8.168140899333462,10,0,0.0,0.3874494990210461,0.021187159695406403,0.6568204328318678
finite-two-level-exchange-relaxation,cube_pmm,8.168140899333462,10,0,0.0,0.5427181624252662,0.05797360387086899,0.8729057127636107
finite-two-level-exchange-relaxation,cube_pmp,8.168140899333462,10,0,0.0,0.3874494990210461,0.021187159695406403,0.6568204328318678
finite-two-level-exchange-relaxation,cube_ppm,8.168140899333462,10,0,0.0,0.5427181624252662,0.05797360387086899,0.8729057127636107
finite-two-level-exchange-relaxation,cube_ppp,8.168140899333462,10,0,0.0,0.3874494990210461,0.021187159695406403,0.6568204328318678
finite-two-level-exchange-relaxation,0,8.325220532012953,10,10,1.0,0.0,0.0,0.0
finite-two-level-exchange-relaxation,1,8.325220532012953,10,0,0.0,0.46795920773622857,0.004614496568995041,0.7923512930127996
finite-two-level-exchange-relaxation,+,8.325220532012953,10,0,0.0,0.5103695008273548,0.002580578765940269,0.8429024671961517
finite-two-level-exchange-relaxation,-,8.325220532012953,10,0,0.0,0.5103695008273548,0.002580578765940269,0.8429024671961517
finite-two-level-exchange-relaxation,+i,8.325220532012953,10,0,0.0,0.5103695008273548,0.002580578765940269,0.8429024671961517
finite-two-level-exchange-relaxation,-i,8.325220532012953,10,0,0.0,0.5103695008273548,0.002580578765940269,0.8429024671961517
finite-two-level-exchange-relaxation,cube_mmm,8.325220532012953,10,0,0.0,0.5232407440949761,0.003759713766560818,0.8616752376210154
finite-two-level-exchange-relaxation,cube_mmp,8.325220532012953,10,0,0.0,0.3829755530551028,0.0013570535281454531,0.6398791682284721
finite-two-level-exchange-relaxation,cube_mpm,8.325220532012953,10,0,0.0,0.5232407440949761,0.003759713766560818,0.8616752376210154
finite-two-level-exchange-relaxation,cube_mpp,8.325220532012953,10,0,0.0,0.3829755530551028,0.0013570535281454531,0.6398791682284721
finite-two-level-exchange-relaxation,cube_pmm,8.325220532012953,10,0,0.0,0.5232407440949761,0.003759713766560818,0.8616752376210154
finite-two-level-exchange-relaxation,cube_pmp,8.325220532012953,10,0,0.0,0.3829755530551028,0.0013570535281454531,0.6398791682284721
finite-two-level-exchange-relaxation,cube_ppm,8.325220532012953,10,0,0.0,0.5232407440949761,0.003759713766560818,0.8616752376210154
finite-two-level-exchange-relaxation,cube_ppp,8.325220532012953,10,0,0.0,0.3829755530551028,0.0013570535281454531,0.6398791682284721
finite-two-level-exchange-relaxation,0,8.482300164692441,10,10,1.0,0.0,0.0,0.0
finite-two-level-exchange-relaxation,1,8.482300164692441,10,0,0.0,0.45559942018099225,0.018315912149991787,0.7877367964438053
finite-two-level-exchange-relaxation,+,8.482300164692441,10,0,0.0,0.5224222717078216,0.010254839738231953,0.8561021357862619
finite-two-level-exchange-relaxation,-,8.482300164692441,10,0,0.0,0.5224222717078216,0.010254839738231953,0.8561021357862619
finite-two-level-exchange-relaxation,+i,8.482300164692441,10,0,0.0,0.5224222717078216,0.010254839738231953,0.8561021357862619
finite-two-level-exchange-relaxation,-i,8.482300164692441,10,0,0.0,0.5224222717078216,0.010254839738231953,0.8561021357862619
finite-two-level-exchange-relaxation,cube_mmm,8.482300164692441,10,0,0.0,0.5271944281486243,0.014928581331803224,0.8583880502522675
finite-two-level-exchange-relaxation,cube_mmp,8.482300164692441,10,0,0.0,0.3946432379117654,0.005401603723978831,0.6613014599070433
finite-two-level-exchange-relaxation,cube_mpm,8.482300164692441,10,0,0.0,0.5271944281486243,0.014928581331803224,0.8583880502522675
finite-two-level-exchange-relaxation,cube_mpp,8.482300164692441,10,0,0.0,0.3946432379117654,0.005401603723978831,0.6613014599070433
finite-two-level-exchange-relaxation,cube_pmm,8.482300164692441,10,0,0.0,0.5271944281486243,0.014928581331803224,0.8583880502522675
finite-two-level-exchange-relaxation,cube_pmp,8.482300164692441,10,0,0.0,0.3946432379117654,0.005401603723978831,0.6613014599070433
finite-two-level-exchange-relaxation,cube_ppm,8.482300164692441,10,0,0.0,0.5271944281486243,0.014928581331803224,0.8583880502522675
finite-two-level-exchange-relaxation,cube_ppp,8.482300164692441,10,0,0.0,0.3946432379117654,0.005401603723978831,0.6613014599070433
finite-two-level-exchange-relaxation,0,8.63937979737193,10,10,1.0,0.0,0.0,0.0
finite-two-level-exchange-relaxation,1,8.63937979737193,10,0,0.0,0.43517628409473064,0.1083863756623687,0.8154931568489165
finite-two-level-exchange-relaxation,+,8.63937979737193,10,0,0.0,0.5411346622574016,0.06120839520107819,0.8749811368289754
finite-two-level-exchange-relaxation,-,8.63937979737193,10,0,0.0,0.5411346622574016,0.06120839520107819,0.8749811368289754
finite-two-level-exchange-relaxation,+i,8.63937979737193,10,0,0.0,0.5411346622574016,0.06120839520107819,0.8749811368289754
finite-two-level-exchange-relaxation,-i,8.63937979737193,10,0,0.0,0.5411346622574016,0.06120839520107819,0.8749811368289754
finite-two-level-exchange-relaxation,cube_mmm,8.63937979737193,10,0,0.0,0.5383071659558196,0.08858228585551456,0.8505850220938648
finite-two-level-exchange-relaxation,cube_mmp,8.63937979737193,10,0,0.0,0.4096775412400884,0.0326241878541333,0.69595939141643
finite-two-level-exchange-relaxation,cube_mpm,8.63937979737193,10,0,0.0,0.5383071659558196,0.08858228585551456,0.8505850220938648
finite-two-level-exchange-relaxation,cube_mpp,8.63937979737193,10,0,0.0,0.4096775412400884,0.0326241878541333,0.69595939141643
finite-two-level-exchange-relaxation,cube_pmm,8.63937979737193,10,0,0.0,0.5383071659558196,0.08858228585551456,0.8505850220938648
finite-two-level-exchange-relaxation,cube_pmp,8.63937979737193,10,0,0.0,0.4096775412400884,0.0326241878541333,0.69595939141643
finite-two-level-exchange-relaxation,cube_ppm,8.63937979737193,10,0,0.0,0.5383071659558196,0.08858228585551456,0.8505850220938648
finite-two-level-exchange-relaxation,cube_ppp,8.63937979737193,10,0,0.0,0.4096775412400884,0.0326241878541333,0.69595939141643
finite-two-level-exchange-relaxation,0,8.79645943005142,10,10,1.0,0.0,0.0,0.0
finite-two-level-exchange-relaxation,1,8.79645943005142,10,1,0.1,0.3854101966249687,6.661338147750939e-16,0.8090169943749478
finite-two-level-exchange-relaxation,+,8.79645943005142,10,0,0.0,0.5501520097149666,0.14376649973769998,0.8888698952831305
finite-two-level-exchange-relaxation,-,8.79645943005142,10,0,0.0,0.5501520097149666,0.14376649973769998,0.8888698952831305
finite-two-level-exchange-relaxation,+i,8.79645943005142,10,0,0.0,0.5501520097149666,0.14376649973769998,0.8888698952831305
finite-two-level-exchange-relaxation,-i,8.79645943005142,10,0,0.0,0.5501520097149666,0.14376649973769998,0.8888698952831305
finite-two-level-exchange-relaxation,cube_mmm,8.79645943005142,10,0,0.0,0.5426425850110244,0.2055190182847541,0.8195978910195006
finite-two-level-exchange-relaxation,cube_mmp,8.79645943005142,10,0,0.0,0.41590330516500335,0.07844536348553444,0.7204865933855074
finite-two-level-exchange-relaxation,cube_mpm,8.79645943005142,10,0,0.0,0.5426425850110244,0.2055190182847541,0.8195978910195006
finite-two-level-exchange-relaxation,cube_mpp,8.79645943005142,10,0,0.0,0.41590330516500335,0.07844536348553444,0.7204865933855074
finite-two-level-exchange-relaxation,cube_pmm,8.79645943005142,10,0,0.0,0.5426425850110244,0.2055190182847541,0.8195978910195006
finite-two-level-exchange-relaxation,cube_pmp,8.79645943005142,10,0,0.0,0.41590330516500335,0.07844536348553444,0.7204865933855074
finite-two-level-exchange-relaxation,cube_ppm,8.79645943005142,10,0,0.0,0.5426425850110244,0.2055190182847541,0.8195978910195006
finite-two-level-exchange-relaxation,cube_ppp,8.79645943005142,10,0,0.0,0.41590330516500335,0.07844536348553444,0.7204865933855074
finite-two-level-exchange-relaxation,0,8.953539062730911,10,10,1.0,0.0,0.0,0.0
finite-two-level-exchange-relaxation,1,8.953539062730911,10,0,0.0,0.390213976118548,0.030831398018854983,0.7702272862592754
finite-two-level-exchange-relaxation,+,8.953539062730911,10,0,0.0,0.5522007355315914,0.23941847479563663,0.8997069260272591
finite-two-level-exchange-relaxation,-,8.953539062730911,10,0,0.0,0.5522007355315914,0.23941847479563663,0.8997069260272591
finite-two-level-exchange-relaxation,+i,8.953539062730911,10,0,0.0,0.5522007355315914,0.23941847479563663,0.8997069260272591
finite-two-level-exchange-relaxation,-i,8.953539062730911,10,0,0.0,0.5522007355315914,0.23941847479563663,0.8997069260272591
finite-two-level-exchange-relaxation,cube_mmm,8.953539062730911,10,0,0.0,0.5512374254214085,0.30335542839977886,0.7656439339451784
finite-two-level-exchange-relaxation,cube_mmp,8.953539062730911,10,0,0.0,0.4138312589868942,0.1356637034807335,0.734528685813029
finite-two-level-exchange-relaxation,cube_mpm,8.953539062730911,10,0,0.0,0.5512374254214085,0.30335542839977886,0.7656439339451784
finite-two-level-exchange-relaxation,cube_mpp,8.953539062730911,10,0,0.0,0.4138312589868942,0.1356637034807335,0.734528685813029
finite-two-level-exchange-relaxation,cube_pmm,8.953539062730911,10,0,0.0,0.5512374254214085,0.30335542839977886,0.7656439339451784
finite-two-level-exchange-relaxation,cube_pmp,8.953539062730911,10,0,0.0,0.4138312589868942,0.1356637034807335,0.734528685813029
finite-two-level-exchange-relaxation,cube_ppm,8.953539062730911,10,0,0.0,0.5512374254214085,0.30335542839977886,0.7656439339451784
finite-two-level-exchange-relaxation,cube_ppp,8.953539062730911,10,0,0.0,0.4138312589868942,0.1356637034807335,0.734528685813029
finite-two-level-exchange-relaxation,0,9.1106186954104,10,10,1.0,0.0,0.0,0.0
finite-two-level-exchange-relaxation,1,9.1106186954104,10,0,0.0,0.45619227733722195,0.17751324731769935,0.8800367553350501
finite-two-level-exchange-relaxation,+,9.1106186954104,10,0,0.0,0.5474498359956431,0.2846013870617552,0.9062053670055122
finite-two-level-exchange-relaxation,-,9.1106186954104,10,0,0.0,0.5474498359956431,0.2846013870617552,0.9062053670055122
finite-two-level-exchange-relaxation,+i,9.1106186954104,10,0,0.0,0.5474498359956431,0.2846013870617552,0.9062053670055122
finite-two-level-exchange-relaxation,-i,9.1106186954104,10,0,0.0,0.5474498359956431,0.2846013870617552,0.9062053670055122
finite-two-level-exchange-relaxation,cube_mmm,9.1106186954104,10,0,0.0,0.5643526211265529,0.28744408219709894,0.7952481404233706
finite-two-level-exchange-relaxation,cube_mmp,9.1106186954104,10,0,0.0,0.40374080403421875,0.15989908037637207,0.737310998401967
finite-two-level-exchange-relaxation,cube_mpm,9.1106186954104,10,0,0.0,0.5643526211265529,0.28744408219709894,0.7952481404233706
finite-two-level-exchange-relaxation,cube_mpp,9.1106186954104,10,0,0.0,0.40374080403421875,0.15989908037637207,0.737310998401967
finite-two-level-exchange-relaxation,cube_pmm,9.1106186954104,10,0,0.0,0.5643526211265529,0.28744408219709894,0.7952481404233706
finite-two-level-exchange-relaxation,cube_pmp,9.1106186954104,10,0,0.0,0.40374080403421875,0.15989908037637207,0.737310998401967
finite-two-level-exchange-relaxation,cube_ppm,9.1106186954104,10,0,0.0,0.5643526211265529,0.28744408219709894,0.7952481404233706
finite-two-level-exchange-relaxation,cube_ppp,9.1106186954104,10,0,0.0,0.40374080403421875,0.15989908037637207,0.737310998401967
finite-two-level-exchange-relaxation,0,9.267698328089889,10,10,1.0,0.0,0.0,0.0
finite-two-level-exchange-relaxation,1,9.267698328089889,10,0,0.0,0.5001941601824853,0.048340908203385935,0.9693724284451448
finite-two-level-exchange-relaxation,+,9.267698328089889,10,0,0.0,0.532657888343331,0.1578141591510099,0.9044734841618578
finite-two-level-exchange-relaxation,-,9.267698328089889,10,0,0.0,0.532657888343331,0.1578141591510099,0.9044734841618578
finite-two-level-exchange-relaxation,+i,9.267698328089889,10,0,0.0,0.532657888343331,0.1578141591510099,0.9044734841618578
finite-two-level-exchange-relaxation,-i,9.267698328089889,10,0,0.0,0.532657888343331,0.1578141591510099,0.9044734841618578
finite-two-level-exchange-relaxation,cube_mmm,9.267698328089889,10,0,0.0,0.5696146016673171,0.1329195309378882,0.8810091487277498
finite-two-level-exchange-relaxation,cube_mmp,9.267698328089889,10,0,0.0,0.3855486467798059,0.12774358901832053,0.7277870405059732
finite-two-level-exchange-relaxation,cube_mpm,9.267698328089889,10,0,0.0,0.5696146016673171,0.1329195309378882,0.8810091487277498
finite-two-level-exchange-relaxation,cube_mpp,9.267698328089889,10,0,0.0,0.3855486467798059,0.12774358901832053,0.7277870405059732
finite-two-level-exchange-relaxation,cube_pmm,9.267698328089889,10,0,0.0,0.5696146016673171,0.1329195309378882,0.8810091487277498
finite-two-level-exchange-relaxation,cube_pmp,9.267698328089889,10,0,0.0,0.3855486467798059,0.12774358901832053,0.7277870405059732
finite-two-level-exchange-relaxation,cube_ppm,9.267698328089889,10,0,0.0,0.5696146016673171,0.1329195309378882,0.8810091487277498
finite-two-level-exchange-relaxation,cube_ppp,9.267698328089889,10,0,0.0,0.3855486467798059,0.12774358901832053,0.7277870405059732
finite-two-level-exchange-relaxation,0,9.42477796076938,10,10,1.0,0.0,0.0,0.0
finite-two-level-exchange-relaxation,1,9.42477796076938,10,2,0.2,0.5000000000000002,0.0,1.0000000000000007
finite-two-level-exchange-relaxation,+,9.42477796076938,10,1,0.1,0.5032518386719651,0.0,0.8894118228319623
finite-two-level-exchange-relaxation,-,9.42477796076938,10,1,0.1,0.5032518386719651,0.0,0.8894118228319623
finite-two-level-exchange-relaxation,+i,9.42477796076938,10,1,0.1,0.5032518386719651,0.0,0.8894118228319623
finite-two-level-exchange-relaxation,-i,9.42477796076938,10,1,0.1,0.5032518386719651,0.0,0.8894118228319623
finite-two-level-exchange-relaxation,cube_mmm,9.42477796076938,10,1,0.1,0.552114985950675,0.0,0.8880738339771157
finite-two-level-exchange-relaxation,cube_mmp,9.42477796076938,10,1,0.1,0.3590829148066549,0.0,0.7048877996391668
finite-two-level-exchange-relaxation,cube_mpm,9.42477796076938,10,1,0.1,0.552114985950675,0.0,0.8880738339771157
finite-two-level-exchange-relaxation,cube_mpp,9.42477796076938,10,1,0.1,0.3590829148066549,0.0,0.7048877996391668
finite-two-level-exchange-relaxation,cube_pmm,9.42477796076938,10,1,0.1,0.552114985950675,0.0,0.8880738339771157
finite-two-level-exchange-relaxation,cube_pmp,9.42477796076938,10,1,0.1,0.3590829148066549,0.0,0.7048877996391668
finite-two-level-exchange-relaxation,cube_ppm,9.42477796076938,10,1,0.1,0.552114985950675,0.0,0.8880738339771157
finite-two-level-exchange-relaxation,cube_ppp,9.42477796076938,10,1,0.1,0.3590829148066549,0.0,0.7048877996391668
finite-two-level-exchange-relaxation,0,9.58185759344887,10,10,1.0,0.0,0.0,0.0
finite-two-level-exchange-relaxation,1,9.58185759344887,10,0,0.0,0.4846955333696795,0.04834090820338405,0.9693724284451452
finite-two-level-exchange-relaxation,+,9.58185759344887,10,0,0.0,0.4884166201790836,0.15781415915100816,0.8562287228265312
finite-two-level-exchange-relaxation,-,9.58185759344887,10,0,0.0,0.4884166201790836,0.15781415915100816,0.8562287228265312
finite-two-level-exchange-relaxation,+i,9.58185759344887,10,0,0.0,0.4884166201790836,0.15781415915100816,0.8562287228265312
finite-two-level-exchange-relaxation,-i,9.58185759344887,10,0,0.0,0.4884166201790836,0.15781415915100816,0.8562287228265312
finite-two-level-exchange-relaxation,cube_mmm,9.58185759344887,10,0,0.0,0.5305789476068741,0.13291953093788653,0.8797362010429223
finite-two-level-exchange-relaxation,cube_mmp,9.58185759344887,10,0,0.0,0.35016448338399864,0.12774358901831917,0.6677993088000701
finite-two-level-exchange-relaxation,cube_mpm,9.58185759344887,10,0,0.0,0.5305789476068741,0.13291953093788653,0.8797362010429223
finite-two-level-exchange-relaxation,cube_mpp,9.58185759344887,10,0,0.0,0.35016448338399864,0.12774358901831917,0.6677993088000701
finite-two-level-exchange-relaxation,cube_pmm,9.58185759344887,10,0,0.0,0.5305789476068741,0.13291953093788653,0.8797362010429223
finite-two-level-exchange-relaxation,cube_pmp,9.58185759344887,10,0,0.0,0.35016448338399864,0.12774358901831917,0.6677993088000701
finite-two-level-exchange-relaxation,cube_ppm,9.58185759344887,10,0,0.0,0.5305789476068741,0.13291953093788653,0.8797362010429223
finite-two-level-exchange-relaxation,cube_ppp,9.58185759344887,10,0,0.0,0.35016448338399864,0.12774358901831917,0.6677993088000701
finite-two-level-exchange-relaxation,0,9.738937226128359,10,10,1.0,0.0,0.0,0.0
finite-two-level-exchange-relaxation,1,9.738937226128359,10,0,0.0,0.4264366738672904,0.0668973762764622,0.8800367553350502
finite-two-level-exchange-relaxation,+,9.738937226128359,10,0,0.0,0.45914104208167544,0.18895344789033205,0.8015861711820161
finite-two-level-exchange-relaxation,-,9.738937226128359,10,0,0.0,0.45914104208167544,0.18895344789033205,0.8015861711820161
finite-two-level-exchange-relaxation,+i,9.738937226128359,10,0,0.0,0.45914104208167544,0.18895344789033205,0.8015861711820161
finite-two-level-exchange-relaxation,-i,9.738937226128359,10,0,0.0,0.45914104208167544,0.18895344789033205,0.8015861711820161
finite-two-level-exchange-relaxation,cube_mmm,9.738937226128359,10,0,0.0,0.487185083680699,0.24648417404860476,0.8283394883994735
finite-two-level-exchange-relaxation,cube_mmp,9.738937226128359,10,0,0.0,0.3337062731271482,0.1039832585571577,0.6162009826605771
finite-two-level-exchange-relaxation,cube_mpm,9.738937226128359,10,0,0.0,0.487185083680699,0.24648417404860476,0.8283394883994735
finite-two-level-exchange-relaxation,cube_mpp,9.738937226128359,10,0,0.0,0.3337062731271482,0.1039832585571577,0.6162009826605771
finite-two-level-exchange-relaxation,cube_pmm,9.738937226128359,10,0,0.0,0.487185083680699,0.24648417404860476,0.8283394883994735
finite-two-level-exchange-relaxation,cube_pmp,9.738937226128359,10,0,0.0,0.3337062731271482,0.1039832585571577,0.6162009826605771
finite-two-level-exchange-relaxation,cube_ppm,9.738937226128359,10,0,0.0,0.487185083680699,0.24648417404860476,0.8283394883994735
finite-two-level-exchange-relaxation,cube_ppp,9.738937226128359,10,0,0.0,0.3337062731271482,0.1039832585571577,0.6162009826605771
finite-two-level-exchange-relaxation,0,9.896016858807847,10,10,1.0,0.0,0.0,0.0
finite-two-level-exchange-relaxation,1,9.896016858807847,10,0,0.0,0.38404769651477727,0.12077923792909323,0.7393958882404215
finite-two-level-exchange-relaxation,+,9.896016858807847,10,0,0.0,0.42006228184917366,0.10314974462867202,0.7242085813398708
finite-two-level-exchange-relaxation,-,9.896016858807847,10,0,0.0,0.42006228184917366,0.10314974462867202,0.7242085813398708
finite-two-level-exchange-relaxation,+i,9.896016858807847,10,0,0.0,0.42006228184917366,0.10314974462867202,0.7242085813398708
finite-two-level-exchange-relaxation,-i,9.896016858807847,10,0,0.0,0.42006228184917366,0.10314974462867202,0.7242085813398708
finite-two-level-exchange-relaxation,cube_mmm,9.896016858807847,10,0,0.0,0.43569860253367726,0.121618336968943,0.7421508899377202
finite-two-level-exchange-relaxation,cube_mmp,9.896016858807847,10,0,0.0,0.310819058158583,0.057127048487176126,0.5504189725140346
finite-two-level-exchange-relaxation,cube_mpm,9.896016858807847,10,0,0.0,0.43569860253367726,0.121618336968943,0.7421508899377202
finite-two-level-exchange-relaxation,cube_mpp,9.896016858807847,10,0,0.0,0.310819058158583,0.057127048487176126,0.5504189725140346
finite-two-level-exchange-relaxation,cube_pmm,9.896016858807847,10,0,0.0,0.43569860253367726,0.121618336968943,0.7421508899377202
finite-two-level-exchange-relaxation,cube_pmp,9.896016858807847,10,0,0.0,0.310819058158583,0.057127048487176126,0.5504189725140346
finite-two-level-exchange-relaxation,cube_ppm,9.896016858807847,10,0,0.0,0.43569860253367726,0.121618336968943,0.7421508899377202
finite-two-level-exchange-relaxation,cube_ppp,9.896016858807847,10,0,0.0,0.310819058158583,0.057127048487176126,0.5504189725140346
finite-two-level-exchange-relaxation,0,10.053096491487338,10,10,1.0,0.0,0.0,0.0
finite-two-level-exchange-relaxation,1,10.053096491487338,10,4,0.4,0.335410196624969,2.220446049250313e-16,0.5590169943749488
finite-two-level-exchange-relaxation,+,10.053096491487338,10,4,0.4,0.3750000000000001,1.5700924586837752e-16,0.6250000000000003
finite-two-level-exchange-relaxation,-,10.053096491487338,10,4,0.4,0.3750000000000001,1.5700924586837752e-16,0.6250000000000003
finite-two-level-exchange-relaxation,+i,10.053096491487338,10,4,0.4,0.3750000000000001,1.5700924586837752e-16,0.6250000000000003
finite-two-level-exchange-relaxation,-i,10.053096491487338,10,4,0.4,0.3750000000000001,1.5700924586837752e-16,0.6250000000000003
finite-two-level-exchange-relaxation,cube_mmm,10.053096491487338,10,4,0.4,0.38075707825583066,2.5133742693021536e-16,0.6345951304263846
finite-two-level-exchange-relaxation,cube_mmp,10.053096491487338,10,4,0.4,0.28288521940547484,1.1775693440128312e-16,0.47147536567579157
finite-two-level-exchange-relaxation,cube_mpm,10.053096491487338,10,4,0.4,0.38075707825583066,2.5133742693021536e-16,0.6345951304263846
finite-two-level-exchange-relaxation,cube_mpp,10.053096491487338,10,4,0.4,0.28288521940547484,1.1775693440128312e-16,0.47147536567579157
finite-two-level-exchange-relaxation,cube_pmm,10.053096491487338,10,4,0.4,0.38075707825583066,2.5133742693021536e-16,0.6345951304263846
finite-two-level-exchange-relaxation,cube_pmp,10.053096491487338,10,4,0.4,0.28288521940547484,1.1775693440128312e-16,0.47147536567579157
finite-two-level-exchange-relaxation,cube_ppm,10.053096491487338,10,4,0.4,0.38075707825583066,2.5133742693021536e-16,0.6345951304263846
finite-two-level-exchange-relaxation,cube_ppp,10.053096491487338,10,4,0.4,0.28288521940547484,1.1775693440128312e-16,0.47147536567579157
finite-two-level-exchange-relaxation,0,10.210176124166829,10,10,1.0,0.0,0.0,0.0
finite-two-level-exchange-relaxation,1,10.210176124166829,10,0,0.0,0.4351762840947308,0.10838637566237042,0.8154931568489179
finite-two-level-exchange-relaxation,+,10.210176124166829,10,0,0.0,0.43117029270635127,0.0933437473376208,0.7428167306251503
finite-two-level-exchange-relaxation,-,10.210176124166829,10,0,0.0,0.43117029270635127,0.0933437473376208,0.7428167306251503
finite-two-level-exchange-relaxation,+i,10.210176124166829,10,0,0.0,0.43117029270635127,0.0933437473376208,0.7428167306251503
finite-two-level-exchange-relaxation,-i,10.210176124166829,10,0,0.0,0.43117029270635127,0.0933437473376208,0.7428167306251503
finite-two-level-exchange-relaxation,cube_mmm,10.210176124166829,10,0,0.0,0.46238039927247937,0.11477066924348643,0.7888827419738976
finite-two-level-exchange-relaxation,cube_mmp,10.210176124166829,10,0,0.0,0.31361071395811896,0.050973915866870625,0.5539376284688424
finite-two-level-exchange-relaxation,cube_mpm,10.210176124166829,10,0,0.0,0.46238039927247937,0.11477066924348643,0.7888827419738976
finite-two-level-exchange-relaxation,cube_mpp,10.210176124166829,10,0,0.0,0.31361071395811896,0.050973915866870625,0.5539376284688424
finite-two-level-exchange-relaxation,cube_pmm,10.210176124166829,10,0,0.0,0.46238039927247937,0.11477066924348643,0.7888827419738976
finite-two-level-exchange-relaxation,cube_pmp,10.210176124166829,10,0,0.0,0.31361071395811896,0.050973915866870625,0.5539376284688424
finite-two-level-exchange-relaxation,cube_ppm,10.210176124166829,10,0,0.0,0.46238039927247937,0.11477066924348643,0.7888827419738976
finite-two-level-exchange-relaxation,cube_ppp,10.210176124166829,10,0,0.0,0.31361071395811896,0.050973915866870625,0.5539376284688424
finite-two-level-exchange-relaxation,0,10.367255756846317,10,10,1.0,0.0,0.0,0.0
finite-two-level-exchange-relaxation,1,10.367255756846317,10,0,0.0,0.49192654658125995,0.13938412895876245,0.9693724284451448
finite-two-level-exchange-relaxation,+,10.367255756846317,10,0,0.0,0.4688481771761235,0.14142724817874266,0.8170750234611616
finite-two-level-exchange-relaxation,-,10.367255756846317,10,0,0.0,0.4688481771761235,0.14142724817874266,0.8170750234611616
finite-two-level-exchange-relaxation,+i,10.367255756846317,10,0,0.0,0.4688481771761235,0.14142724817874266,0.8170750234611616
finite-two-level-exchange-relaxation,-i,10.367255756846317,10,0,0.0,0.4688481771761235,0.14142724817874266,0.8170750234611616
finite-two-level-exchange-relaxation,cube_mmm,10.367255756846317,10,0,0.0,0.5169430620543297,0.20361801376318012,0.8797362010429219
finite-two-level-exchange-relaxation,cube_mmp,10.367255756846317,10,0,0.0,0.33341590212627786,0.07614555300360232,0.6106098150486535
finite-two-level-exchange-relaxation,cube_mpm,10.367255756846317,10,0,0.0,0.5169430620543297,0.20361801376318012,0.8797362010429219
finite-two-level-exchange-relaxation,cube_mpp,10.367255756846317,10,0,0.0,0.33341590212627786,0.07614555300360232,0.6106098150486535
finite-two-level-exchange-relaxation,cube_pmm,10.367255756846317,10,0,0.0,0.5169430620543297,0.20361801376318012,0.8797362010429219
finite-two-level-exchange-relaxation,cube_pmp,10.367255756846317,10,0,0.0,0.33341590212627786,0.07614555300360232,0.6106098150486535
finite-two-level-exchange-relaxation,cube_ppm,10.367255756846317,10,0,0.0,0.5169430620543297,0.20361801376318012,0.8797362010429219
finite-two-level-exchange-relaxation,cube_ppp,10.367255756846317,10,0,0.0,0.33341590212627786,0.07614555300360232,0.6106098150486535
finite-two-level-exchange-relaxation,0,10.524335389525806,10,10,1.0,0.0,0.0,0.0
finite-two-level-exchange-relaxation,1,10.524335389525806,10,0,0.0,0.5079495165664948,0.06689737627646142,0.9923028371641323
finite-two-level-exchange-relaxation,+,10.524335389525806,10,0,0.0,0.48235868120624836,0.13189109941875263,0.8408677277263948
finite-two-level-exchange-relaxation,-,10.524335389525806,10,0,0.0,0.48235868120624836,0.13189109941875263,0.8408677277263948
finite-two-level-exchange-relaxation,+i,10.524335389525806,10,0,0.0,0.48235868120624836,0.13189109941875263,0.8408677277263948
finite-two-level-exchange-relaxation,-i,10.524335389525806,10,0,0.0,0.48235868120624836,0.13189109941875263,0.8408677277263948
finite-two-level-exchange-relaxation,cube_mmm,10.524335389525806,10,0,0.0,0.5362384490375625,0.19034444238069076,0.8748264050662062
finite-two-level-exchange-relaxation,cube_mmp,10.524335389525806,10,0,0.0,0.3402489245718571,0.07068335514469526,0.638729678115959
finite-two-level-exchange-relaxation,cube_mpm,10.524335389525806,10,0,0.0,0.5362384490375625,0.19034444238069076,0.8748264050662062
finite-two-level-exchange-relaxation,cube_mpp,10.524335389525806,10,0,0.0,0.3402489245718571,0.07068335514469526,0.638729678115959
finite-two-level-exchange-relaxation,cube_pmm,10.524335389525806,10,0,0.0,0.5362384490375625,0.19034444238069076,0.8748264050662062
finite-two-level-exchange-relaxation,cube_pmp,10.524335389525806,10,0,0.0,0.3402489245718571,0.07068335514469526,0.638729678115959
finite-two-level-exchange-relaxation,cube_ppm,10.524335389525806,10,0,0.0,0.5362384490375625,0.19034444238069076,0.8748264050662062
finite-two-level-exchange-relaxation,cube_ppp,10.524335389525806,10,0,0.0,0.3402489245718571,0.07068335514469526,0.638729678115959
finite-two-level-exchange-relaxation,0,10.681415022205297,10,10,1.0,0.0,0.0,0.0
finite-two-level-exchange-relaxation,1,10.681415022205297,10,0,0.0,0.49169492680076277,0.07101976096010432,0.8800367553350522
finite-two-level-exchange-relaxation,+,10.681415022205297,10,0,0.0,0.4704790041848336,0.06293225023435349,0.818616819511714
finite-two-level-exchange-relaxation,-,10.681415022205297,10,0,0.0,0.4704790041848336,0.06293225023435349,0.818616819511714
finite-two-level-exchange-relaxation,+i,10.681415022205297,10,0,0.0,0.4704790041848336,0.06293225023435349,0.818616819511714
finite-two-level-exchange-relaxation,-i,10.681415022205297,10,0,0.0,0.4704790041848336,0.06293225023435349,0.818616819511714
finite-two-level-exchange-relaxation,cube_mmm,10.681415022205297,10,0,0.0,0.5185551530346479,0.08377068916720876,0.7674959137909876
finite-two-level-exchange-relaxation,cube_mmp,10.681415022205297,10,0,0.0,0.33372180090775555,0.03387376882238707,0.6392401884769948
finite-two-level-exchange-relaxation,cube_mpm,10.681415022205297,10,0,0.0,0.5185551530346479,0.08377068916720876,0.7674959137909876
finite-two-level-exchange-relaxation,cube_mpp,10.681415022205297,10,0,0.0,0.33372180090775555,0.03387376882238707,0.6392401884769948
finite-two-level-exchange-relaxation,cube_pmm,10.681415022205297,10,0,0.0,0.5185551530346479,0.08377068916720876,0.7674959137909876
finite-two-level-exchange-relaxation,cube_pmp,10.681415022205297,10,0,0.0,0.33372180090775555,0.03387376882238707,0.6392401884769948
finite-two-level-exchange-relaxation,cube_ppm,10.681415022205297,10,0,0.0,0.5185551530346479,0.08377068916720876,0.7674959137909876
finite-two-level-exchange-relaxation,cube_ppp,10.681415022205297,10,0,0.0,0.33372180090775555,0.03387376882238707,0.6392401884769948
finite-two-level-exchange-relaxation,0,10.838494654884787,10,10,1.0,0.0,0.0,0.0
finite-two-level-exchange-relaxation,1,10.838494654884787,10,0,0.0,0.4507639793344308,0.049208175970530954,0.8002522823126683
finite-two-level-exchange-relaxation,+,10.838494654884787,10,0,0.0,0.46040743479775703,0.056194967269325845,0.8044333520674948
finite-two-level-exchange-relaxation,-,10.838494654884787,10,0,0.0,0.46040743479775703,0.056194967269325845,0.8044333520674948
finite-two-level-exchange-relaxation,+i,10.838494654884787,10,0,0.0,0.46040743479775703,0.056194967269325845,0.8044333520674948
finite-two-level-exchange-relaxation,-i,10.838494654884787,10,0,0.0,0.46040743479775703,0.056194967269325845,0.8044333520674948
finite-two-level-exchange-relaxation,cube_mmm,10.838494654884787,10,0,0.0,0.4969388421832246,0.060914326112668074,0.7108718081803401
finite-two-level-exchange-relaxation,cube_mmp,10.838494654884787,10,0,0.0,0.330967332594997,0.030658722447892334,0.6415599595300194
finite-two-level-exchange-relaxation,cube_mpm,10.838494654884787,10,0,0.0,0.4969388421832246,0.060914326112668074,0.7108718081803401
finite-two-level-exchange-relaxation,cube_mpp,10.838494654884787,10,0,0.0,0.330967332594997,0.030658722447892334,0.6415599595300194
finite-two-level-exchange-relaxation,cube_pmm,10.838494654884787,10,0,0.0,0.4969388421832246,0.060914326112668074,0.7108718081803401
finite-two-level-exchange-relaxation,cube_pmp,10.838494654884787,10,0,0.0,0.330967332594997,0.030658722447892334,0.6415599595300194
finite-two-level-exchange-relaxation,cube_ppm,10.838494654884787,10,0,0.0,0.4969388421832246,0.060914326112668074,0.7108718081803401
finite-two-level-exchange-relaxation,cube_ppp,10.838494654884787,10,0,0.0,0.330967332594997,0.030658722447892334,0.6415599595300194
finite-two-level-exchange-relaxation,0,10.995574287564276,10,10,1.0,0.0,0.0,0.0
finite-two-level-exchange-relaxation,1,10.995574287564276,10,1,0.1,0.412132034355964,7.216449660063518e-16,0.8535533905932731
finite-two-level-exchange-relaxation,+,10.995574287564276,10,0,0.0,0.4706705216149293,0.2048738751118913,0.834433393907154
finite-two-level-exchange-relaxation,-,10.995574287564276,10,0,0.0,0.4706705216149293,0.2048738751118913,0.834433393907154
finite-two-level-exchange-relaxation,+i,10.995574287564276,10,0,0.0,0.4706705216149293,0.2048738751118913,0.834433393907154
finite-two-level-exchange-relaxation,-i,10.995574287564276,10,0,0.0,0.4706705216149293,0.2048738751118913,0.834433393907154
finite-two-level-exchange-relaxation,cube_mmm,10.995574287564276,10,0,0.0,0.49687209997755366,0.19428777854972076,0.7716380477393464
finite-two-level-exchange-relaxation,cube_mmp,10.995574287564276,10,0,0.0,0.34252860066810953,0.11581887782998886,0.6700261194564904
finite-two-level-exchange-relaxation,cube_mpm,10.995574287564276,10,0,0.0,0.49687209997755366,0.19428777854972076,0.7716380477393464
finite-two-level-exchange-relaxation,cube_mpp,10.995574287564276,10,0,0.0,0.34252860066810953,0.11581887782998886,0.6700261194564904
finite-two-level-exchange-relaxation,cube_pmm,10.995574287564276,10,0,0.0,0.49687209997755366,0.19428777854972076,0.7716380477393464
finite-two-level-exchange-relaxation,cube_pmp,10.995574287564276,10,0,0.0,0.34252860066810953,0.11581887782998886,0.6700261194564904
finite-two-level-exchange-relaxation,cube_ppm,10.995574287564276,10,0,0.0,0.49687209997755366,0.19428777854972076,0.7716380477393464
finite-two-level-exchange-relaxation,cube_ppp,10.995574287564276,10,0,0.0,0.34252860066810953,0.11581887782998886,0.6700261194564904
finite-two-level-exchange-relaxation,0,11.152653920243765,10,10,1.0,0.0,0.0,0.0
finite-two-level-exchange-relaxation,1,11.152653920243765,10,0,0.0,0.410185799354655,0.03425403248820588,0.8557312409475926
finite-two-level-exchange-relaxation,+,11.152653920243765,10,0,0.0,0.4758576013536163,0.024088440018956905,0.862616395930381
finite-two-level-exchange-relaxation,-,11.152653920243765,10,0,0.0,0.4758576013536163,0.024088440018956905,0.862616395930381
finite-two-level-exchange-relaxation,+i,11.152653920243765,10,0,0.0,0.4758576013536163,0.024088440018956905,0.862616395930381
finite-two-level-exchange-relaxation,-i,11.152653920243765,10,0,0.0,0.4758576013536163,0.024088440018956905,0.862616395930381
finite-two-level-exchange-relaxation,cube_mmm,11.152653920243765,10,0,0.0,0.49254614736196645,0.030349719457817188,0.8094336208963814
finite-two-level-exchange-relaxation,cube_mmp,11.152653920243765,10,0,0.0,0.34998738107329996,0.015610190030724438,0.6963797485025757
finite-two-level-exchange-relaxation,cube_mpm,11.152653920243765,10,0,0.0,0.49254614736196645,0.030349719457817188,0.8094336208963814
finite-two-level-exchange-relaxation,cube_mpp,11.152653920243765,10,0,0.0,0.34998738107329996,0.015610190030724438,0.6963797485025757
finite-two-level-exchange-relaxation,cube_pmm,11.152653920243765,10,0,0.0,0.49254614736196645,0.030349719457817188,0.8094336208963814
finite-two-level-exchange-relaxation,cube_pmp,11.152653920243765,10,0,0.0,0.34998738107329996,0.015610190030724438,0.6963797485025757
finite-two-level-exchange-relaxation,cube_ppm,11.152653920243765,10,0,0.0,0.49254614736196645,0.030349719457817188,0.8094336208963814
finite-two-level-exchange-relaxation,cube_ppp,11.152653920243765,10,0,0.0,0.34998738107329996,0.015610190030724438,0.6963797485025757
finite-two-level-exchange-relaxation,0,11.309733552923255,10,10,1.0,0.0,0.0,0.0
finite-two-level-exchange-relaxation,1,11.309733552923255,10,1,0.1,0.4354101966249682,2.7755575615628914e-16,0.8090169943749471
finite-two-level-exchange-relaxation,+,11.309733552923255,10,0,0.0,0.5164364850057194,0.18722429170808078,0.8888698952831304
finite-two-level-exchange-relaxation,-,11.309733552923255,10,0,0.0,0.5164364850057194,0.18722429170808078,0.8888698952831304
finite-two-level-exchange-relaxation,+i,11.309733552923255,10,0,0.0,0.5164364850057194,0.18722429170808078,0.8888698952831304
finite-two-level-exchange-relaxation,-i,11.309733552923255,10,0,0.0,0.5164364850057194,0.18722429170808078,0.8888698952831304
finite-two-level-exchange-relaxation,cube_mmm,11.309733552923255,10,0,0.0,0.5356035033161061,0.22765650920316444,0.8195978910195002
finite-two-level-exchange-relaxation,cube_mmp,11.309733552923255,10,0,0.0,0.3794101764910159,0.12547148822827964,0.7204865933855074
finite-two-level-exchange-relaxation,cube_mpm,11.309733552923255,10,0,0.0,0.5356035033161061,0.22765650920316444,0.8195978910195002
finite-two-level-exchange-relaxation,cube_mpp,11.309733552923255,10,0,0.0,0.3794101764910159,0.12547148822827964,0.7204865933855074
finite-two-level-exchange-relaxation,cube_pmm,11.309733552923255,10,0,0.0,0.5356035033161061,0.22765650920316444,0.8195978910195002
finite-two-level-exchange-relaxation,cube_pmp,11.309733552923255,10,0,0.0,0.3794101764910159,0.12547148822827964,0.7204865933855074
finite-two-level-exchange-relaxation,cube_ppm,11.309733552923255,10,0,0.0,0.5356035033161061,0.22765650920316444,0.8195978910195002
finite-two-level-exchange-relaxation,cube_ppp,11.309733552923255,10,0,0.0,0.3794101764910159,0.12547148822827964,0.7204865933855074
finite-two-level-exchange-relaxation,0,11.466813185602746,10,10,1.0,0.0,0.0,0.0
finite-two-level-exchange-relaxation,1,11.466813185602746,10,0,0.0,0.47224327619304807,0.19932483230727283,0.9201642524746152
finite-two-level-exchange-relaxation,+,11.466813185602746,10,0,0.0,0.5553458995458482,0.272578579610892,0.9130035189975623
finite-two-level-exchange-relaxation,-,11.466813185602746,10,0,0.0,0.5553458995458482,0.272578579610892,0.9130035189975623
finite-two-level-exchange-relaxation,+i,11.466813185602746,10,0,0.0,0.5553458995458482,0.272578579610892,0.9130035189975623
finite-two-level-exchange-relaxation,-i,11.466813185602746,10,0,0.0,0.5553458995458482,0.272578579610892,0.9130035189975623
finite-two-level-exchange-relaxation,cube_mmm,11.466813185602746,10,0,0.0,0.5755884498374415,0.26854927446784094,0.8105715019034342
finite-two-level-exchange-relaxation,cube_mmp,11.466813185602746,10,0,0.0,0.40860419480955323,0.1519507755378629,0.7422058384325809
finite-two-level-exchange-relaxation,cube_mpm,11.466813185602746,10,0,0.0,0.5755884498374415,0.26854927446784094,0.8105715019034342
finite-two-level-exchange-relaxation,cube_mpp,11.466813185602746,10,0,0.0,0.40860419480955323,0.1519507755378629,0.7422058384325809
finite-two-level-exchange-relaxation,cube_pmm,11.466813185602746,10,0,0.0,0.5755884498374415,0.26854927446784094,0.8105715019034342
finite-two-level-exchange-relaxation,cube_pmp,11.466813185602746,10,0,0.0,0.40860419480955323,0.1519507755378629,0.7422058384325809
finite-two-level-exchange-relaxation,cube_ppm,11.466813185602746,10,0,0.0,0.5755884498374415,0.26854927446784094,0.8105715019034342
finite-two-level-exchange-relaxation,cube_ppp,11.466813185602746,10,0,0.0,0.40860419480955323,0.1519507755378629,0.7422058384325809
finite-two-level-exchange-relaxation,0,11.623892818282235,10,10,1.0,0.0,0.0,0.0
finite-two-level-exchange-relaxation,1,11.623892818282235,10,0,0.0,0.45809283276344637,0.15161063594794738,0.9210315202417607
finite-two-level-exchange-relaxation,+,11.623892818282235,10,0,0.0,0.5834726014803648,0.21203050821387875,0.9347670243395767
finite-two-level-exchange-relaxation,-,11.623892818282235,10,0,0.0,0.5834726014803648,0.21203050821387875,0.9347670243395767
finite-two-level-exchange-relaxation,+i,11.623892818282235,10,0,0.0,0.5834726014803648,0.21203050821387875,0.9347670243395767
finite-two-level-exchange-relaxation,-i,11.623892818282235,10,0,0.0,0.5834726014803648,0.21203050821387875,0.9347670243395767
finite-two-level-exchange-relaxation,cube_mmm,11.623892818282235,10,0,0.0,0.5936749331333925,0.30231846970008064,0.860241684769412
finite-two-level-exchange-relaxation,cube_mmp,11.623892818282235,10,0,0.0,0.433353565319938,0.11624313859124663,0.7613946410752004
finite-two-level-exchange-relaxation,cube_mpm,11.623892818282235,10,0,0.0,0.5936749331333925,0.30231846970008064,0.860241684769412
finite-two-level-exchange-relaxation,cube_mpp,11.623892818282235,10,0,0.0,0.433353565319938,0.11624313859124663,0.7613946410752004
finite-two-level-exchange-relaxation,cube_pmm,11.623892818282235,10,0,0.0,0.5936749331333925,0.30231846970008064,0.860241684769412
finite-two-level-exchange-relaxation,cube_pmp,11.623892818282235,10,0,0.0,0.433353565319938,0.11624313859124663,0.7613946410752004
finite-two-level-exchange-relaxation,cube_ppm,11.623892818282235,10,0,0.0,0.5936749331333925,0.30231846970008064,0.860241684769412
finite-two-level-exchange-relaxation,cube_ppp,11.623892818282235,10,0,0.0,0.433353565319938,0.11624313859124663,0.7613946410752004
finite-two-level-exchange-relaxation,0,11.780972450961723,10,10,1.0,0.0,0.0,0.0
finite-two-level-exchange-relaxation,1,11.780972450961723,10,0,0.0,0.3969079408582231,0.10838637566236992,0.8154931568489205
finite-two-level-exchange-relaxation,+,11.780972450961723,10,0,0.0,0.5992292885159419,0.15453031534598521,0.9538731121045286
finite-two-level-exchange-relaxation,-,11.780972450961723,10,0,0.0,0.5992292885159419,0.15453031534598521,0.9538731121045286
finite-two-level-exchange-relaxation,+i,11.780972450961723,10,0,0.0,0.5992292885159419,0.15453031534598521,0.9538731121045286
finite-two-level-exchange-relaxation,-i,11.780972450961723,10,0,0.0,0.5992292885159419,0.15453031534598521,0.9538731121045286
finite-two-level-exchange-relaxation,cube_mmm,11.780972450961723,10,0,0.0,0.5865318974572248,0.22194904152057313,0.8505850220938656
finite-two-level-exchange-relaxation,cube_mmp,11.780972450961723,10,0,0.0,0.45305037786327296,0.08358159097827589,0.7779134282607548
finite-two-level-exchange-relaxation,cube_mpm,11.780972450961723,10,0,0.0,0.5865318974572248,0.22194904152057313,0.8505850220938656
finite-two-level-exchange-relaxation,cube_mpp,11.780972450961723,10,0,0.0,0.45305037786327296,0.08358159097827589,0.7779134282607548
finite-two-level-exchange-relaxation,cube_pmm,11.780972450961723,10,0,0.0,0.5865318974572248,0.22194904152057313,0.8505850220938656
finite-two-level-exchange-relaxation,cube_pmp,11.780972450961723,10,0,0.0,0.45305037786327296,0.08358159097827589,0.7779134282607548
finite-two-level-exchange-relaxation,cube_ppm,11.780972450961723,10,0,0.0,0.5865318974572248,0.22194904152057313,0.8505850220938656
finite-two-level-exchange-relaxation,cube_ppp,11.780972450961723,10,0,0.0,0.45305037786327296,0.08358159097827589,0.7779134282607548
finite-two-level-exchange-relaxation,0,11.938052083641214,10,10,1.0,0.0,0.0,0.0
finite-two-level-exchange-relaxation,1,11.938052083641214,10,0,0.0,0.3020147021340204,0.07101976096010337,0.6300367553350505
finite-two-level-exchange-relaxation,+,11.938052083641214,10,0,0.0,0.6049199401806029,0.10288206407853437,0.9700226062527335
finite-two-level-exchange-relaxation,-,11.938052083641214,10,0,0.0,0.6049199401806029,0.10288206407853437,0.9700226062527335
finite-two-level-exchange-relaxation,+i,11.938052083641214,10,0,0.0,0.6049199401806029,0.10288206407853437,0.9700226062527335
finite-two-level-exchange-relaxation,-i,11.938052083641214,10,0,0.0,0.6049199401806029,0.10288206407853437,0.9700226062527335
finite-two-level-exchange-relaxation,cube_mmm,11.938052083641214,10,0,0.0,0.5620793985932555,0.14858966896463102,0.8127669664129048
finite-two-level-exchange-relaxation,cube_mmp,11.938052083641214,10,0,0.0,0.46777883902468975,0.05505666801792776,0.7916315540265308
finite-two-level-exchange-relaxation,cube_mpm,11.938052083641214,10,0,0.0,0.5620793985932555,0.14858966896463102,0.8127669664129048
finite-two-level-exchange-relaxation,cube_mpp,11.938052083641214,10,0,0.0,0.46777883902468975,0.05505666801792776,0.7916315540265308
finite-two-level-exchange-relaxation,cube_pmm,11.938052083641214,10,0,0.0,0.5620793985932555,0.14858966896463102,0.8127669664129048
finite-two-level-exchange-relaxation,cube_pmp,11.938052083641214,10,0,0.0,0.46777883902468975,0.05505666801792776,0.7916315540265308
finite-two-level-exchange-relaxation,cube_ppm,11.938052083641214,10,0,0.0,0.5620793985932555,0.14858966896463102,0.8127669664129048
finite-two-level-exchange-relaxation,cube_ppp,11.938052083641214,10,0,0.0,0.46777883902468975,0.05505666801792776,0.7916315540265308
finite-two-level-exchange-relaxation,0,12.095131716320704,10,10,1.0,0.0,0.0,0.0
finite-two-level-exchange-relaxation,1,12.095131716320704,10,0,0.0,0.19350921826107814,0.040681698104654496,0.4079677276787216
finite-two-level-exchange-relaxation,+,12.095131716320704,10,0,0.0,0.6047889832076792,0.05967344037797216,0.9829296790375072
finite-two-level-exchange-relaxation,-,12.095131716320704,10,0,0.0,0.6047889832076792,0.05967344037797216,0.9829296790375072
finite-two-level-exchange-relaxation,+i,12.095131716320704,10,0,0.0,0.6047889832076792,0.05967344037797216,0.9829296790375072
finite-two-level-exchange-relaxation,-i,12.095131716320704,10,0,0.0,0.6047889832076792,0.05967344037797216,0.9829296790375072
finite-two-level-exchange-relaxation,cube_mmm,12.095131716320704,10,0,0.0,0.5327811428421503,0.08653569890615508,0.80302807768984
finite-two-level-exchange-relaxation,cube_mmp,12.095131716320704,10,0,0.0,0.47813915429612147,0.0316784675766142,0.8024329121733624
finite-two-level-exchange-relaxation,cube_mpm,12.095131716320704,10,0,0.0,0.5327811428421503,0.08653569890615508,0.80302807768984
finite-two-level-exchange-relaxation,cube_mpp,12.095131716320704,10,0,0.0,0.47813915429612147,0.0316784675766142,0.8024329121733624
finite-two-level-exchange-relaxation,cube_pmm,12.095131716320704,10,0,0.0,0.5327811428421503,0.08653569890615508,0.80302807768984
finite-two-level-exchange-relaxation,cube_pmp,12.095131716320704,10,0,0.0,0.47813915429612147,0.0316784675766142,0.8024329121733624
finite-two-level-exchange-relaxation,cube_ppm,12.095131716320704,10,0,0.0,0.5327811428421503,0.08653569890615508,0.80302807768984
finite-two-level-exchange-relaxation,cube_ppp,12.095131716320704,10,0,0.0,0.47813915429612147,0.0316784675766142,0.8024329121733624
finite-two-level-exchange-relaxation,0,12.252211349000193,10,10,1.0,0.0,0.0,0.0
finite-two-level-exchange-relaxation,1,12.252211349000193,10,0,0.0,0.09418456985255384,0.01831591214999212,0.1999515441513331
finite-two-level-exchange-relaxation,+,12.252211349000193,10,0,0.0,0.6026317713461796,0.02710820405057137,0.9923450956212052
finite-two-level-exchange-relaxation,-,12.252211349000193,10,0,0.0,0.6026317713461796,0.02710820405057137,0.9923450956212052
finite-two-level-exchange-relaxation,+i,12.252211349000193,10,0,0.0,0.6026317713461796,0.02710820405057137,0.9923450956212052
finite-two-level-exchange-relaxation,-i,12.252211349000193,10,0,0.0,0.6026317713461796,0.02710820405057137,0.9923450956212052
finite-two-level-exchange-relaxation,cube_mmm,12.252211349000193,10,0,0.0,0.5088526121956088,0.03942037083733397,0.8103406365540661
finite-two-level-exchange-relaxation,cube_mmp,12.252211349000193,10,0,0.0,0.4848922863109185,0.0143104321208804,0.8102211192218206
finite-two-level-exchange-relaxation,cube_mpm,12.252211349000193,10,0,0.0,0.5088526121956088,0.03942037083733397,0.8103406365540661
finite-two-level-exchange-relaxation,cube_mpp,12.252211349000193,10,0,0.0,0.4848922863109185,0.0143104321208804,0.8102211192218206
finite-two-level-exchange-relaxation,cube_pmm,12.252211349000193,10,0,0.0,0.5088526121956088,0.03942037083733397,0.8103406365540661
finite-two-level-exchange-relaxation,cube_pmp,12.252211349000193,10,0,0.0,0.4848922863109185,0.0143104321208804,0.8102211192218206
finite-two-level-exchange-relaxation,cube_ppm,12.252211349000193,10,0,0.0,0.5088526121956088,0.03942037083733397,0.8103406365540661
finite-two-level-exchange-relaxation,cube_ppp,12.252211349000193,10,0,0.0,0.4848922863109185,0.0143104321208804,0.8102211192218206
finite-two-level-exchange-relaxation,0,12.409290981679682,10,10,1.0,0.0,0.0,0.0
finite-two-level-exchange-relaxation,1,12.409290981679682,10,0,0.0,0.024845344338950748,0.004614496568995097,0.05295540477238081
finite-two-level-exchange-relaxation,+,12.409290981679682,10,0,0.0,0.6007161383265044,0.006866524093418119,0.9980758518191849
finite-two-level-exchange-relaxation,-,12.409290981679682,10,0,0.0,0.6007161383265044,0.006866524093418119,0.9980758518191849
finite-two-level-exchange-relaxation,+i,12.409290981679682,10,0,0.0,0.6007161383265044,0.006866524093418119,0.9980758518191849
finite-two-level-exchange-relaxation,-i,12.409290981679682,10,0,0.0,0.6007161383265044,0.006866524093418119,0.9980758518191849
finite-two-level-exchange-relaxation,cube_mmm,12.409290981679682,10,0,0.0,0.4945258607692514,0.010001361022791292,0.8149314694170036
finite-two-level-exchange-relaxation,cube_mmp,12.409290981679682,10,0,0.0,0.4886794065682792,0.0036128853170615954,0.8149239265065349
finite-two-level-exchange-relaxation,cube_mpm,12.409290981679682,10,0,0.0,0.4945258607692514,0.010001361022791292,0.8149314694170036
finite-two-level-exchange-relaxation,cube_mpp,12.409290981679682,10,0,0.0,0.4886794065682792,0.0036128853170615954,0.8149239265065349
finite-two-level-exchange-relaxation,cube_pmm,12.409290981679682,10,0,0.0,0.4945258607692514,0.010001361022791292,0.8149314694170036
finite-two-level-exchange-relaxation,cube_pmp,12.409290981679682,10,0,0.0,0.4886794065682792,0.0036128853170615954,0.8149239265065349
finite-two-level-exchange-relaxation,cube_ppm,12.409290981679682,10,0,0.0,0.4945258607692514,0.010001361022791292,0.8149314694170036
finite-two-level-exchange-relaxation,cube_ppp,12.409290981679682,10,0,0.0,0.4886794065682792,0.0036128853170615954,0.8149239265065349
finite-two-level-exchange-relaxation,0,12.566370614359172,10,10,1.0,0.0,0.0,0.0
finite-two-level-exchange-relaxation,1,12.566370614359172,10,10,1.0,8.881784197001252e-16,2.220446049250313e-16,1.7763568394002505e-15
finite-two-level-exchange-relaxation,+,12.566370614359172,10,4,0.4,0.6000000000000001,3.1401849173675503e-16,1.0000000000000004
finite-two-level-exchange-relaxation,-,12.566370614359172,10,4,0.4,0.6000000000000001,3.1401849173675503e-16,1.0000000000000004
finite-two-level-exchange-relaxation,+i,12.566370614359172,10,4,0.4,0.6000000000000001,3.1401849173675503e-16,1.0000000000000004
finite-two-level-exchange-relaxation,-i,12.566370614359172,10,4,0.4,0.6000000000000001,3.1401849173675503e-16,1.0000000000000004
finite-two-level-exchange-relaxation,cube_mmm,12.566370614359172,10,4,0.4,0.4898979485566361,4.079219866531555e-16,0.8164965809277266
finite-two-level-exchange-relaxation,cube_mmp,12.566370614359172,10,4,0.4,0.4898979485566358,2.603703785810335e-16,0.8164965809277266
finite-two-level-exchange-relaxation,cube_mpm,12.566370614359172,10,4,0.4,0.4898979485566361,4.079219866531555e-16,0.8164965809277266
finite-two-level-exchange-relaxation,cube_mpp,12.566370614359172,10,4,0.4,0.4898979485566358,2.603703785810335e-16,0.8164965809277266
finite-two-level-exchange-relaxation,cube_pmm,12.566370614359172,10,4,0.4,0.4898979485566361,4.079219866531555e-16,0.8164965809277266
finite-two-level-exchange-relaxation,cube_pmp,12.566370614359172,10,4,0.4,0.4898979485566358,2.603703785810335e-16,0.8164965809277266
finite-two-level-exchange-relaxation,cube_ppm,12.566370614359172,10,4,0.4,0.4898979485566361,4.079219866531555e-16,0.8164965809277266
finite-two-level-exchange-relaxation,cube_ppp,12.566370614359172,10,4,0.4,0.4898979485566358,2.603703785810335e-16,0.8164965809277266
markovian-photon-reservoir-decay,0,0.0,10,10,1.0,0.0,0.0,0.0
markovian-photon-reservoir-decay,1,0.0,10,10,1.0,0.0,0.0,0.0
markovian-photon-reservoir-decay,+,0.0,10,10,1.0,0.0,0.0,0.0
markovian-photon-reservoir-decay,-,0.0,10,10,1.0,0.0,0.0,0.0
markovian-photon-reservoir-decay,+i,0.0,10,10,1.0,0.0,0.0,0.0
markovian-photon-reservoir-decay,-i,0.0,10,10,1.0,0.0,0.0,0.0
markovian-photon-reservoir-decay,cube_mmm,0.0,10,10,1.0,0.0,0.0,0.0
markovian-photon-reservoir-decay,cube_mmp,0.0,10,10,1.0,0.0,0.0,0.0
markovian-photon-reservoir-decay,cube_mpm,0.0,10,10,1.0,0.0,0.0,0.0
markovian-photon-reservoir-decay,cube_mpp,0.0,10,10,1.0,0.0,0.0,0.0
markovian-photon-reservoir-decay,cube_pmm,0.0,10,10,1.0,0.0,0.0,0.0
markovian-photon-reservoir-decay,cube_pmp,0.0,10,10,1.0,0.0,0.0,0.0
markovian-photon-reservoir-decay,cube_ppm,0.0,10,10,1.0,0.0,0.0,0.0
markovian-photon-reservoir-decay,cube_ppp,0.0,10,10,1.0,0.0,0.0,0.0
markovian-photon-reservoir-decay,0,0.15707963267948966,10,10,1.0,0.0,0.0,0.0
markovian-photon-reservoir-decay,1,0.15707963267948966,10,0,0.0,0.06700621505082274,0.00776201694084766,0.13754078113932794
markovian-photon-reservoir-decay,+,0.15707963267948966,10,0,0.0,0.03774878899526564,0.004344236757710274,0.07753425129354316
markovian-photon-reservoir-decay,-,0.15707963267948966,10,0,0.0,0.03774878899526564,0.004344236757710274,0.07753425129354316
markovian-photon-reservoir-decay,+i,0.15707963267948966,10,0,0.0,0.03774878899526564,0.004344236757710274,0.07753425129354316
markovian-photon-reservoir-decay,-i,0.15707963267948966,10,0,0.0,0.03774878899526564,0.004344236757710274,0.07753425129354316
markovian-photon-reservoir-decay,cube_mmm,0.15707963267948966,10,0,0.0,0.05472106148358709,0.006325775934293886,0.11234598350530986
markovian-photon-reservoir-decay,cube_mmp,0.15707963267948966,10,0,0.0,0.020054239845484212,0.00228707640926825,0.04122639503073918
markovian-photon-reservoir-decay,cube_mpm,0.15707963267948966,10,0,0.0,0.05472106148358709,0.006325775934293886,0.11234598350530986
markovian-photon-reservoir-decay,cube_mpp,0.15707963267948966,10,0,0.0,0.020054239845484212,0.00228707640926825,0.04122639503073918
markovian-photon-reservoir-decay,cube_pmm,0.15707963267948966,10,0,0.0,0.05472106148358709,0.006325775934293886,0.11234598350530986
markovian-photon-reservoir-decay,cube_pmp,0.15707963267948966,10,0,0.0,0.020054239845484212,0.00228707640926825,0.04122639503073918
markovian-photon-reservoir-decay,cube_ppm,0.15707963267948966,10,0,0.0,0.05472106148358709,0.006325775934293886,0.11234598350530986
markovian-photon-reservoir-decay,cube_ppp,0.15707963267948966,10,0,0.0,0.020054239845484212,0.00228707640926825,0.04122639503073918
markovian-photon-reservoir-decay,0,0.3141592653589793,10,10,1.0,0.0,0.0,0.0
markovian-photon-reservoir-decay,1,0.3141592653589793,10,0,0.0,0.12449211435154268,0.015342337046903076,0.2540120723030681
markovian-photon-reservoir-decay,+,0.3141592653589793,10,0,0.0,0.07069408287155131,0.00859703747012276,0.14442956704923302
markovian-photon-reservoir-decay,-,0.3141592653589793,10,0,0.0,0.07069408287155131,0.00859703747012276,0.14442956704923302
markovian-photon-reservoir-decay,+i,0.3141592653589793,10,0,0.0,0.07069408287155131,0.00859703747012276,0.14442956704923302
markovian-photon-reservoir-decay,-i,0.3141592653589793,10,0,0.0,0.07069408287155131,0.00859703747012276,0.14442956704923302
markovian-photon-reservoir-decay,cube_mmm,0.3141592653589793,10,0,0.0,0.10192579545380591,0.012508172612773271,0.20805341645085432
markovian-photon-reservoir-decay,cube_mmp,0.3141592653589793,10,0,0.0,0.03795641347427821,0.004533592129087159,0.07768110009776474
markovian-photon-reservoir-decay,cube_mpm,0.3141592653589793,10,0,0.0,0.10192579545380591,0.012508172612773271,0.20805341645085432
markovian-photon-reservoir-decay,cube_mpp,0.3141592653589793,10,0,0.0,0.03795641347427821,0.004533592129087159,0.07768110009776474
markovian-photon-reservoir-decay,cube_pmm,0.3141592653589793,10,0,0.0,0.10192579545380591,0.012508172612773271,0.20805341645085432
markovian-photon-reservoir-decay,cube_pmp,0.3141592653589793,10,0,0.0,0.03795641347427821,0.004533592129087159,0.07768110009776474
markovian-photon-reservoir-decay,cube_ppm,0.3141592653589793,10,0,0.0,0.10192579545380591,0.012508172612773271,0.20805341645085432
markovian-photon-reservoir-decay,cube_ppp,0.3141592653589793,10,0,0.0,0.03795641347427821,0.004533592129087159,0.07768110009776474
markovian-photon-reservoir-decay,0,0.47123889803846897,10,10,1.0,0.0,0.0,0.0
markovian-photon-reservoir-decay,1,0.47123889803846897,10,0,0.0,0.17377159874523213,0.022744267163246012,0.35248503672619746
markovian-photon-reservoir-decay,+,0.47123889803846897,10,0,0.0,0.09948408840966678,0.012760044393570999,0.2021952421899464
markovian-photon-reservoir-decay,-,0.47123889803846897,10,0,0.0,0.09948408840966678,0.012760044393570999,0.2021952421899464
markovian-photon-reservoir-decay,+i,0.47123889803846897,10,0,0.0,0.09948408840966678,0.012760044393570999,0.2021952421899464
markovian-photon-reservoir-decay,-i,0.47123889803846897,10,0,0.0,0.09948408840966678,0.012760044393570999,0.2021952421899464
markovian-photon-reservoir-decay,cube_mmm,0.47123889803846897,10,0,0.0,0.14264715373668066,0.018549795274376054,0.2895333118219661
markovian-photon-reservoir-decay,cube_mmp,0.47123889803846897,10,0,0.0,0.05397293208569991,0.006740225177567241,0.10998295172296114
markovian-photon-reservoir-decay,cube_mpm,0.47123889803846897,10,0,0.0,0.14264715373668066,0.018549795274376054,0.2895333118219661
markovian-photon-reservoir-decay,cube_mpp,0.47123889803846897,10,0,0.0,0.05397293208569991,0.006740225177567241,0.10998295172296114
markovian-photon-reservoir-decay,cube_pmm,0.47123889803846897,10,0,0.0,0.14264715373668066,0.018549795274376054,0.2895333118219661
markovian-photon-reservoir-decay,cube_pmp,0.47123889803846897,10,0,0.0,0.05397293208569991,0.006740225177567241,0.10998295172296114
markovian-photon-reservoir-decay,cube_ppm,0.47123889803846897,10,0,0.0,0.14264715373668066,0.018549795274376054,0.2895333118219661
markovian-photon-reservoir-decay,cube_ppp,0.47123889803846897,10,0,0.0,0.05397293208569991,0.006740225177567241,0.10998295172296114
markovian-photon-reservoir-decay,0,0.6283185307179586,10,10,1.0,0.0,0.0,0.0
markovian-photon-reservoir-decay,1,0.6283185307179586,10,0,0.0,0.21597346936061235,0.029971058880517987,0.4355843352137073
markovian-photon-reservoir-decay,+,0.6283185307179586,10,0,0.0,0.12467479818717149,0.016834872114752257,0.25211894313957567
markovian-photon-reservoir-decay,-,0.6283185307179586,10,0,0.0,0.12467479818717149,0.016834872114752257,0.25211894313957567
markovian-photon-reservoir-decay,+i,0.6283185307179586,10,0,0.0,0.12467479818717149,0.016834872114752257,0.25211894313957567
markovian-photon-reservoir-decay,-i,0.6283185307179586,10,0,0.0,0.12467479818717149,0.016834872114752257,0.25211894313957567
markovian-photon-reservoir-decay,cube_mmm,0.6283185307179586,10,0,0.0,0.17777216361640572,0.02445320556728412,0.3588449038262139
markovian-photon-reservoir-decay,cube_mmp,0.6283185307179586,10,0,0.0,0.06833250730744658,0.008907642025290487,0.13866093422049303
markovian-photon-reservoir-decay,cube_mpm,0.6283185307179586,10,0,0.0,0.17777216361640572,0.02445320556728412,0.3588449038262139
markovian-photon-reservoir-decay,cube_mpp,0.6283185307179586,10,0,0.0,0.06833250730744658,0.008907642025290487,0.13866093422049303
markovian-photon-reservoir-decay,cube_pmm,0.6283185307179586,10,0,0.0,0.17777216361640572,0.02445320556728412,0.3588449038262139
markovian-photon-reservoir-decay,cube_pmp,0.6283185307179586,10,0,0.0,0.06833250730744658,0.008907642025290487,0.13866093422049303
markovian-photon-reservoir-decay,cube_ppm,0.6283185307179586,10,0,0.0,0.17777216361640572,0.02445320556728412,0.3588449038262139
markovian-photon-reservoir-decay,cube_ppp,0.6283185307179586,10,0,0.0,0.06833250730744658,0.008907642025290487,0.13866093422049303
markovian-photon-reservoir-decay,0,0.7853981633974483,10,10,1.0,0.0,0.0,0.0
markovian-photon-reservoir-decay,1,0.7853981633974483,10,0,0.0,0.25206788155826026,0.037025909425151715,0.5055530320354114
markovian-photon-reservoir-decay,+,0.7853981633974483,10,0,0.0,0.1467432992507432,0.020823107996560786,0.29529942845638973
markovian-photon-reservoir-decay,-,0.7853981633974483,10,0,0.0,0.1467432992507432,0.020823107996560786,0.29529942845638973
markovian-photon-reservoir-decay,+i,0.7853981633974483,10,0,0.0,0.1467432992507432,0.020823107996560786,0.29529942845638973
markovian-photon-reservoir-decay,-i,0.7853981633974483,10,0,0.0,0.1467432992507432,0.020823107996560786,0.29529942845638973
markovian-photon-reservoir-decay,cube_mmm,0.7853981633974483,10,0,0.0,0.20806281832884346,0.030220922251000055,0.4177469575601578
markovian-photon-reservoir-decay,cube_mmp,0.7853981633974483,10,0,0.0,0.08123178984137855,0.011036497786923737,0.1641679184398045
markovian-photon-reservoir-decay,cube_mpm,0.7853981633974483,10,0,0.0,0.20806281832884346,0.030220922251000055,0.4177469575601578
markovian-photon-reservoir-decay,cube_mpp,0.7853981633974483,10,0,0.0,0.08123178984137855,0.011036497786923737,0.1641679184398045
markovian-photon-reservoir-decay,cube_pmm,0.7853981633974483,10,0,0.0,0.20806281832884346,0.030220922251000055,0.4177469575601578
markovian-photon-reservoir-decay,cube_pmp,0.7853981633974483,10,0,0.0,0.08123178984137855,0.011036497786923737,0.1641679184398045
markovian-photon-reservoir-decay,cube_ppm,0.7853981633974483,10,0,0.0,0.20806281832884346,0.030220922251000055,0.4177469575601578
markovian-photon-reservoir-decay,cube_ppp,0.7853981633974483,10,0,0.0,0.08123178984137855,0.011036497786923737,0.1641679184398045
markovian-photon-reservoir-decay,0,0.9424777960769379,10,10,1.0,0.0,0.0,0.0
markovian-photon-reservoir-decay,1,0.9424777960769379,10,0,0.0,0.28288898773996074,0.04391196253549656,0.5643080658361745
markovian-photon-reservoir-decay,+,0.9424777960769379,10,0,0.0,0.16609916757840174,0.02472631261688627,0.332674500932831
markovian-photon-reservoir-decay,-,0.9424777960769379,10,0,0.0,0.16609916757840174,0.02472631261688627,0.332674500932831
markovian-photon-reservoir-decay,+i,0.9424777960769379,10,0,0.0,0.16609916757840174,0.02472631261688627,0.332674500932831
markovian-photon-reservoir-decay,-i,0.9424777960769379,10,0,0.0,0.16609916757840174,0.02472631261688627,0.332674500932831
markovian-photon-reservoir-decay,cube_mmm,0.9424777960769379,10,0,0.0,0.23417395984229664,0.03585542188730008,0.46774162564439314
markovian-photon-reservoir-decay,cube_mmp,0.9424777960769379,10,0,0.0,0.09284017004899545,0.013127436409824679,0.18689230621761657
markovian-photon-reservoir-decay,cube_mpm,0.9424777960769379,10,0,0.0,0.23417395984229664,0.03585542188730008,0.46774162564439314
markovian-photon-reservoir-decay,cube_mpp,0.9424777960769379,10,0,0.0,0.09284017004899545,0.013127436409824679,0.18689230621761657
markovian-photon-reservoir-decay,cube_pmm,0.9424777960769379,10,0,0.0,0.23417395984229664,0.03585542188730008,0.46774162564439314
markovian-photon-reservoir-decay,cube_pmp,0.9424777960769379,10,0,0.0,0.09284017004899545,0.013127436409824679,0.18689230621761657
markovian-photon-reservoir-decay,cube_ppm,0.9424777960769379,10,0,0.0,0.23417395984229664,0.03585542188730008,0.46774162564439314
markovian-photon-reservoir-decay,cube_ppp,0.9424777960769379,10,0,0.0,0.09284017004899545,0.013127436409824679,0.18689230621761657
markovian-photon-reservoir-decay,0,1.0995574287564276,10,10,1.0,0.0,0.0,0.0
markovian-photon-reservoir-decay,1,1.0995574287564276,10,0,0.0,0.3091543204298209,0.05063230932406487,0.6134876570687025
markovian-photon-reservoir-decay,+,1.0995574287564276,10,0,0.0,0.18309422277687196,0.028546020200491844,0.36504487391941004
markovian-photon-reservoir-decay,-,1.0995574287564276,10,0,0.0,0.18309422277687196,0.028546020200491844,0.36504487391941004
markovian-photon-reservoir-decay,+i,1.0995574287564276,10,0,0.0,0.18309422277687196,0.028546020200491844,0.36504487391941004
markovian-photon-reservoir-decay,-i,1.0995574287564276,10,0,0.0,0.18309422277687196,0.028546020200491844,0.36504487391941004
markovian-photon-reservoir-decay,cube_mmm,1.0995574287564276,10,0,0.0,0.25666858836063433,0.04135913952024382,0.510111931194721
markovian-photon-reservoir-decay,cube_mmp,1.0995574287564276,10,0,0.0,0.10330385967935826,0.015181090859688603,0.20716788540808706
markovian-photon-reservoir-decay,cube_mpm,1.0995574287564276,10,0,0.0,0.25666858836063433,0.04135913952024382,0.510111931194721
markovian-photon-reservoir-decay,cube_mpp,1.0995574287564276,10,0,0.0,0.10330385967935826,0.015181090859688603,0.20716788540808706
markovian-photon-reservoir-decay,cube_pmm,1.0995574287564276,10,0,0.0,0.25666858836063433,0.04135913952024382,0.510111931194721
markovian-photon-reservoir-decay,cube_pmp,1.0995574287564276,10,0,0.0,0.10330385967935826,0.015181090859688603,0.20716788540808706
markovian-photon-reservoir-decay,cube_ppm,1.0995574287564276,10,0,0.0,0.25666858836063433,0.04135913952024382,0.510111931194721
markovian-photon-reservoir-decay,cube_ppp,1.0995574287564276,10,0,0.0,0.10330385967935826,0.015181090859688603,0.20716788540808706
markovian-photon-reservoir-decay,0,1.2566370614359172,10,10,1.0,0.0,0.0,0.0
markovian-photon-reservoir-decay,1,1.2566370614359172,10,0,0.0,0.3314813870767199,0.057189989126116336,0.6544918240882633
markovian-photon-reservoir-decay,+,1.2566370614359172,10,0,0.0,0.19803087784789847,0.032283739044079066,0.39309453725597276
markovian-photon-reservoir-decay,-,1.2566370614359172,10,0,0.0,0.19803087784789847,0.032283739044079066,0.39309453725597276
markovian-photon-reservoir-decay,+i,1.2566370614359172,10,0,0.0,0.19803087784789847,0.032283739044079066,0.39309453725597276
markovian-photon-reservoir-decay,-i,1.2566370614359172,10,0,0.0,0.19803087784789847,0.032283739044079066,0.39309453725597276
markovian-photon-reservoir-decay,cube_mmm,1.2566370614359172,10,0,0.0,0.2760309700236575,0.04673446934540774,0.5459537998424346
markovian-photon-reservoir-decay,cube_mmp,1.2566370614359172,10,0,0.0,0.11274935785449094,0.01719808330327846,0.22528215937142204
markovian-photon-reservoir-decay,cube_mpm,1.2566370614359172,10,0,0.0,0.2760309700236575,0.04673446934540774,0.5459537998424346
markovian-photon-reservoir-decay,cube_mpp,1.2566370614359172,10,0,0.0,0.11274935785449094,0.01719808330327846,0.22528215937142204
markovian-photon-reservoir-decay,cube_pmm,1.2566370614359172,10,0,0.0,0.2760309700236575,0.04673446934540774,0.5459537998424346
markovian-photon-reservoir-decay,cube_pmp,1.2566370614359172,10,0,0.0,0.11274935785449094,0.01719808330327846,0.22528215937142204
markovian-photon-reservoir-decay,cube_ppm,1.2566370614359172,10,0,0.0,0.2760309700236575,0.04673446934540774,0.5459537998424346
markovian-photon-reservoir-decay,cube_ppp,1.2566370614359172,10,0,0.0,0.11274935785449094,0.01719808330327846,0.22528215937142204
markovian-photon-reservoir-decay,0,1.413716694115407,10,10,1.0,0.0,0.0,0.0
markovian-photon-reservoir-decay,1,1.413716694115407,10,0,0.0,0.35040187967699654,0.0635879903347934,0.6885170096618436
markovian-photon-reservoir-decay,+,1.413716694115407,10,0,0.0,0.2111692850455046,0.035940951934646984,0.41740812511902714
markovian-photon-reservoir-decay,-,1.413716694115407,10,0,0.0,0.2111692850455046,0.035940951934646984,0.41740812511902714
markovian-photon-reservoir-decay,+i,1.413716694115407,10,0,0.0,0.2111692850455046,0.035940951934646984,0.41740812511902714
markovian-photon-reservoir-decay,-i,1.413716694115407,10,0,0.0,0.2111692850455046,0.035940951934646984,0.41740812511902714
markovian-photon-reservoir-decay,cube_mmm,1.413716694115407,10,0,0.0,0.29267786048314004,0.051983765368514505,0.5762034297600858
markovian-photon-reservoir-decay,cube_mmp,1.413716694115407,10,0,0.0,0.12128639051478014,0.019179025288283958,0.24148337889894544
markovian-photon-reservoir-decay,cube_mpm,1.413716694115407,10,0,0.0,0.29267786048314004,0.051983765368514505,0.5762034297600858
markovian-photon-reservoir-decay,cube_mpp,1.413716694115407,10,0,0.0,0.12128639051478014,0.019179025288283958,0.24148337889894544
markovian-photon-reservoir-decay,cube_pmm,1.413716694115407,10,0,0.0,0.29267786048314004,0.051983765368514505,0.5762034297600858
markovian-photon-reservoir-decay,cube_pmp,1.413716694115407,10,0,0.0,0.12128639051478014,0.019179025288283958,0.24148337889894544
markovian-photon-reservoir-decay,cube_ppm,1.413716694115407,10,0,0.0,0.29267786048314004,0.051983765368514505,0.5762034297600858
markovian-photon-reservoir-decay,cube_ppp,1.413716694115407,10,0,0.0,0.12128639051478014,0.019179025288283958,0.24148337889894544
markovian-photon-reservoir-decay,0,1.5707963267948966,10,10,1.0,0.0,0.0,0.0
markovian-photon-reservoir-decay,1,1.5707963267948966,10,0,0.0,0.366373843887645,0.06982925122302241,0.7165856740254939
markovian-photon-reservoir-decay,+,1.5707963267948966,10,0,0.0,0.22273344997484218,0.0395191165612527,0.43848571710455075
markovian-photon-reservoir-decay,-,1.5707963267948966,10,0,0.0,0.22273344997484218,0.0395191165612527,0.43848571710455075
markovian-photon-reservoir-decay,+i,1.5707963267948966,10,0,0.0,0.22273344997484218,0.0395191165612527,0.43848571710455075
markovian-photon-reservoir-decay,-i,1.5707963267948966,10,0,0.0,0.22273344997484218,0.0395191165612527,0.43848571710455075
markovian-photon-reservoir-decay,cube_mmm,1.5707963267948966,10,0,0.0,0.3069681160637145,0.05710934205362462,0.6016606744317375
markovian-photon-reservoir-decay,cube_mmp,1.5707963267948966,10,0,0.0,0.1290104004471926,0.02112451792035179,0.25598647305693073
markovian-photon-reservoir-decay,cube_mpm,1.5707963267948966,10,0,0.0,0.3069681160637145,0.05710934205362462,0.6016606744317375
markovian-photon-reservoir-decay,cube_mpp,1.5707963267948966,10,0,0.0,0.1290104004471926,0.02112451792035179,0.25598647305693073
markovian-photon-reservoir-decay,cube_pmm,1.5707963267948966,10,0,0.0,0.3069681160637145,0.05710934205362462,0.6016606744317375
markovian-photon-reservoir-decay,cube_pmp,1.5707963267948966,10,0,0.0,0.1290104004471926,0.02112451792035179,0.25598647305693073
markovian-photon-reservoir-decay,cube_ppm,1.5707963267948966,10,0,0.0,0.3069681160637145,0.05710934205362462,0.6016606744317375
markovian-photon-reservoir-decay,cube_ppp,1.5707963267948966,10,0,0.0,0.1290104004471926,0.02112451792035179,0.25598647305693073
markovian-photon-reservoir-decay,0,1.7278759594743862,10,10,1.0,0.0,0.0,0.0
markovian-photon-reservoir-decay,1,1.7278759594743862,10,0,0.0,0.3797921023524369,0.07591666075238446,0.7395715861725859
markovian-photon-reservoir-decay,+,1.7278759594743862,10,0,0.0,0.23291646142059488,0.043019665920275126,0.45675544309057675
markovian-photon-reservoir-decay,-,1.7278759594743862,10,0,0.0,0.23291646142059488,0.043019665920275126,0.45675544309057675
markovian-photon-reservoir-decay,+i,1.7278759594743862,10,0,0.0,0.23291646142059488,0.043019665920275126,0.45675544309057675
markovian-photon-reservoir-decay,-i,1.7278759594743862,10,0,0.0,0.23291646142059488,0.043019665920275126,0.45675544309057675
markovian-photon-reservoir-decay,cube_mmm,1.7278759594743862,10,0,0.0,0.31921092493267383,0.06211347496105314,0.6230090153553919
markovian-photon-reservoir-decay,cube_mmp,1.7278759594743862,10,0,0.0,0.1360046544970414,0.02303515203733062,0.2689780478050367
markovian-photon-reservoir-decay,cube_mpm,1.7278759594743862,10,0,0.0,0.31921092493267383,0.06211347496105314,0.6230090153553919
markovian-photon-reservoir-decay,cube_mpp,1.7278759594743862,10,0,0.0,0.1360046544970414,0.02303515203733062,0.2689780478050367
markovian-photon-reservoir-decay,cube_pmm,1.7278759594743862,10,0,0.0,0.31921092493267383,0.06211347496105314,0.6230090153553919
markovian-photon-reservoir-decay,cube_pmp,1.7278759594743862,10,0,0.0,0.1360046544970414,0.02303515203733062,0.2689780478050367
markovian-photon-reservoir-decay,cube_ppm,1.7278759594743862,10,0,0.0,0.31921092493267383,0.06211347496105314,0.6230090153553919
markovian-photon-reservoir-decay,cube_ppp,1.7278759594743862,10,0,0.0,0.1360046544970414,0.02303515203733062,0.2689780478050367
markovian-photon-reservoir-decay,0,1.8849555921538759,10,10,1.0,0.0,0.0,0.0
markovian-photon-reservoir-decay,1,1.8849555921538759,10,0,0.0,0.39099718426445296,0.0818530593691646,0.7582214386953756
markovian-photon-reservoir-decay,+,1.8849555921538759,10,0,0.0,0.24188496331634343,0.046444008714286354,0.4725842102908881
markovian-photon-reservoir-decay,-,1.8849555921538759,10,0,0.0,0.24188496331634343,0.046444008714286354,0.4725842102908881
markovian-photon-reservoir-decay,+i,1.8849555921538759,10,0,0.0,0.24188496331634343,0.046444008714286354,0.4725842102908881
markovian-photon-reservoir-decay,-i,1.8849555921538759,10,0,0.0,0.24188496331634343,0.046444008714286354,0.4725842102908881
markovian-photon-reservoir-decay,cube_mmm,1.8849555921538759,10,0,0.0,0.32967285712469585,0.06699840137517481,0.6408326185244583
markovian-photon-reservoir-decay,cube_mmp,1.8849555921538759,10,0,0.0,0.1423420253786876,0.024911508380771687,0.2806205970508895
markovian-photon-reservoir-decay,cube_mpm,1.8849555921538759,10,0,0.0,0.32967285712469585,0.06699840137517481,0.6408326185244583
markovian-photon-reservoir-decay,cube_mpp,1.8849555921538759,10,0,0.0,0.1423420253786876,0.024911508380771687,0.2806205970508895
markovian-photon-reservoir-decay,cube_pmm,1.8849555921538759,10,0,0.0,0.32967285712469585,0.06699840137517481,0.6408326185244583
markovian-photon-reservoir-decay,cube_pmp,1.8849555921538759,10,0,0.0,0.1423420253786876,0.024911508380771687,0.2806205970508895
markovian-photon-reservoir-decay,cube_ppm,1.8849555921538759,10,0,0.0,0.32967285712469585,0.06699840137517481,0.6408326185244583
markovian-photon-reservoir-decay,cube_ppp,1.8849555921538759,10,0,0.0,0.1423420253786876,0.024911508380771687,0.2806205970508895
markovian-photon-reservoir-decay,0,2.0420352248333655,10,10,1.0,0.0,0.0,0.0
markovian-photon-reservoir-decay,1,2.0420352248333655,10,0,0.0,0.40028297668566176,0.08764123978777844,0.7731733206029066
markovian-photon-reservoir-decay,+,2.0420352248333655,10,0,0.0,0.2497829772464945,0.04979352974463052,0.4862868261060329
markovian-photon-reservoir-decay,-,2.0420352248333655,10,0,0.0,0.2497829772464945,0.04979352974463052,0.4862868261060329
markovian-photon-reservoir-decay,+i,2.0420352248333655,10,0,0.0,0.2497829772464945,0.04979352974463052,0.4862868261060329
markovian-photon-reservoir-decay,-i,2.0420352248333655,10,0,0.0,0.2497829772464945,0.04979352974463052,0.4862868261060329
markovian-photon-reservoir-decay,cube_mmm,2.0420352248333655,10,0,0.0,0.3385839035615984,0.07176632092227454,0.6556308973087711
markovian-photon-reservoir-decay,cube_mmp,2.0420352248333655,10,0,0.0,0.14808649747393987,0.02675415776472767,0.291056049671725
markovian-photon-reservoir-decay,cube_mpm,2.0420352248333655,10,0,0.0,0.3385839035615984,0.07176632092227454,0.6556308973087711
markovian-photon-reservoir-decay,cube_mpp,2.0420352248333655,10,0,0.0,0.14808649747393987,0.02675415776472767,0.291056049671725
markovian-photon-reservoir-decay,cube_pmm,2.0420352248333655,10,0,0.0,0.3385839035615984,0.07176632092227454,0.6556308973087711
markovian-photon-reservoir-decay,cube_pmp,2.0420352248333655,10,0,0.0,0.14808649747393987,0.02675415776472767,0.291056049671725
markovian-photon-reservoir-decay,cube_ppm,2.0420352248333655,10,0,0.0,0.3385839035615984,0.07176632092227454,0.6556308973087711
markovian-photon-reservoir-decay,cube_ppp,2.0420352248333655,10,0,0.0,0.14808649747393987,0.02675415776472767,0.291056049671725
markovian-photon-reservoir-decay,0,2.199114857512855,10,10,1.0,0.0,0.0,0.0
markovian-photon-reservoir-decay,1,2.199114857512855,10,0,0.0,0.4079032819375355,0.0932839477617744,0.7849725048524072
markovian-photon-reservoir-decay,+,2.199114857512855,10,0,0.0,0.25673516845897976,0.05306959029780908,0.4981337518051522
markovian-photon-reservoir-decay,-,2.199114857512855,10,0,0.0,0.25673516845897976,0.05306959029780908,0.4981337518051522
markovian-photon-reservoir-decay,+i,2.199114857512855,10,0,0.0,0.25673516845897976,0.05306959029780908,0.4981337518051522
markovian-photon-reservoir-decay,-i,2.199114857512855,10,0,0.0,0.25673516845897976,0.05306959029780908,0.4981337518051522
markovian-photon-reservoir-decay,cube_mmm,2.199114857512855,10,0,0.0,0.3461426496606223,0.0764193961786021,0.667830943456667
markovian-photon-reservoir-decay,cube_mmp,2.199114857512855,10,0,0.0,0.15329443899390569,0.02856366124188955,0.30040875764503716
markovian-photon-reservoir-decay,cube_mpm,2.199114857512855,10,0,0.0,0.3461426496606223,0.0764193961786021,0.667830943456667
markovian-photon-reservoir-decay,cube_mpp,2.199114857512855,10,0,0.0,0.15329443899390569,0.02856366124188955,0.30040875764503716
markovian-photon-reservoir-decay,cube_pmm,2.199114857512855,10,0,0.0,0.3461426496606223,0.0764193961786021,0.667830943456667
markovian-photon-reservoir-decay,cube_pmp,2.199114857512855,10,0,0.0,0.15329443899390569,0.02856366124188955,0.30040875764503716
markovian-photon-reservoir-decay,cube_ppm,2.199114857512855,10,0,0.0,0.3461426496606223,0.0764193961786021,0.667830943456667
markovian-photon-reservoir-decay,cube_ppp,2.199114857512855,10,0,0.0,0.15329443899390569,0.02856366124188955,0.30040875764503716
markovian-photon-reservoir-decay,0,2.356194490192345,10,10,1.0,0.0,0.0,0.0
markovian-photon-reservoir-decay,1,2.356194490192345,10,0,0.0,0.4140774386971354,0.09878388284260925,0.79408494093821
markovian-photon-reservoir-decay,+,2.356194490192345,10,0,0.0,0.2628496351764117,0.056273528525770576,0.5083576888197648
markovian-photon-reservoir-decay,-,2.356194490192345,10,0,0.0,0.2628496351764117,0.056273528525770576,0.5083576888197648
markovian-photon-reservoir-decay,+i,2.356194490192345,10,0,0.0,0.2628496351764117,0.056273528525770576,0.5083576888197648
markovian-photon-reservoir-decay,-i,2.356194490192345,10,0,0.0,0.2628496351764117,0.056273528525770576,0.5083576888197648
markovian-photon-reservoir-decay,cube_mmm,2.356194490192345,10,0,0.0,0.3525207081291277,0.08095975326878262,0.6777981358461942
markovian-photon-reservoir-decay,cube_mmp,2.356194490192345,10,0,0.0,0.15801567676031666,0.03034057026710139,0.308788014493117
markovian-photon-reservoir-decay,cube_mpm,2.356194490192345,10,0,0.0,0.3525207081291277,0.08095975326878262,0.6777981358461942
markovian-photon-reservoir-decay,cube_mpp,2.356194490192345,10,0,0.0,0.15801567676031666,0.03034057026710139,0.308788014493117
markovian-photon-reservoir-decay,cube_pmm,2.356194490192345,10,0,0.0,0.3525207081291277,0.08095975326878262,0.6777981358461942
markovian-photon-reservoir-decay,cube_pmp,2.356194490192345,10,0,0.0,0.15801567676031666,0.03034057026710139,0.308788014493117
markovian-photon-reservoir-decay,cube_ppm,2.356194490192345,10,0,0.0,0.3525207081291277,0.08095975326878262,0.6777981358461942
markovian-photon-reservoir-decay,cube_ppp,2.356194490192345,10,0,0.0,0.15801567676031666,0.03034057026710139,0.308788014493117
markovian-photon-reservoir-decay,0,2.5132741228718345,10,10,1.0,0.0,0.0,0.0
markovian-photon-reservoir-decay,1,2.5132741228718345,10,0,0.0,0.4189951416232452,0.10414369912638721,0.8009087861402332
markovian-photon-reservoir-decay,+,2.5132741228718345,10,0,0.0,0.2682202896986597,0.0594066598202019,0.517159170738324
markovian-photon-reservoir-decay,-,2.5132741228718345,10,0,0.0,0.2682202896986597,0.0594066598202019,0.517159170738324
markovian-photon-reservoir-decay,+i,2.5132741228718345,10,0,0.0,0.2682202896986597,0.0594066598202019,0.517159170738324
markovian-photon-reservoir-decay,-i,2.5132741228718345,10,0,0.0,0.2682202896986597,0.0594066598202019,0.517159170738324
markovian-photon-reservoir-decay,cube_mmm,2.5132741228718345,10,0,0.0,0.3578665175802848,0.08538948245473701,0.6858451920309715
markovian-photon-reservoir-decay,cube_mmp,2.5132741228718345,10,0,0.0,0.16229440453387534,0.03208542685829368,0.31629017949536226
markovian-photon-reservoir-decay,cube_mpm,2.5132741228718345,10,0,0.0,0.3578665175802848,0.08538948245473701,0.6858451920309715
markovian-photon-reservoir-decay,cube_mpp,2.5132741228718345,10,0,0.0,0.16229440453387534,0.03208542685829368,0.31629017949536226
markovian-photon-reservoir-decay,cube_pmm,2.5132741228718345,10,0,0.0,0.3578665175802848,0.08538948245473701,0.6858451920309715
markovian-photon-reservoir-decay,cube_pmp,2.5132741228718345,10,0,0.0,0.16229440453387534,0.03208542685829368,0.31629017949536226
markovian-photon-reservoir-decay,cube_ppm,2.5132741228718345,10,0,0.0,0.3578665175802848,0.08538948245473701,0.6858451920309715
markovian-photon-reservoir-decay,cube_ppp,2.5132741228718345,10,0,0.0,0.16229440453387534,0.03208542685829368,0.31629017949536226
markovian-photon-reservoir-decay,0,2.670353755551324,10,10,1.0,0.0,0.0,0.0
markovian-photon-reservoir-decay,1,2.670353755551324,10,0,0.0,0.4228205748351205,0.10936600598875135,0.8057842605403541
markovian-photon-reservoir-decay,+,2.670353755551324,10,0,0.0,0.272928890111675,0.062470277180913254,0.5247113093218636
markovian-photon-reservoir-decay,-,2.670353755551324,10,0,0.0,0.272928890111675,0.062470277180913254,0.5247113093218636
markovian-photon-reservoir-decay,+i,2.670353755551324,10,0,0.0,0.272928890111675,0.062470277180913254,0.5247113093218636
markovian-photon-reservoir-decay,-i,2.670353755551324,10,0,0.0,0.272928890111675,0.062470277180913254,0.5247113093218636
markovian-photon-reservoir-decay,cube_mmm,2.670353755551324,10,0,0.0,0.3623085982313576,0.08971063871525897,0.6922398894540606
markovian-photon-reservoir-decay,cube_mmp,2.670353755551324,10,0,0.0,0.16616995119143557,0.03379876375487208,0.3230004713110665
markovian-photon-reservoir-decay,cube_mpm,2.670353755551324,10,0,0.0,0.3623085982313576,0.08971063871525897,0.6922398894540606
markovian-photon-reservoir-decay,cube_mpp,2.670353755551324,10,0,0.0,0.16616995119143557,0.03379876375487208,0.3230004713110665
markovian-photon-reservoir-decay,cube_pmm,2.670353755551324,10,0,0.0,0.3623085982313576,0.08971063871525897,0.6922398894540606
markovian-photon-reservoir-decay,cube_pmp,2.670353755551324,10,0,0.0,0.16616995119143557,0.03379876375487208,0.3230004713110665
markovian-photon-reservoir-decay,cube_ppm,2.670353755551324,10,0,0.0,0.3623085982313576,0.08971063871525897,0.6922398894540606
markovian-photon-reservoir-decay,cube_ppp,2.670353755551324,10,0,0.0,0.16616995119143557,0.03379876375487208,0.3230004713110665
markovian-photon-reservoir-decay,0,2.827433388230814,10,10,1.0,0.0,0.0,0.0
markovian-photon-reservoir-decay,1,2.827433388230814,10,0,0.0,0.425695957891989,0.11445336880811585,0.8090020694705053
markovian-photon-reservoir-decay,+,2.827433388230814,10,0,0.0,0.27704677311743836,0.06546565157841243,0.5311638214810113
markovian-photon-reservoir-decay,-,2.827433388230814,10,0,0.0,0.27704677311743836,0.06546565157841243,0.5311638214810113
markovian-photon-reservoir-decay,+i,2.827433388230814,10,0,0.0,0.27704677311743836,0.06546565157841243,0.5311638214810113
markovian-photon-reservoir-decay,-i,2.827433388230814,10,0,0.0,0.27704677311743836,0.06546565157841243,0.5311638214810113
markovian-photon-reservoir-decay,cube_mmm,2.827433388230814,10,0,0.0,0.3659583427870251,0.09392524231639801,0.6972116505061803
markovian-photon-reservoir-decay,cube_mmp,2.827433388230814,10,0,0.0,0.16967743105238034,0.03548110457360214,0.3289944845556691
markovian-photon-reservoir-decay,cube_mpm,2.827433388230814,10,0,0.0,0.3659583427870251,0.09392524231639801,0.6972116505061803
markovian-photon-reservoir-decay,cube_mpp,2.827433388230814,10,0,0.0,0.16967743105238034,0.03548110457360214,0.3289944845556691
markovian-photon-reservoir-decay,cube_pmm,2.827433388230814,10,0,0.0,0.3659583427870251,0.09392524231639801,0.6972116505061803
markovian-photon-reservoir-decay,cube_pmp,2.827433388230814,10,0,0.0,0.16967743105238034,0.03548110457360214,0.3289944845556691
markovian-photon-reservoir-decay,cube_ppm,2.827433388230814,10,0,0.0,0.3659583427870251,0.09392524231639801,0.6972116505061803
markovian-photon-reservoir-decay,cube_ppp,2.827433388230814,10,0,0.0,0.16967743105238034,0.03548110457360214,0.3289944845556691
markovian-photon-reservoir-decay,0,2.9845130209103035,10,10,1.0,0.0,0.0,0.0
markovian-photon-reservoir-decay,1,2.9845130209103035,10,0,0.0,0.427744588664137,0.11940830967742036,0.8108106016363792
markovian-photon-reservoir-decay,+,2.9845130209103035,10,0,0.0,0.2806363313747643,0.06839403231075855,0.5366464457093034
markovian-photon-reservoir-decay,-,2.9845130209103035,10,0,0.0,0.2806363313747643,0.06839403231075855,0.5366464457093034
markovian-photon-reservoir-decay,+i,2.9845130209103035,10,0,0.0,0.2806363313747643,0.06839403231075855,0.5366464457093034
markovian-photon-reservoir-decay,-i,2.9845130209103035,10,0,0.0,0.2806363313747643,0.06839403231075855,0.5366464457093034
markovian-photon-reservoir-decay,cube_mmm,2.9845130209103035,10,0,0.0,0.36891240934433156,0.09803527937279147,0.7009571575880533
markovian-photon-reservoir-decay,cube_mmp,2.9845130209103035,10,0,0.0,0.17284829520675374,0.03713296396202542,0.3343394742742234
markovian-photon-reservoir-decay,cube_mpm,2.9845130209103035,10,0,0.0,0.36891240934433156,0.09803527937279147,0.7009571575880533
markovian-photon-reservoir-decay,cube_mpp,2.9845130209103035,10,0,0.0,0.17284829520675374,0.03713296396202542,0.3343394742742234
markovian-photon-reservoir-decay,cube_pmm,2.9845130209103035,10,0,0.0,0.36891240934433156,0.09803527937279147,0.7009571575880533
markovian-photon-reservoir-decay,cube_pmp,2.9845130209103035,10,0,0.0,0.17284829520675374,0.03713296396202542,0.3343394742742234
markovian-photon-reservoir-decay,cube_ppm,2.9845130209103035,10,0,0.0,0.36891240934433156,0.09803527937279147,0.7009571575880533
markovian-photon-reservoir-decay,cube_ppp,2.9845130209103035,10,0,0.0,0.17284829520675374,0.03713296396202542,0.3343394742742234
markovian-photon-reservoir-decay,0,3.141592653589793,10,10,1.0,0.0,0.0,0.0
markovian-photon-reservoir-decay,1,3.141592653589793,10,0,0.0,0.4290734552953611,0.12423330810458783,0.811422080889461
markovian-photon-reservoir-decay,+,3.141592653589793,10,0,0.0,0.2837522726172364,0.07125664735478618,0.5412718405694024
markovian-photon-reservoir-decay,-,3.141592653589793,10,0,0.0,0.2837522726172364,0.07125664735478618,0.5412718405694024
markovian-photon-reservoir-decay,+i,3.141592653589793,10,0,0.0,0.2837522726172364,0.07125664735478618,0.5412718405694024
markovian-photon-reservoir-decay,-i,3.141592653589793,10,0,0.0,0.2837522726172364,0.07125664735478618,0.5412718405694024
markovian-photon-reservoir-decay,cube_mmm,3.141592653589793,10,0,0.0,0.37125477351028907,0.10204270240008816,0.7036451403248969
markovian-photon-reservoir-decay,cube_mmp,3.141592653589793,10,0,0.0,0.1757107997392195,0.038754847749444835,0.33909544596372165
markovian-photon-reservoir-decay,cube_mpm,3.141592653589793,10,0,0.0,0.37125477351028907,0.10204270240008816,0.7036451403248969
markovian-photon-reservoir-decay,cube_mpp,3.141592653589793,10,0,0.0,0.1757107997392195,0.038754847749444835,0.33909544596372165
markovian-photon-reservoir-decay,cube_pmm,3.141592653589793,10,0,0.0,0.37125477351028907,0.10204270240008816,0.7036451403248969
markovian-photon-reservoir-decay,cube_pmp,3.141592653589793,10,0,0.0,0.1757107997392195,0.038754847749444835,0.33909544596372165
markovian-photon-reservoir-decay,cube_ppm,3.141592653589793,10,0,0.0,0.37125477351028907,0.10204270240008816,0.7036451403248969
markovian-photon-reservoir-decay,cube_ppp,3.141592653589793,10,0,0.0,0.1757107997392195,0.038754847749444835,0.33909544596372165
markovian-photon-reservoir-decay,0,3.2986722862692828,10,10,1.0,0.0,0.0,0.0
markovian-photon-reservoir-decay,1,3.2986722862692828,10,0,0.0,0.4297754790318926,0.12893080170186405,0.8110178237492864
markovian-photon-reservoir-decay,+,3.2986722862692828,10,0,0.0,0.2864426925458168,0.0740547037117879,0.5451380441437187
markovian-photon-reservoir-decay,-,3.2986722862692828,10,0,0.0,0.2864426925458168,0.0740547037117879,0.5451380441437187
markovian-photon-reservoir-decay,+i,3.2986722862692828,10,0,0.0,0.2864426925458168,0.0740547037117879,0.5451380441437187
markovian-photon-reservoir-decay,-i,3.2986722862692828,10,0,0.0,0.2864426925458168,0.0740547037117879,0.5451380441437187
markovian-photon-reservoir-decay,cube_mmm,3.2986722862692828,10,0,0.0,0.3730584886653112,0.10594943085860518,0.7054204564991318
markovian-photon-reservoir-decay,cube_mmp,3.2986722862692828,10,0,0.0,0.17829040421497963,0.04034725309551692,0.3433160826352563
markovian-photon-reservoir-decay,cube_mpm,3.2986722862692828,10,0,0.0,0.3730584886653112,0.10594943085860518,0.7054204564991318
markovian-photon-reservoir-decay,cube_mpp,3.2986722862692828,10,0,0.0,0.17829040421497963,0.04034725309551692,0.3433160826352563
markovian-photon-reservoir-decay,cube_pmm,3.2986722862692828,10,0,0.0,0.3730584886653112,0.10594943085860518,0.7054204564991318
markovian-photon-reservoir-decay,cube_pmp,3.2986722862692828,10,0,0.0,0.17829040421497963,0.04034725309551692,0.3433160826352563
markovian-photon-reservoir-decay,cube_ppm,3.2986722862692828,10,0,0.0,0.3730584886653112,0.10594943085860518,0.7054204564991318
markovian-photon-reservoir-decay,cube_ppp,3.2986722862692828,10,0,0.0,0.17829040421497963,0.04034725309551692,0.3433160826352563
markovian-photon-reservoir-decay,0,3.4557519189487724,10,10,1.0,0.0,0.0,0.0
markovian-photon-reservoir-decay,1,3.4557519189487724,10,0,0.0,0.42993144077826606,0.13350318686421178,0.8097527326676702
markovian-photon-reservoir-decay,+,3.4557519189487724,10,0,0.0,0.2887499889553225,0.07678938774774362,0.5483305615996142
markovian-photon-reservoir-decay,-,3.4557519189487724,10,0,0.0,0.2887499889553225,0.07678938774774362,0.5483305615996142
markovian-photon-reservoir-decay,+i,3.4557519189487724,10,0,0.0,0.2887499889553225,0.07678938774774362,0.5483305615996142
markovian-photon-reservoir-decay,-i,3.4557519189487724,10,0,0.0,0.2887499889553225,0.07678938774774362,0.5483305615996142
markovian-photon-reservoir-decay,cube_mmm,3.4557519189487724,10,0,0.0,0.37438719623715866,0.10975735168835285,0.7064075706253621
markovian-photon-reservoir-decay,cube_mmp,3.4557519189487724,10,0,0.0,0.18061011164267615,0.04191066863648456,0.34704953521981835
markovian-photon-reservoir-decay,cube_mpm,3.4557519189487724,10,0,0.0,0.37438719623715866,0.10975735168835285,0.7064075706253621
markovian-photon-reservoir-decay,cube_mpp,3.4557519189487724,10,0,0.0,0.18061011164267615,0.04191066863648456,0.34704953521981835
markovian-photon-reservoir-decay,cube_pmm,3.4557519189487724,10,0,0.0,0.37438719623715866,0.10975735168835285,0.7064075706253621
markovian-photon-reservoir-decay,cube_pmp,3.4557519189487724,10,0,0.0,0.18061011164267615,0.04191066863648456,0.34704953521981835
markovian-photon-reservoir-decay,cube_ppm,3.4557519189487724,10,0,0.0,0.37438719623715866,0.10975735168835285,0.7064075706253621
markovian-photon-reservoir-decay,cube_ppp,3.4557519189487724,10,0,0.0,0.18061011164267615,0.04191066863648456,0.34704953521981835
markovian-photon-reservoir-decay,0,3.612831551628262,10,10,1.0,0.0,0.0,0.0
markovian-photon-reservoir-decay,1,3.612831551628262,10,0,0.0,0.42961163661691176,0.13726640587015515,0.8077591361305492
markovian-photon-reservoir-decay,+,3.612831551628262,10,0,0.0,0.29071164064108146,0.07946186552818156,0.550924137929476
markovian-photon-reservoir-decay,-,3.612831551628262,10,0,0.0,0.29071164064108146,0.07946186552818156,0.550924137929476
markovian-photon-reservoir-decay,+i,3.612831551628262,10,0,0.0,0.29071164064108146,0.07946186552818156,0.550924137929476
markovian-photon-reservoir-decay,-i,3.612831551628262,10,0,0.0,0.29071164064108146,0.07946186552818156,0.550924137929476
markovian-photon-reservoir-decay,cube_mmm,3.612831551628262,10,0,0.0,0.375296421801488,0.1134683198355672,0.7067135189715942
markovian-photon-reservoir-decay,cube_mmp,3.612831551628262,10,0,0.0,0.1826907593061414,0.043445574629087366,0.35033909826722415
markovian-photon-reservoir-decay,cube_mpm,3.612831551628262,10,0,0.0,0.375296421801488,0.1134683198355672,0.7067135189715942
markovian-photon-reservoir-decay,cube_mpp,3.612831551628262,10,0,0.0,0.1826907593061414,0.043445574629087366,0.35033909826722415
markovian-photon-reservoir-decay,cube_pmm,3.612831551628262,10,0,0.0,0.375296421801488,0.1134683198355672,0.7067135189715942
markovian-photon-reservoir-decay,cube_pmp,3.612831551628262,10,0,0.0,0.1826907593061414,0.043445574629087366,0.35033909826722415
markovian-photon-reservoir-decay,cube_ppm,3.612831551628262,10,0,0.0,0.375296421801488,0.1134683198355672,0.7067135189715942
markovian-photon-reservoir-decay,cube_ppp,3.612831551628262,10,0,0.0,0.1826907593061414,0.043445574629087366,0.35033909826722415
markovian-photon-reservoir-decay,0,3.7699111843077517,10,10,1.0,0.0,0.0,0.0
markovian-photon-reservoir-decay,1,3.7699111843077517,10,0,0.0,0.4288773010082047,0.12878169121754218,0.8051500705437533
markovian-photon-reservoir-decay,+,3.7699111843077517,10,0,0.0,0.2923608712562594,0.08207328314775687,0.552984264286493
markovian-photon-reservoir-decay,-,3.7699111843077517,10,0,0.0,0.2923608712562594,0.08207328314775687,0.552984264286493
markovian-photon-reservoir-decay,+i,3.7699111843077517,10,0,0.0,0.2923608712562594,0.08207328314775687,0.552984264286493
markovian-photon-reservoir-decay,-i,3.7699111843077517,10,0,0.0,0.2923608712562594,0.08207328314775687,0.552984264286493
markovian-photon-reservoir-decay,cube_mmm,3.7699111843077517,10,0,0.0,0.3758346876513644,0.11708415877088145,0.7064304368751394
markovian-photon-reservoir-decay,cube_mmp,3.7699111843077517,10,0,0.0,0.18455126831744156,0.044952443092183665,0.3532237892421302
markovian-photon-reservoir-decay,cube_mpm,3.7699111843077517,10,0,0.0,0.3758346876513644,0.11708415877088145,0.7064304368751394
markovian-photon-reservoir-decay,cube_mpp,3.7699111843077517,10,0,0.0,0.18455126831744156,0.044952443092183665,0.3532237892421302
markovian-photon-reservoir-decay,cube_pmm,3.7699111843077517,10,0,0.0,0.3758346876513644,0.11708415877088145,0.7064304368751394
markovian-photon-reservoir-decay,cube_pmp,3.7699111843077517,10,0,0.0,0.18455126831744156,0.044952443092183665,0.3532237892421302
markovian-photon-reservoir-decay,cube_ppm,3.7699111843077517,10,0,0.0,0.3758346876513644,0.11708415877088145,0.7064304368751394
markovian-photon-reservoir-decay,cube_ppp,3.7699111843077517,10,0,0.0,0.18455126831744156,0.044952443092183665,0.3532237892421302
markovian-photon-reservoir-decay,0,3.9269908169872414,10,10,1.0,0.0,0.0,0.0
markovian-photon-reservoir-decay,1,3.9269908169872414,10,0,0.0,0.42778183081123544,0.12066404970750305,0.80202208504726
markovian-photon-reservoir-decay,+,3.9269908169872414,10,0,0.0,0.29372721537713925,0.08462476705462933,0.55456845895409
markovian-photon-reservoir-decay,-,3.9269908169872414,10,0,0.0,0.29372721537713925,0.08462476705462933,0.55456845895409
markovian-photon-reservoir-decay,+i,3.9269908169872414,10,0,0.0,0.29372721537713925,0.08462476705462933,0.55456845895409
markovian-photon-reservoir-decay,-i,3.9269908169872414,10,0,0.0,0.29372721537713925,0.08462476705462933,0.55456845895409
markovian-photon-reservoir-decay,cube_mmm,3.9269908169872414,10,0,0.0,0.37604446805480785,0.12060666099926741,0.7056377131048144
markovian-photon-reservoir-decay,cube_mmp,3.9269908169872414,10,0,0.0,0.18620885844833607,0.04643173794611871,0.3557388466759641
markovian-photon-reservoir-decay,cube_mpm,3.9269908169872414,10,0,0.0,0.37604446805480785,0.12060666099926741,0.7056377131048144
markovian-photon-reservoir-decay,cube_mpp,3.9269908169872414,10,0,0.0,0.18620885844833607,0.04643173794611871,0.3557388466759641
markovian-photon-reservoir-decay,cube_pmm,3.9269908169872414,10,0,0.0,0.37604446805480785,0.12060666099926741,0.7056377131048144
markovian-photon-reservoir-decay,cube_pmp,3.9269908169872414,10,0,0.0,0.18620885844833607,0.04643173794611871,0.3557388466759641
markovian-photon-reservoir-decay,cube_ppm,3.9269908169872414,10,0,0.0,0.37604446805480785,0.12060666099926741,0.7056377131048144
markovian-photon-reservoir-decay,cube_ppp,3.9269908169872414,10,0,0.0,0.18620885844833607,0.04643173794611871,0.3557388466759641
markovian-photon-reservoir-decay,0,4.084070449666731,10,10,1.0,0.0,0.0,0.0
markovian-photon-reservoir-decay,1,4.084070449666731,10,0,0.0,0.42637183849581606,0.11292555779185764,0.7984576386069857
markovian-photon-reservoir-decay,+,4.084070449666731,10,0,0.0,0.2948370015200731,0.08711742436972476,0.5557273576903445
markovian-photon-reservoir-decay,-,4.084070449666731,10,0,0.0,0.2948370015200731,0.08711742436972476,0.5557273576903445
markovian-photon-reservoir-decay,+i,4.084070449666731,10,0,0.0,0.2948370015200731,0.08711742436972476,0.5557273576903445
markovian-photon-reservoir-decay,-i,4.084070449666731,10,0,0.0,0.2948370015200731,0.08711742436972476,0.5557273576903445
markovian-photon-reservoir-decay,cube_mmm,4.084070449666731,10,0,0.0,0.37596300963955614,0.12403758856187935,0.7044038265205167
markovian-photon-reservoir-decay,cube_mmp,4.084070449666731,10,0,0.0,0.1876792337107553,0.047883915149872724,0.35791615989482534
markovian-photon-reservoir-decay,cube_mpm,4.084070449666731,10,0,0.0,0.37596300963955614,0.12403758856187935,0.7044038265205167
markovian-photon-reservoir-decay,cube_mpp,4.084070449666731,10,0,0.0,0.1876792337107553,0.047883915149872724,0.35791615989482534
markovian-photon-reservoir-decay,cube_pmm,4.084070449666731,10,0,0.0,0.37596300963955614,0.12403758856187935,0.7044038265205167
markovian-photon-reservoir-decay,cube_pmp,4.084070449666731,10,0,0.0,0.1876792337107553,0.047883915149872724,0.35791615989482534
markovian-photon-reservoir-decay,cube_ppm,4.084070449666731,10,0,0.0,0.37596300963955614,0.12403758856187935,0.7044038265205167
markovian-photon-reservoir-decay,cube_ppp,4.084070449666731,10,0,0.0,0.1876792337107553,0.047883915149872724,0.35791615989482534
markovian-photon-reservoir-decay,0,4.241150082346221,10,10,1.0,0.0,0.0,0.0
markovian-photon-reservoir-decay,1,4.241150082346221,10,0,0.0,0.4246880588362372,0.10557159377393927,0.7945271486523013
markovian-photon-reservoir-decay,+,4.241150082346221,10,0,0.0,0.29571376468657695,0.08955234320095738,0.556505642828899
markovian-photon-reservoir-decay,-,4.241150082346221,10,0,0.0,0.29571376468657695,0.08955234320095738,0.556505642828899
markovian-photon-reservoir-decay,+i,4.241150082346221,10,0,0.0,0.29571376468657695,0.08955234320095738,0.556505642828899
markovian-photon-reservoir-decay,-i,4.241150082346221,10,0,0.0,0.29571376468657695,0.08955234320095738,0.556505642828899
markovian-photon-reservoir-decay,cube_mmm,4.241150082346221,10,0,0.0,0.3756230361155187,0.12439795748039309,0.7027879121516823
markovian-photon-reservoir-decay,cube_mmp,4.241150082346221,10,0,0.0,0.1889767432480664,0.04930942283602181,0.3597846409301075
markovian-photon-reservoir-decay,cube_mpm,4.241150082346221,10,0,0.0,0.3756230361155187,0.12439795748039309,0.7027879121516823
markovian-photon-reservoir-decay,cube_mpp,4.241150082346221,10,0,0.0,0.1889767432480664,0.04930942283602181,0.3597846409301075
markovian-photon-reservoir-decay,cube_pmm,4.241150082346221,10,0,0.0,0.3756230361155187,0.12439795748039309,0.7027879121516823
markovian-photon-reservoir-decay,cube_pmp,4.241150082346221,10,0,0.0,0.1889767432480664,0.04930942283602181,0.3597846409301075
markovian-photon-reservoir-decay,cube_ppm,4.241150082346221,10,0,0.0,0.3756230361155187,0.12439795748039309,0.7027879121516823
markovian-photon-reservoir-decay,cube_ppp,4.241150082346221,10,0,0.0,0.1889767432480664,0.04930942283602181,0.3597846409301075
markovian-photon-reservoir-decay,0,4.39822971502571,10,10,1.0,0.0,0.0,0.0
markovian-photon-reservoir-decay,1,4.39822971502571,10,0,0.0,0.4227661298870487,0.09860218482138267,0.7902907419120154
markovian-photon-reservoir-decay,+,4.39822971502571,10,0,0.0,0.29637859914648457,0.09193059295249645,0.5569428359639135
markovian-photon-reservoir-decay,-,4.39822971502571,10,0,0.0,0.29637859914648457,0.09193059295249645,0.5569428359639135
markovian-photon-reservoir-decay,+i,4.39822971502571,10,0,0.0,0.29637859914648457,0.09193059295249645,0.5569428359639135
markovian-photon-reservoir-decay,-i,4.39822971502571,10,0,0.0,0.29637859914648457,0.09193059295249645,0.5569428359639135
markovian-photon-reservoir-decay,cube_mmm,4.39822971502571,10,0,0.0,0.3750533537882704,0.11945744577789036,0.700841096863828
markovian-photon-reservoir-decay,cube_mmp,4.39822971502571,10,0,0.0,0.19011452134053958,0.05070870144354458,0.3613705474615911
markovian-photon-reservoir-decay,cube_mpm,4.39822971502571,10,0,0.0,0.3750533537882704,0.11945744577789036,0.700841096863828
markovian-photon-reservoir-decay,cube_mpp,4.39822971502571,10,0,0.0,0.19011452134053958,0.05070870144354458,0.3613705474615911
markovian-photon-reservoir-decay,cube_pmm,4.39822971502571,10,0,0.0,0.3750533537882704,0.11945744577789036,0.700841096863828
markovian-photon-reservoir-decay,cube_pmp,4.39822971502571,10,0,0.0,0.19011452134053958,0.05070870144354458,0.3613705474615911
markovian-photon-reservoir-decay,cube_ppm,4.39822971502571,10,0,0.0,0.3750533537882704,0.11945744577789036,0.700841096863828
markovian-photon-reservoir-decay,cube_ppp,4.39822971502571,10,0,0.0,0.19011452134053958,0.05070870144354458,0.3613705474615911
markovian-photon-reservoir-decay,0,4.5553093477052,10,10,1.0,0.0,0.0,0.0
markovian-photon-reservoir-decay,1,4.5553093477052,10,0,0.0,0.4206372660551769,0.09201312997136168,0.7857997507384673
markovian-photon-reservoir-decay,+,4.5553093477052,10,0,0.0,0.29685046056401315,0.09425322462915171,0.5570739751839765
markovian-photon-reservoir-decay,-,4.5553093477052,10,0,0.0,0.29685046056401315,0.09425322462915171,0.5570739751839765
markovian-photon-reservoir-decay,+i,4.5553093477052,10,0,0.0,0.29685046056401315,0.09425322462915171,0.5570739751839765
markovian-photon-reservoir-decay,-i,4.5553093477052,10,0,0.0,0.29685046056401315,0.09425322462915171,0.5570739751839765
markovian-photon-reservoir-decay,cube_mmm,4.5553093477052,10,0,0.0,0.3742793719626573,0.11472959656395318,0.6986076388405515
markovian-photon-reservoir-decay,cube_mmp,4.5553093477052,10,0,0.0,0.19110460969691279,0.05208218384850731,0.3626977641832736
markovian-photon-reservoir-decay,cube_mpm,4.5553093477052,10,0,0.0,0.3742793719626573,0.11472959656395318,0.6986076388405515
markovian-photon-reservoir-decay,cube_mpp,4.5553093477052,10,0,0.0,0.19110460969691279,0.05208218384850731,0.3626977641832736
markovian-photon-reservoir-decay,cube_pmm,4.5553093477052,10,0,0.0,0.3742793719626573,0.11472959656395318,0.6986076388405515
markovian-photon-reservoir-decay,cube_pmp,4.5553093477052,10,0,0.0,0.19110460969691279,0.05208218384850731,0.3626977641832736
markovian-photon-reservoir-decay,cube_ppm,4.5553093477052,10,0,0.0,0.3742793719626573,0.11472959656395318,0.6986076388405515
markovian-photon-reservoir-decay,cube_ppp,4.5553093477052,10,0,0.0,0.19110460969691279,0.05208218384850731,0.3626977641832736
markovian-photon-reservoir-decay,0,4.71238898038469,10,10,1.0,0.0,0.0,0.0
markovian-photon-reservoir-decay,1,4.71238898038469,10,0,0.0,0.41832883852793346,0.08579693382102549,0.7810979919166262
markovian-photon-reservoir-decay,+,4.71238898038469,10,0,0.0,0.2971464251940469,0.09652127113595707,0.5569301945488829
markovian-photon-reservoir-decay,-,4.71238898038469,10,0,0.0,0.2971464251940469,0.09652127113595707,0.5569301945488829
markovian-photon-reservoir-decay,+i,4.71238898038469,10,0,0.0,0.2971464251940469,0.09652127113595707,0.5569301945488829
markovian-photon-reservoir-decay,-i,4.71238898038469,10,0,0.0,0.2971464251940469,0.09652127113595707,0.5569301945488829
markovian-photon-reservoir-decay,cube_mmm,4.71238898038469,10,0,0.0,0.3733235503248832,0.11020944750540942,0.696125900033506
markovian-photon-reservoir-decay,cube_mmp,4.71238898038469,10,0,0.0,0.1919580646789532,0.053430295492658014,0.3637880487705428
markovian-photon-reservoir-decay,cube_mpm,4.71238898038469,10,0,0.0,0.3733235503248832,0.11020944750540942,0.696125900033506
markovian-photon-reservoir-decay,cube_mpp,4.71238898038469,10,0,0.0,0.1919580646789532,0.053430295492658014,0.3637880487705428
markovian-photon-reservoir-decay,cube_pmm,4.71238898038469,10,0,0.0,0.3733235503248832,0.11020944750540942,0.696125900033506
markovian-photon-reservoir-decay,cube_pmp,4.71238898038469,10,0,0.0,0.1919580646789532,0.053430295492658014,0.3637880487705428
markovian-photon-reservoir-decay,cube_ppm,4.71238898038469,10,0,0.0,0.3733235503248832,0.11020944750540942,0.696125900033506
markovian-photon-reservoir-decay,cube_ppp,4.71238898038469,10,0,0.0,0.1919580646789532,0.053430295492658014,0.3637880487705428
markovian-photon-reservoir-decay,0,4.869468613064179,10,10,1.0,0.0,0.0,0.0
markovian-photon-reservoir-decay,1,4.869468613064179,10,0,0.0,0.41586487613045786,0.07994358039189325,0.7762228595770713
markovian-photon-reservoir-decay,+,4.869468613064179,10,0,0.0,0.29728191269624077,0.0987357475730271,0.5565392207370792
markovian-photon-reservoir-decay,-,4.869468613064179,10,0,0.0,0.29728191269624077,0.0987357475730271,0.5565392207370792
markovian-photon-reservoir-decay,+i,4.869468613064179,10,0,0.0,0.29728191269624077,0.0987357475730271,0.5565392207370792
markovian-photon-reservoir-decay,-i,4.869468613064179,10,0,0.0,0.29728191269624077,0.0987357475730271,0.5565392207370792
markovian-photon-reservoir-decay,cube_mmm,4.869468613064179,10,0,0.0,0.3722057836732804,0.10589049521962372,0.6934291764012698
markovian-photon-reservoir-decay,cube_mmp,4.869468613064179,10,0,0.0,0.19268505167001465,0.05475345450996224,0.36466124762164187
markovian-photon-reservoir-decay,cube_mpm,4.869468613064179,10,0,0.0,0.3722057836732804,0.10589049521962372,0.6934291764012698
markovian-photon-reservoir-decay,cube_mpp,4.869468613064179,10,0,0.0,0.19268505167001465,0.05475345450996224,0.36466124762164187
markovian-photon-reservoir-decay,cube_pmm,4.869468613064179,10,0,0.0,0.3722057836732804,0.10589049521962372,0.6934291764012698
markovian-photon-reservoir-decay,cube_pmp,4.869468613064179,10,0,0.0,0.19268505167001465,0.05475345450996224,0.36466124762164187
markovian-photon-reservoir-decay,cube_ppm,4.869468613064179,10,0,0.0,0.3722057836732804,0.10589049521962372,0.6934291764012698
markovian-photon-reservoir-decay,cube_ppp,4.869468613064179,10,0,0.0,0.19268505167001465,0.05475345450996224,0.36466124762164187
markovian-photon-reservoir-decay,0,5.026548245743669,10,10,1.0,0.0,0.0,0.0
markovian-photon-reservoir-decay,1,5.026548245743669,10,0,0.0,0.41326649781545877,0.07444117222163704,0.771206259235483
markovian-photon-reservoir-decay,+,5.026548245743669,10,0,0.0,0.29727087810669955,0.10089765152576147,0.5559257994554238
markovian-photon-reservoir-decay,-,5.026548245743669,10,0,0.0,0.29727087810669955,0.10089765152576147,0.5559257994554238
markovian-photon-reservoir-decay,+i,5.026548245743669,10,0,0.0,0.29727087810669955,0.10089765152576147,0.5559257994554238
markovian-photon-reservoir-decay,-i,5.026548245743669,10,0,0.0,0.29727087810669955,0.10089765152576147,0.5559257994554238
markovian-photon-reservoir-decay,cube_mmm,5.026548245743669,10,0,0.0,0.37094373289857746,0.10176517559875821,0.6905464070632894
markovian-photon-reservoir-decay,cube_mmp,5.026548245743669,10,0,0.0,0.19329492843700669,0.05605207185111015,0.3653354857116679
markovian-photon-reservoir-decay,cube_mpm,5.026548245743669,10,0,0.0,0.37094373289857746,0.10176517559875821,0.6905464070632894
markovian-photon-reservoir-decay,cube_mpp,5.026548245743669,10,0,0.0,0.19329492843700669,0.05605207185111015,0.3653354857116679
markovian-photon-reservoir-decay,cube_pmm,5.026548245743669,10,0,0.0,0.37094373289857746,0.10176517559875821,0.6905464070632894
markovian-photon-reservoir-decay,cube_pmp,5.026548245743669,10,0,0.0,0.19329492843700669,0.05605207185111015,0.3653354857116679
markovian-photon-reservoir-decay,cube_ppm,5.026548245743669,10,0,0.0,0.37094373289857746,0.10176517559875821,0.6905464070632894
markovian-photon-reservoir-decay,cube_ppp,5.026548245743669,10,0,0.0,0.19329492843700669,0.05605207185111015,0.3653354857116679
markovian-photon-reservoir-decay,0,5.183627878423159,10,10,1.0,0.0,0.0,0.0
markovian-photon-reservoir-decay,1,5.183627878423159,10,0,0.0,0.4105522863871186,0.06927645595728976,0.7660754060531547
markovian-photon-reservoir-decay,+,5.183627878423159,10,0,0.0,0.2971259776480756,0.10300796335046926,0.5551120622319582
markovian-photon-reservoir-decay,-,5.183627878423159,10,0,0.0,0.2971259776480756,0.10300796335046926,0.5551120622319582
markovian-photon-reservoir-decay,+i,5.183627878423159,10,0,0.0,0.2971259776480756,0.10300796335046926,0.5551120622319582
markovian-photon-reservoir-decay,-i,5.183627878423159,10,0,0.0,0.2971259776480756,0.10300796335046926,0.5551120622319582
markovian-photon-reservoir-decay,cube_mmm,5.183627878423159,10,0,0.0,0.369553109856448,0.09782524866660153,0.6875027803454336
markovian-photon-reservoir-decay,cube_mmp,5.183627878423159,10,0,0.0,0.19379631903540448,0.057326551406025925,0.3658273342042991
markovian-photon-reservoir-decay,cube_mpm,5.183627878423159,10,0,0.0,0.369553109856448,0.09782524866660153,0.6875027803454336
markovian-photon-reservoir-decay,cube_mpp,5.183627878423159,10,0,0.0,0.19379631903540448,0.057326551406025925,0.3658273342042991
markovian-photon-reservoir-decay,cube_pmm,5.183627878423159,10,0,0.0,0.369553109856448,0.09782524866660153,0.6875027803454336
markovian-photon-reservoir-decay,cube_pmp,5.183627878423159,10,0,0.0,0.19379631903540448,0.057326551406025925,0.3658273342042991
markovian-photon-reservoir-decay,cube_ppm,5.183627878423159,10,0,0.0,0.369553109856448,0.09782524866660153,0.6875027803454336
markovian-photon-reservoir-decay,cube_ppp,5.183627878423159,10,0,0.0,0.19379631903540448,0.057326551406025925,0.3658273342042991
markovian-photon-reservoir-decay,0,5.340707511102648,10,10,1.0,0.0,0.0,0.0
markovian-photon-reservoir-decay,1,5.340707511102648,10,0,0.0,0.40773861169069014,0.06443525250432747,0.7608535070559302
markovian-photon-reservoir-decay,+,5.340707511102648,10,0,0.0,0.29685871232880146,0.10215535841228696,0.5541178425510844
markovian-photon-reservoir-decay,-,5.340707511102648,10,0,0.0,0.29685871232880146,0.10215535841228696,0.5541178425510844
markovian-photon-reservoir-decay,+i,5.340707511102648,10,0,0.0,0.29685871232880146,0.10215535841228696,0.5541178425510844
markovian-photon-reservoir-decay,-i,5.340707511102648,10,0,0.0,0.29685871232880146,0.10215535841228696,0.5541178425510844
markovian-photon-reservoir-decay,cube_mmm,5.340707511102648,10,0,0.0,0.3680479226966966,0.09406210322635795,0.6843202520103924
markovian-photon-reservoir-decay,cube_mmp,5.340707511102648,10,0,0.0,0.19419717955843213,0.05857729012440877,0.3661519588906963
markovian-photon-reservoir-decay,cube_mpm,5.340707511102648,10,0,0.0,0.3680479226966966,0.09406210322635795,0.6843202520103924
markovian-photon-reservoir-decay,cube_mpp,5.340707511102648,10,0,0.0,0.19419717955843213,0.05857729012440877,0.3661519588906963
markovian-photon-reservoir-decay,cube_pmm,5.340707511102648,10,0,0.0,0.3680479226966966,0.09406210322635795,0.6843202520103924
markovian-photon-reservoir-decay,cube_pmp,5.340707511102648,10,0,0.0,0.19419717955843213,0.05857729012440877,0.3661519588906963
markovian-photon-reservoir-decay,cube_ppm,5.340707511102648,10,0,0.0,0.3680479226966966,0.09406210322635795,0.6843202520103924
markovian-photon-reservoir-decay,cube_ppp,5.340707511102648,10,0,0.0,0.19419717955843213,0.05857729012440877,0.3661519588906963
markovian-photon-reservoir-decay,0,5.497787143782138,10,10,1.0,0.0,0.0,0.0
markovian-photon-reservoir-decay,1,5.497787143782138,10,0,0.0,0.4048399103262367,0.059902807044080686,0.7555603441798558
markovian-photon-reservoir-decay,+,5.497787143782138,10,0,0.0,0.2964795526630124,0.09912380914592785,0.5529609488912115
markovian-photon-reservoir-decay,-,5.497787143782138,10,0,0.0,0.2964795526630124,0.09912380914592785,0.5529609488912115
markovian-photon-reservoir-decay,+i,5.497787143782138,10,0,0.0,0.2964795526630124,0.09912380914592785,0.5529609488912115
markovian-photon-reservoir-decay,-i,5.497787143782138,10,0,0.0,0.2964795526630124,0.09912380914592785,0.5529609488912115
markovian-photon-reservoir-decay,cube_mmm,5.497787143782138,10,0,0.0,0.36644068728767687,0.09046699448107587,0.681017988681291
markovian-photon-reservoir-decay,cube_mmp,5.497787143782138,10,0,0.0,0.19450485682551705,0.05980467813433634,0.3663232520462976
markovian-photon-reservoir-decay,cube_mpm,5.497787143782138,10,0,0.0,0.36644068728767687,0.09046699448107587,0.681017988681291
markovian-photon-reservoir-decay,cube_mpp,5.497787143782138,10,0,0.0,0.19450485682551705,0.05980467813433634,0.3663232520462976
markovian-photon-reservoir-decay,cube_pmm,5.497787143782138,10,0,0.0,0.36644068728767687,0.09046699448107587,0.681017988681291
markovian-photon-reservoir-decay,cube_pmp,5.497787143782138,10,0,0.0,0.19450485682551705,0.05980467813433634,0.3663232520462976
markovian-photon-reservoir-decay,cube_ppm,5.497787143782138,10,0,0.0,0.36644068728767687,0.09046699448107587,0.681017988681291
markovian-photon-reservoir-decay,cube_ppp,5.497787143782138,10,0,0.0,0.19450485682551705,0.05980467813433634,0.3663232520462976
markovian-photon-reservoir-decay,0,5.654866776461628,10,10,1.0,0.0,0.0,0.0
markovian-photon-reservoir-decay,1,5.654866776461628,10,0,0.0,0.40186892794065143,0.05566407189741063,0.7502127725598001
markovian-photon-reservoir-decay,+,5.654866776461628,10,0,0.0,0.2959980473189058,0.09615271276635316,0.5516574010469322
markovian-photon-reservoir-decay,-,5.654866776461628,10,0,0.0,0.2959980473189058,0.09615271276635316,0.5516574010469322
markovian-photon-reservoir-decay,+i,5.654866776461628,10,0,0.0,0.2959980473189058,0.09615271276635316,0.5516574010469322
markovian-photon-reservoir-decay,-i,5.654866776461628,10,0,0.0,0.2959980473189058,0.09615271276635316,0.5516574010469322
markovian-photon-reservoir-decay,cube_mmm,5.654866776461628,10,0,0.0,0.3647426095787916,0.0870312259971004,0.6776127475223231
markovian-photon-reservoir-decay,cube_mmp,5.654866776461628,10,0,0.0,0.19472614093419877,0.06100909885895681,0.3663539498977416
markovian-photon-reservoir-decay,cube_mpm,5.654866776461628,10,0,0.0,0.3647426095787916,0.0870312259971004,0.6776127475223231
markovian-photon-reservoir-decay,cube_mpp,5.654866776461628,10,0,0.0,0.19472614093419877,0.06100909885895681,0.3663539498977416
markovian-photon-reservoir-decay,cube_pmm,5.654866776461628,10,0,0.0,0.3647426095787916,0.0870312259971004,0.6776127475223231
markovian-photon-reservoir-decay,cube_pmp,5.654866776461628,10,0,0.0,0.19472614093419877,0.06100909885895681,0.3663539498977416
markovian-photon-reservoir-decay,cube_ppm,5.654866776461628,10,0,0.0,0.3647426095787916,0.0870312259971004,0.6776127475223231
markovian-photon-reservoir-decay,cube_ppp,5.654866776461628,10,0,0.0,0.19472614093419877,0.06100909885895681,0.3663539498977416
markovian-photon-reservoir-decay,0,5.811946409141117,10,10,1.0,0.0,0.0,0.0
markovian-photon-reservoir-decay,1,5.811946409141117,10,0,0.0,0.39883692929212466,0.051703933225622334,0.7448251463816866
markovian-photon-reservoir-decay,+,5.811946409141117,10,0,0.0,0.2954229180610769,0.09324304245700561,0.5502216351264468
markovian-photon-reservoir-decay,-,5.811946409141117,10,0,0.0,0.2954229180610769,0.09324304245700561,0.5502216351264468
markovian-photon-reservoir-decay,+i,5.811946409141117,10,0,0.0,0.2954229180610769,0.09324304245700561,0.5502216351264468
markovian-photon-reservoir-decay,-i,5.811946409141117,10,0,0.0,0.2954229180610769,0.09324304245700561,0.5502216351264468
markovian-photon-reservoir-decay,cube_mmm,5.811946409141117,10,0,0.0,0.36296374305911905,0.08374628579297667,0.6741192015859107
markovian-photon-reservoir-decay,cube_mmp,5.811946409141117,10,0,0.0,0.19486731245776645,0.06219092913130161,0.36625573756002233
markovian-photon-reservoir-decay,cube_mpm,5.811946409141117,10,0,0.0,0.36296374305911905,0.08374628579297667,0.6741192015859107
markovian-photon-reservoir-decay,cube_mpp,5.811946409141117,10,0,0.0,0.19486731245776645,0.06219092913130161,0.36625573756002233
markovian-photon-reservoir-decay,cube_pmm,5.811946409141117,10,0,0.0,0.36296374305911905,0.08374628579297667,0.6741192015859107
markovian-photon-reservoir-decay,cube_pmp,5.811946409141117,10,0,0.0,0.19486731245776645,0.06219092913130161,0.36625573756002233
markovian-photon-reservoir-decay,cube_ppm,5.811946409141117,10,0,0.0,0.36296374305911905,0.08374628579297667,0.6741192015859107
markovian-photon-reservoir-decay,cube_ppp,5.811946409141117,10,0,0.0,0.19486731245776645,0.06219092913130161,0.36625573756002233
markovian-photon-reservoir-decay,0,5.969026041820607,10,10,1.0,0.0,0.0,0.0
markovian-photon-reservoir-decay,1,5.969026041820607,10,0,0.0,0.3957538805447419,0.04800739086904837,0.7394096828280072
markovian-photon-reservoir-decay,+,5.969026041820607,10,0,0.0,0.29476214297980685,0.09039550870278866,0.5486666817808787
markovian-photon-reservoir-decay,-,5.969026041820607,10,0,0.0,0.29476214297980685,0.09039550870278866,0.5486666817808787
markovian-photon-reservoir-decay,+i,5.969026041820607,10,0,0.0,0.29476214297980685,0.09039550870278866,0.5486666817808787
markovian-photon-reservoir-decay,-i,5.969026041820607,10,0,0.0,0.29476214297980685,0.09039550870278866,0.5486666817808787
markovian-photon-reservoir-decay,cube_mmm,5.969026041820607,10,0,0.0,0.3611131248803552,0.08060394493910422,0.6705502188291068
markovian-photon-reservoir-decay,cube_mmp,5.969026041820607,10,0,0.0,0.19493418495292408,0.0633505393072439,0.3660393430267147
markovian-photon-reservoir-decay,cube_mpm,5.969026041820607,10,0,0.0,0.3611131248803552,0.08060394493910422,0.6705502188291068
markovian-photon-reservoir-decay,cube_mpp,5.969026041820607,10,0,0.0,0.19493418495292408,0.0633505393072439,0.3660393430267147
markovian-photon-reservoir-decay,cube_pmm,5.969026041820607,10,0,0.0,0.3611131248803552,0.08060394493910422,0.6705502188291068
markovian-photon-reservoir-decay,cube_pmp,5.969026041820607,10,0,0.0,0.19493418495292408,0.0633505393072439,0.3660393430267147
markovian-photon-reservoir-decay,cube_ppm,5.969026041820607,10,0,0.0,0.3611131248803552,0.08060394493910422,0.6705502188291068
markovian-photon-reservoir-decay,cube_ppp,5.969026041820607,10,0,0.0,0.19493418495292408,0.0633505393072439,0.3660393430267147
markovian-photon-reservoir-decay,0,6.126105674500097,10,10,1.0,0.0,0.0,0.0
markovian-photon-reservoir-decay,1,6.126105674500097,10,0,0.0,0.39262860762008006,0.04455969918594699,0.7339767731156502
markovian-photon-reservoir-decay,+,6.126105674500097,10,0,0.0,0.2940230296869022,0.08761060057174926,0.5470043215203769
markovian-photon-reservoir-decay,-,6.126105674500097,10,0,0.0,0.2940230296869022,0.08761060057174926,0.5470043215203769
markovian-photon-reservoir-decay,+i,6.126105674500097,10,0,0.0,0.2940230296869022,0.08761060057174926,0.5470043215203769
markovian-photon-reservoir-decay,-i,6.126105674500097,10,0,0.0,0.2940230296869022,0.08761060057174926,0.5470043215203769
markovian-photon-reservoir-decay,cube_mmm,6.126105674500097,10,0,0.0,0.35919889370390595,0.07759632582204401,0.6669171016059694
markovian-photon-reservoir-decay,cube_mmp,6.126105674500097,10,0,0.0,0.1949321433435526,0.06448829337663275,0.3657146215642345
markovian-photon-reservoir-decay,cube_mpm,6.126105674500097,10,0,0.0,0.35919889370390595,0.07759632582204401,0.6669171016059694
markovian-photon-reservoir-decay,cube_mpp,6.126105674500097,10,0,0.0,0.1949321433435526,0.06448829337663275,0.3657146215642345
markovian-photon-reservoir-decay,cube_pmm,6.126105674500097,10,0,0.0,0.35919889370390595,0.07759632582204401,0.6669171016059694
markovian-photon-reservoir-decay,cube_pmp,6.126105674500097,10,0,0.0,0.1949321433435526,0.06448829337663275,0.3657146215642345
markovian-photon-reservoir-decay,cube_ppm,6.126105674500097,10,0,0.0,0.35919889370390595,0.07759632582204401,0.6669171016059694
markovian-photon-reservoir-decay,cube_ppp,6.126105674500097,10,0,0.0,0.1949321433435526,0.06448829337663275,0.3657146215642345
markovian-photon-reservoir-decay,0,6.283185307179586,10,10,1.0,0.0,0.0,0.0
markovian-photon-reservoir-decay,1,6.283185307179586,10,0,0.0,0.3894689338922412,0.041346475532064275,0.7285352483169375
markovian-photon-reservoir-decay,+,6.283185307179586,10,0,0.0,0.29321227989449394,0.08488861818899054,0.5452452203814362
markovian-photon-reservoir-decay,-,6.283185307179586,10,0,0.0,0.29321227989449394,0.08488861818899054,0.5452452203814362
markovian-photon-reservoir-decay,+i,6.283185307179586,10,0,0.0,0.29321227989449394,0.08488861818899054,0.5452452203814362
markovian-photon-reservoir-decay,-i,6.283185307179586,10,0,0.0,0.29321227989449394,0.08488861818899054,0.5452452203814362
markovian-photon-reservoir-decay,cube_mmm,6.283185307179586,10,0,0.0,0.35722839189378786,0.07471594614226171,0.6632297924261323
markovian-photon-reservoir-decay,cube_mmp,6.283185307179586,10,0,0.0,0.19486617866469425,0.06560454907262855,0.3652906316668025
markovian-photon-reservoir-decay,cube_mpm,6.283185307179586,10,0,0.0,0.35722839189378786,0.07471594614226171,0.6632297924261323
markovian-photon-reservoir-decay,cube_mpp,6.283185307179586,10,0,0.0,0.19486617866469425,0.06560454907262855,0.3652906316668025
markovian-photon-reservoir-decay,cube_pmm,6.283185307179586,10,0,0.0,0.35722839189378786,0.07471594614226171,0.6632297924261323
markovian-photon-reservoir-decay,cube_pmp,6.283185307179586,10,0,0.0,0.19486617866469425,0.06560454907262855,0.3652906316668025
markovian-photon-reservoir-decay,cube_ppm,6.283185307179586,10,0,0.0,0.35722839189378786,0.07471594614226171,0.6632297924261323
markovian-photon-reservoir-decay,cube_ppp,6.283185307179586,10,0,0.0,0.19486617866469425,0.06560454907262855,0.3652906316668025
markovian-photon-reservoir-decay,0,6.440264939859076,10,10,1.0,0.0,0.0,0.0
markovian-photon-reservoir-decay,1,6.440264939859076,10,0,0.0,0.3862818000497069,0.0383537819825826,0.723092606536793
markovian-photon-reservoir-decay,+,6.440264939859076,10,0,0.0,0.292336046572395,0.0822296984355417,0.5433990487128871
markovian-photon-reservoir-decay,-,6.440264939859076,10,0,0.0,0.292336046572395,0.0822296984355417,0.5433990487128871
markovian-photon-reservoir-decay,+i,6.440264939859076,10,0,0.0,0.292336046572395,0.0822296984355417,0.5433990487128871
markovian-photon-reservoir-decay,-i,6.440264939859076,10,0,0.0,0.292336046572395,0.0822296984355417,0.5433990487128871
markovian-photon-reservoir-decay,cube_mmm,6.440264939859076,10,0,0.0,0.3552082542994117,0.07195574375976073,0.6594970509059858
markovian-photon-reservoir-decay,cube_mmp,6.440264939859076,10,0,0.0,0.1947409195823737,0.0657901173721073,0.3647757035656204
markovian-photon-reservoir-decay,cube_mpm,6.440264939859076,10,0,0.0,0.3552082542994117,0.07195574375976073,0.6594970509059858
markovian-photon-reservoir-decay,cube_mpp,6.440264939859076,10,0,0.0,0.1947409195823737,0.0657901173721073,0.3647757035656204
markovian-photon-reservoir-decay,cube_pmm,6.440264939859076,10,0,0.0,0.3552082542994117,0.07195574375976073,0.6594970509059858
markovian-photon-reservoir-decay,cube_pmp,6.440264939859076,10,0,0.0,0.1947409195823737,0.0657901173721073,0.3647757035656204
markovian-photon-reservoir-decay,cube_ppm,6.440264939859076,10,0,0.0,0.3552082542994117,0.07195574375976073,0.6594970509059858
markovian-photon-reservoir-decay,cube_ppp,6.440264939859076,10,0,0.0,0.1947409195823737,0.0657901173721073,0.3647757035656204
markovian-photon-reservoir-decay,0,6.5973445725385655,10,10,1.0,0.0,0.0,0.0
markovian-photon-reservoir-decay,1,6.5973445725385655,10,0,0.0,0.3830733685505339,0.0355681850160664,0.7176552070634887
markovian-photon-reservoir-decay,+,6.5973445725385655,10,0,0.0,0.29139998469453066,0.07963383546691499,0.5414745854295396
markovian-photon-reservoir-decay,-,6.5973445725385655,10,0,0.0,0.29139998469453066,0.07963383546691499,0.5414745854295396
markovian-photon-reservoir-decay,+i,6.5973445725385655,10,0,0.0,0.29139998469453066,0.07963383546691499,0.5414745854295396
markovian-photon-reservoir-decay,-i,6.5973445725385655,10,0,0.0,0.29139998469453066,0.07963383546691499,0.5414745854295396
markovian-photon-reservoir-decay,cube_mmm,6.5973445725385655,10,0,0.0,0.3531444855471747,0.06930908666578177,0.6557266061049113
markovian-photon-reservoir-decay,cube_mmp,6.5973445725385655,10,0,0.0,0.1945606610474465,0.06382277103220911,0.3641775011484144
markovian-photon-reservoir-decay,cube_mpm,6.5973445725385655,10,0,0.0,0.3531444855471747,0.06930908666578177,0.6557266061049113
markovian-photon-reservoir-decay,cube_mpp,6.5973445725385655,10,0,0.0,0.1945606610474465,0.06382277103220911,0.3641775011484144
markovian-photon-reservoir-decay,cube_pmm,6.5973445725385655,10,0,0.0,0.3531444855471747,0.06930908666578177,0.6557266061049113
markovian-photon-reservoir-decay,cube_pmp,6.5973445725385655,10,0,0.0,0.1945606610474465,0.06382277103220911,0.3641775011484144
markovian-photon-reservoir-decay,cube_ppm,6.5973445725385655,10,0,0.0,0.3531444855471747,0.06930908666578177,0.6557266061049113
markovian-photon-reservoir-decay,cube_ppp,6.5973445725385655,10,0,0.0,0.1945606610474465,0.06382277103220911,0.3641775011484144
markovian-photon-reservoir-decay,0,6.754424205218055,10,10,1.0,0.0,0.0,0.0
markovian-photon-reservoir-decay,1,6.754424205218055,10,0,0.0,0.37984911475722094,0.032976797131266,0.712228436293849
markovian-photon-reservoir-decay,+,6.754424205218055,10,0,0.0,0.2904092964299044,0.07710089729371092,0.5394798097299445
markovian-photon-reservoir-decay,-,6.754424205218055,10,0,0.0,0.2904092964299044,0.07710089729371092,0.5394798097299445
markovian-photon-reservoir-decay,+i,6.754424205218055,10,0,0.0,0.2904092964299044,0.07710089729371092,0.5394798097299445
markovian-photon-reservoir-decay,-i,6.754424205218055,10,0,0.0,0.2904092964299044,0.07710089729371092,0.5394798097299445
markovian-photon-reservoir-decay,cube_mmm,6.754424205218055,10,0,0.0,0.3510425274800943,0.06676977162959968,0.6519252878154069
markovian-photon-reservoir-decay,cube_mmp,6.754424205218055,10,0,0.0,0.1943293903934074,0.06188983597923937,0.36350307802961224
markovian-photon-reservoir-decay,cube_mpm,6.754424205218055,10,0,0.0,0.3510425274800943,0.06676977162959968,0.6519252878154069
markovian-photon-reservoir-decay,cube_mpp,6.754424205218055,10,0,0.0,0.1943293903934074,0.06188983597923937,0.36350307802961224
markovian-photon-reservoir-decay,cube_pmm,6.754424205218055,10,0,0.0,0.3510425274800943,0.06676977162959968,0.6519252878154069
markovian-photon-reservoir-decay,cube_pmp,6.754424205218055,10,0,0.0,0.1943293903934074,0.06188983597923937,0.36350307802961224
markovian-photon-reservoir-decay,cube_ppm,6.754424205218055,10,0,0.0,0.3510425274800943,0.06676977162959968,0.6519252878154069
markovian-photon-reservoir-decay,cube_ppp,6.754424205218055,10,0,0.0,0.1943293903934074,0.06188983597923937,0.36350307802961224
markovian-photon-reservoir-decay,0,6.911503837897545,10,10,1.0,0.0,0.0,0.0
markovian-photon-reservoir-decay,1,6.911503837897545,10,0,0.0,0.3766139065458882,0.030567303732454643,0.7068168495359131
markovian-photon-reservoir-decay,+,6.911503837897545,10,0,0.0,0.2893687715036691,0.0746306393848911,0.5374219819775313
markovian-photon-reservoir-decay,-,6.911503837897545,10,0,0.0,0.2893687715036691,0.0746306393848911,0.5374219819775313
markovian-photon-reservoir-decay,+i,6.911503837897545,10,0,0.0,0.2893687715036691,0.0746306393848911,0.5374219819775313
markovian-photon-reservoir-decay,-i,6.911503837897545,10,0,0.0,0.2893687715036691,0.0746306393848911,0.5374219819775313
markovian-photon-reservoir-decay,cube_mmm,6.911503837897545,10,0,0.0,0.34890731814442544,0.06433201443756117,0.6480991398460868
markovian-photon-reservoir-decay,cube_mmp,6.911503837897545,10,0,0.0,0.19405081114740003,0.05999295834423411,0.3627589284133443
markovian-photon-reservoir-decay,cube_mpm,6.911503837897545,10,0,0.0,0.34890731814442544,0.06433201443756117,0.6480991398460868
markovian-photon-reservoir-decay,cube_mpp,6.911503837897545,10,0,0.0,0.19405081114740003,0.05999295834423411,0.3627589284133443
markovian-photon-reservoir-decay,cube_pmm,6.911503837897545,10,0,0.0,0.34890731814442544,0.06433201443756117,0.6480991398460868
markovian-photon-reservoir-decay,cube_pmp,6.911503837897545,10,0,0.0,0.19405081114740003,0.05999295834423411,0.3627589284133443
markovian-photon-reservoir-decay,cube_ppm,6.911503837897545,10,0,0.0,0.34890731814442544,0.06433201443756117,0.6480991398460868
markovian-photon-reservoir-decay,cube_ppp,6.911503837897545,10,0,0.0,0.19405081114740003,0.05999295834423411,0.3627589284133443
markovian-photon-reservoir-decay,0,7.0685834705770345,10,10,1.0,0.0,0.0,0.0
markovian-photon-reservoir-decay,1,7.0685834705770345,10,0,0.0,0.37337207393424515,0.02832797808050863,0.7014242921956262
markovian-photon-reservoir-decay,+,7.0685834705770345,10,0,0.0,0.2882828233450746,0.07222271603053881,0.5353077151936348
markovian-photon-reservoir-decay,-,7.0685834705770345,10,0,0.0,0.2882828233450746,0.07222271603053881,0.5353077151936348
markovian-photon-reservoir-decay,+i,7.0685834705770345,10,0,0.0,0.2882828233450746,0.07222271603053881,0.5353077151936348
markovian-photon-reservoir-decay,-i,7.0685834705770345,10,0,0.0,0.2882828233450746,0.07222271603053881,0.5353077151936348
markovian-photon-reservoir-decay,cube_mmm,7.0685834705770345,10,0,0.0,0.34674334351612457,0.061990434097770795,0.6442535178863318
markovian-photon-reservoir-decay,cube_mmp,7.0685834705770345,10,0,0.0,0.19372836478925745,0.05813351135260682,0.3619510333082419
markovian-photon-reservoir-decay,cube_mpm,7.0685834705770345,10,0,0.0,0.34674334351612457,0.061990434097770795,0.6442535178863318
markovian-photon-reservoir-decay,cube_mpp,7.0685834705770345,10,0,0.0,0.19372836478925745,0.05813351135260682,0.3619510333082419
markovian-photon-reservoir-decay,cube_pmm,7.0685834705770345,10,0,0.0,0.34674334351612457,0.061990434097770795,0.6442535178863318
markovian-photon-reservoir-decay,cube_pmp,7.0685834705770345,10,0,0.0,0.19372836478925745,0.05813351135260682,0.3619510333082419
markovian-photon-reservoir-decay,cube_ppm,7.0685834705770345,10,0,0.0,0.34674334351612457,0.061990434097770795,0.6442535178863318
markovian-photon-reservoir-decay,cube_ppp,7.0685834705770345,10,0,0.0,0.19372836478925745,0.05813351135260682,0.3619510333082419
markovian-photon-reservoir-decay,0,7.225663103256524,10,10,1.0,0.0,0.0,0.0
markovian-photon-reservoir-decay,1,7.225663103256524,10,0,0.0,0.3701274700582181,0.026247686650791247,0.6960540033444067
markovian-photon-reservoir-decay,+,7.225663103256524,10,0,0.0,0.2871555215478782,0.06987669002433551,0.5331430383992053
markovian-photon-reservoir-decay,-,7.225663103256524,10,0,0.0,0.2871555215478782,0.06987669002433551,0.5331430383992053
markovian-photon-reservoir-decay,+i,7.225663103256524,10,0,0.0,0.2871555215478782,0.06987669002433551,0.5331430383992053
markovian-photon-reservoir-decay,-i,7.225663103256524,10,0,0.0,0.2871555215478782,0.06987669002433551,0.5331430383992053
markovian-photon-reservoir-decay,cube_mmm,7.225663103256524,10,0,0.0,0.3445546829835657,0.05974003291957567,0.6403931741587885
markovian-photon-reservoir-decay,cube_mmp,7.225663103256524,10,0,0.0,0.19336525066420004,0.056312620521071124,0.3610849025822121
markovian-photon-reservoir-decay,cube_mpm,7.225663103256524,10,0,0.0,0.3445546829835657,0.05974003291957567,0.6403931741587885
markovian-photon-reservoir-decay,cube_mpp,7.225663103256524,10,0,0.0,0.19336525066420004,0.056312620521071124,0.3610849025822121
markovian-photon-reservoir-decay,cube_pmm,7.225663103256524,10,0,0.0,0.3445546829835657,0.05974003291957567,0.6403931741587885
markovian-photon-reservoir-decay,cube_pmp,7.225663103256524,10,0,0.0,0.19336525066420004,0.056312620521071124,0.3610849025822121
markovian-photon-reservoir-decay,cube_ppm,7.225663103256524,10,0,0.0,0.3445546829835657,0.05974003291957567,0.6403931741587885
markovian-photon-reservoir-decay,cube_ppp,7.225663103256524,10,0,0.0,0.19336525066420004,0.056312620521071124,0.3610849025822121
markovian-photon-reservoir-decay,0,7.382742735936014,10,10,1.0,0.0,0.0,0.0
markovian-photon-reservoir-decay,1,7.382742735936014,10,0,0.0,0.36688352464294655,0.024315886852800117,0.6907087042287949
markovian-photon-reservoir-decay,+,7.382742735936014,10,0,0.0,0.2859906210923061,0.06759204108754471,0.5309334528629882
markovian-photon-reservoir-decay,-,7.382742735936014,10,0,0.0,0.2859906210923061,0.06759204108754471,0.5309334528629882
markovian-photon-reservoir-decay,+i,7.382742735936014,10,0,0.0,0.2859906210923061,0.06759204108754471,0.5309334528629882
markovian-photon-reservoir-decay,-i,7.382742735936014,10,0,0.0,0.2859906210923061,0.06759204108754471,0.5309334528629882
markovian-photon-reservoir-decay,cube_mmm,7.382742735936014,10,0,0.0,0.3423450494521074,0.057576173983858385,0.6365223307407315
markovian-photon-reservoir-decay,cube_mmp,7.382742735936014,10,0,0.0,0.1929644442299278,0.05453118678059654,0.36016561328488944
markovian-photon-reservoir-decay,cube_mpm,7.382742735936014,10,0,0.0,0.3423450494521074,0.057576173983858385,0.6365223307407315
markovian-photon-reservoir-decay,cube_mpp,7.382742735936014,10,0,0.0,0.1929644442299278,0.05453118678059654,0.36016561328488944
markovian-photon-reservoir-decay,cube_pmm,7.382742735936014,10,0,0.0,0.3423450494521074,0.057576173983858385,0.6365223307407315
markovian-photon-reservoir-decay,cube_pmp,7.382742735936014,10,0,0.0,0.1929644442299278,0.05453118678059654,0.36016561328488944
markovian-photon-reservoir-decay,cube_ppm,7.382742735936014,10,0,0.0,0.3423450494521074,0.057576173983858385,0.6365223307407315
markovian-photon-reservoir-decay,cube_ppp,7.382742735936014,10,0,0.0,0.1929644442299278,0.05453118678059654,0.36016561328488944
markovian-photon-reservoir-decay,0,7.5398223686155035,10,10,1.0,0.0,0.0,0.0
markovian-photon-reservoir-decay,1,7.5398223686155035,10,0,0.0,0.36364329095577763,0.0225226187400292,0.6853906739110887
markovian-photon-reservoir-decay,+,7.5398223686155035,10,0,0.0,0.28479158871344434,0.06536817334865502,0.5286839821625268
markovian-photon-reservoir-decay,-,7.5398223686155035,10,0,0.0,0.28479158871344434,0.06536817334865502,0.5286839821625268
markovian-photon-reservoir-decay,+i,7.5398223686155035,10,0,0.0,0.28479158871344434,0.06536817334865502,0.5286839821625268
markovian-photon-reservoir-decay,-i,7.5398223686155035,10,0,0.0,0.28479158871344434,0.06536817334865502,0.5286839821625268
markovian-photon-reservoir-decay,cube_mmm,7.5398223686155035,10,0,0.0,0.3401178248074709,0.055494557190235286,0.632644743158889
markovian-photon-reservoir-decay,cube_mmp,7.5398223686155035,10,0,0.0,0.19252871379757985,0.052789907714281596,0.35919784461374255
markovian-photon-reservoir-decay,cube_mpm,7.5398223686155035,10,0,0.0,0.3401178248074709,0.055494557190235286,0.632644743158889
markovian-photon-reservoir-decay,cube_mpp,7.5398223686155035,10,0,0.0,0.19252871379757985,0.052789907714281596,0.35919784461374255
markovian-photon-reservoir-decay,cube_pmm,7.5398223686155035,10,0,0.0,0.3401178248074709,0.055494557190235286,0.632644743158889
markovian-photon-reservoir-decay,cube_pmp,7.5398223686155035,10,0,0.0,0.19252871379757985,0.052789907714281596,0.35919784461374255
markovian-photon-reservoir-decay,cube_ppm,7.5398223686155035,10,0,0.0,0.3401178248074709,0.055494557190235286,0.632644743158889
markovian-photon-reservoir-decay,cube_ppp,7.5398223686155035,10,0,0.0,0.19252871379757985,0.052789907714281596,0.35919784461374255
markovian-photon-reservoir-decay,0,7.696902001294993,10,10,1.0,0.0,0.0,0.0
markovian-photon-reservoir-decay,1,7.696902001294993,10,0,0.0,0.36040948709314446,0.020858492062632572,0.6801018139116762
markovian-photon-reservoir-decay,+,7.696902001294993,10,0,0.0,0.28356162674691654,0.06320442210969916,0.5263992168359904
markovian-photon-reservoir-decay,-,7.696902001294993,10,0,0.0,0.28356162674691654,0.06320442210969916,0.5263992168359904
markovian-photon-reservoir-decay,+i,7.696902001294993,10,0,0.0,0.28356162674691654,0.06320442210969916,0.5263992168359904
markovian-photon-reservoir-decay,-i,7.696902001294993,10,0,0.0,0.28356162674691654,0.06320442210969916,0.5263992168359904
markovian-photon-reservoir-decay,cube_mmm,7.696902001294993,10,0,0.0,0.33787609136533625,0.053491194792899925,0.6287637556272548
markovian-photon-reservoir-decay,cube_mmp,7.696902001294993,10,0,0.0,0.19206063590775968,0.05108929707513809,0.3581859098553238
markovian-photon-reservoir-decay,cube_mpm,7.696902001294993,10,0,0.0,0.33787609136533625,0.053491194792899925,0.6287637556272548
markovian-photon-reservoir-decay,cube_mpp,7.696902001294993,10,0,0.0,0.19206063590775968,0.05108929707513809,0.3581859098553238
markovian-photon-reservoir-decay,cube_pmm,7.696902001294993,10,0,0.0,0.33787609136533625,0.053491194792899925,0.6287637556272548
markovian-photon-reservoir-decay,cube_pmp,7.696902001294993,10,0,0.0,0.19206063590775968,0.05108929707513809,0.3581859098553238
markovian-photon-reservoir-decay,cube_ppm,7.696902001294993,10,0,0.0,0.33787609136533625,0.053491194792899925,0.6287637556272548
markovian-photon-reservoir-decay,cube_ppp,7.696902001294993,10,0,0.0,0.19206063590775968,0.05108929707513809,0.3581859098553238
markovian-photon-reservoir-decay,0,7.853981633974483,10,10,1.0,0.0,0.0,0.0
markovian-photon-reservoir-decay,1,7.853981633974483,10,0,0.0,0.35718453233661596,0.019314669782690363,0.6748437034518504
markovian-photon-reservoir-decay,+,7.853981633974483,10,0,0.0,0.28230369473722855,0.06110006006672434,0.5240833542939911
markovian-photon-reservoir-decay,-,7.853981633974483,10,0,0.0,0.28230369473722855,0.06110006006672434,0.5240833542939911
markovian-photon-reservoir-decay,+i,7.853981633974483,10,0,0.0,0.28230369473722855,0.06110006006672434,0.5240833542939911
markovian-photon-reservoir-decay,-i,7.853981633974483,10,0,0.0,0.28230369473722855,0.06110006006672434,0.5240833542939911
markovian-photon-reservoir-decay,cube_mmm,7.853981633974483,10,0,0.0,0.33562265984144657,0.051562387111023775,0.6248823490974977
markovian-photon-reservoir-decay,cube_mmp,7.853981633974483,10,0,0.0,0.1915626094670955,0.049429702729170424,0.3571337855948632
markovian-photon-reservoir-decay,cube_mpm,7.853981633974483,10,0,0.0,0.33562265984144657,0.051562387111023775,0.6248823490974977
markovian-photon-reservoir-decay,cube_mpp,7.853981633974483,10,0,0.0,0.1915626094670955,0.049429702729170424,0.3571337855948632
markovian-photon-reservoir-decay,cube_pmm,7.853981633974483,10,0,0.0,0.33562265984144657,0.051562387111023775,0.6248823490974977
markovian-photon-reservoir-decay,cube_pmp,7.853981633974483,10,0,0.0,0.1915626094670955,0.049429702729170424,0.3571337855948632
markovian-photon-reservoir-decay,cube_ppm,7.853981633974483,10,0,0.0,0.33562265984144657,0.051562387111023775,0.6248823490974977
markovian-photon-reservoir-decay,cube_ppp,7.853981633974483,10,0,0.0,0.1915626094670955,0.049429702729170424,0.3571337855948632
markovian-photon-reservoir-decay,0,8.011061266653972,10,10,1.0,0.0,0.0,0.0
markovian-photon-reservoir-decay,1,8.011061266653972,10,0,0.0,0.35397057921320607,0.01788284897564202,0.669617646663474
markovian-photon-reservoir-decay,+,8.011061266653972,10,0,0.0,0.2810205290557453,0.05905430310369565,0.5217402345680415
markovian-photon-reservoir-decay,-,8.011061266653972,10,0,0.0,0.2810205290557453,0.05905430310369565,0.5217402345680415
markovian-photon-reservoir-decay,+i,8.011061266653972,10,0,0.0,0.2810205290557453,0.05905430310369565,0.5217402345680415
markovian-photon-reservoir-decay,-i,8.011061266653972,10,0,0.0,0.2810205290557453,0.05905430310369565,0.5217402345680415
markovian-photon-reservoir-decay,cube_mmm,8.011061266653972,10,0,0.0,0.3333600942974605,0.049704698915587577,0.6210031831214331
markovian-photon-reservoir-decay,cube_mmp,8.011061266653972,10,0,0.0,0.1910368687571725,0.047811323152821696,0.3560451384542574
markovian-photon-reservoir-decay,cube_mpm,8.011061266653972,10,0,0.0,0.3333600942974605,0.049704698915587577,0.6210031831214331
markovian-photon-reservoir-decay,cube_mpp,8.011061266653972,10,0,0.0,0.1910368687571725,0.047811323152821696,0.3560451384542574
markovian-photon-reservoir-decay,cube_pmm,8.011061266653972,10,0,0.0,0.3333600942974605,0.049704698915587577,0.6210031831214331
markovian-photon-reservoir-decay,cube_pmp,8.011061266653972,10,0,0.0,0.1910368687571725,0.047811323152821696,0.3560451384542574
markovian-photon-reservoir-decay,cube_ppm,8.011061266653972,10,0,0.0,0.3333600942974605,0.049704698915587577,0.6210031831214331
markovian-photon-reservoir-decay,cube_ppp,8.011061266653972,10,0,0.0,0.1910368687571725,0.047811323152821696,0.3560451384542574
markovian-photon-reservoir-decay,0,8.168140899333462,10,10,1.0,0.0,0.0,0.0
markovian-photon-reservoir-decay,1,8.168140899333462,10,0,0.0,0.35076954180889264,0.01655523987628499,0.6644247129332517
markovian-photon-reservoir-decay,+,8.168140899333462,10,0,0.0,0.279714660742798,0.05706631574309705,0.5193733723936654
markovian-photon-reservoir-decay,-,8.168140899333462,10,0,0.0,0.279714660742798,0.05706631574309705,0.5193733723936654
markovian-photon-reservoir-decay,+i,8.168140899333462,10,0,0.0,0.279714660742798,0.05706631574309705,0.5193733723936654
markovian-photon-reservoir-decay,-i,8.168140899333462,10,0,0.0,0.279714660742798,0.05706631574309705,0.5193733723936654
markovian-photon-reservoir-decay,cube_mmm,8.168140899333462,10,0,0.0,0.33109073445080084,0.04791493684633243,0.6171286323802531
markovian-photon-reservoir-decay,cube_mmp,8.168140899333462,10,0,0.0,0.19048549541585552,0.04623422260029417,0.3549233495898075
markovian-photon-reservoir-decay,cube_mpm,8.168140899333462,10,0,0.0,0.33109073445080084,0.04791493684633243,0.6171286323802531
markovian-photon-reservoir-decay,cube_mpp,8.168140899333462,10,0,0.0,0.19048549541585552,0.04623422260029417,0.3549233495898075
markovian-photon-reservoir-decay,cube_pmm,8.168140899333462,10,0,0.0,0.33109073445080084,0.04791493684633243,0.6171286323802531
markovian-photon-reservoir-decay,cube_pmp,8.168140899333462,10,0,0.0,0.19048549541585552,0.04623422260029417,0.3549233495898075
markovian-photon-reservoir-decay,cube_ppm,8.168140899333462,10,0,0.0,0.33109073445080084,0.04791493684633243,0.6171286323802531
markovian-photon-reservoir-decay,cube_ppp,8.168140899333462,10,0,0.0,0.19048549541585552,0.04623422260029417,0.3549233495898075
markovian-photon-reservoir-decay,0,8.325220532012953,10,10,1.0,0.0,0.0,0.0
markovian-photon-reservoir-decay,1,8.325220532012953,10,0,0.0,0.34758312081021503,0.01532454368890157,0.6592657713796105
markovian-photon-reservoir-decay,+,8.325220532012953,10,0,0.0,0.2783884317608397,0.055135216309788335,0.5169859860590843
markovian-photon-reservoir-decay,-,8.325220532012953,10,0,0.0,0.2783884317608397,0.055135216309788335,0.5169859860590843
markovian-photon-reservoir-decay,+i,8.325220532012953,10,0,0.0,0.2783884317608397,0.055135216309788335,0.5169859860590843
markovian-photon-reservoir-decay,-i,8.325220532012953,10,0,0.0,0.2783884317608397,0.055135216309788335,0.5169859860590843
markovian-photon-reservoir-decay,cube_mmm,8.325220532012953,10,0,0.0,0.3288167156799987,0.04619012809453146,0.6132608186118692
markovian-photon-reservoir-decay,cube_mmp,8.325220532012953,10,0,0.0,0.18991042948068151,0.04469834504473285,0.35377153715601484
markovian-photon-reservoir-decay,cube_mpm,8.325220532012953,10,0,0.0,0.3288167156799987,0.04619012809453146,0.6132608186118692
markovian-photon-reservoir-decay,cube_mpp,8.325220532012953,10,0,0.0,0.18991042948068151,0.04469834504473285,0.35377153715601484
markovian-photon-reservoir-decay,cube_pmm,8.325220532012953,10,0,0.0,0.3288167156799987,0.04619012809453146,0.6132608186118692
markovian-photon-reservoir-decay,cube_pmp,8.325220532012953,10,0,0.0,0.18991042948068151,0.04469834504473285,0.35377153715601484
markovian-photon-reservoir-decay,cube_ppm,8.325220532012953,10,0,0.0,0.3288167156799987,0.04619012809453146,0.6132608186118692
markovian-photon-reservoir-decay,cube_ppp,8.325220532012953,10,0,0.0,0.18991042948068151,0.04469834504473285,0.35377153715601484
markovian-photon-reservoir-decay,0,8.482300164692441,10,10,1.0,0.0,0.0,0.0
markovian-photon-reservoir-decay,1,8.482300164692441,10,0,0.0,0.3444128256850684,0.014183929664596584,0.6541415203151191
markovian-photon-reservoir-decay,+,8.482300164692441,10,0,0.0,0.2770440098221507,0.053260081845365535,0.5145810233932392
markovian-photon-reservoir-decay,-,8.482300164692441,10,0,0.0,0.2770440098221507,0.053260081845365535,0.5145810233932392
markovian-photon-reservoir-decay,+i,8.482300164692441,10,0,0.0,0.2770440098221507,0.053260081845365535,0.5145810233932392
markovian-photon-reservoir-decay,-i,8.482300164692441,10,0,0.0,0.2770440098221507,0.053260081845365535,0.5145810233932392
markovian-photon-reservoir-decay,cube_mmm,8.482300164692441,10,0,0.0,0.3265399870090512,0.044527500494784086,0.6094016385627076
markovian-photon-reservoir-decay,cube_mmp,8.482300164692441,10,0,0.0,0.18931347957497907,0.04320352698754808,0.3525925769199586
markovian-photon-reservoir-decay,cube_mpm,8.482300164692441,10,0,0.0,0.3265399870090512,0.044527500494784086,0.6094016385627076
markovian-photon-reservoir-decay,cube_mpp,8.482300164692441,10,0,0.0,0.18931347957497907,0.04320352698754808,0.3525925769199586
markovian-photon-reservoir-decay,cube_pmm,8.482300164692441,10,0,0.0,0.3265399870090512,0.044527500494784086,0.6094016385627076
markovian-photon-reservoir-decay,cube_pmp,8.482300164692441,10,0,0.0,0.18931347957497907,0.04320352698754808,0.3525925769199586
markovian-photon-reservoir-decay,cube_ppm,8.482300164692441,10,0,0.0,0.3265399870090512,0.044527500494784086,0.6094016385627076
markovian-photon-reservoir-decay,cube_ppp,8.482300164692441,10,0,0.0,0.18931347957497907,0.04320352698754808,0.3525925769199586
markovian-photon-reservoir-decay,0,8.63937979737193,10,10,1.0,0.0,0.0,0.0
markovian-photon-reservoir-decay,1,8.63937979737193,10,0,0.0,0.3412599943589398,0.013127011851358894,0.6490525124233879
markovian-photon-reservoir-decay,+,8.63937979737193,10,0,0.0,0.27568340193458046,0.05143995279644088,0.5121611852179644
markovian-photon-reservoir-decay,-,8.63937979737193,10,0,0.0,0.27568340193458046,0.05143995279644088,0.5121611852179644
markovian-photon-reservoir-decay,+i,8.63937979737193,10,0,0.0,0.27568340193458046,0.05143995279644088,0.5121611852179644
markovian-photon-reservoir-decay,-i,8.63937979737193,10,0,0.0,0.27568340193458046,0.05143995279644088,0.5121611852179644
markovian-photon-reservoir-decay,cube_mmm,8.63937979737193,10,0,0.0,0.32426232731371224,0.04292446409752717,0.6055527885007498
markovian-photon-reservoir-decay,cube_mmp,8.63937979737193,10,0,0.0,0.18869633230941876,0.04174950922173138,0.3513891211916364
markovian-photon-reservoir-decay,cube_mpm,8.63937979737193,10,0,0.0,0.32426232731371224,0.04292446409752717,0.6055527885007498
markovian-photon-reservoir-decay,cube_mpp,8.63937979737193,10,0,0.0,0.18869633230941876,0.04174950922173138,0.3513891211916364
markovian-photon-reservoir-decay,cube_pmm,8.63937979737193,10,0,0.0,0.32426232731371224,0.04292446409752717,0.6055527885007498
markovian-photon-reservoir-decay,cube_pmp,8.63937979737193,10,0,0.0,0.18869633230941876,0.04174950922173138,0.3513891211916364
markovian-photon-reservoir-decay,cube_ppm,8.63937979737193,10,0,0.0,0.32426232731371224,0.04292446409752717,0.6055527885007498
markovian-photon-reservoir-decay,cube_ppp,8.63937979737193,10,0,0.0,0.18869633230941876,0.04174950922173138,0.3513891211916364
markovian-photon-reservoir-decay,0,8.79645943005142,10,10,1.0,0.0,0.0,0.0
markovian-photon-reservoir-decay,1,8.79645943005142,10,0,0.0,0.33812581069555386,0.01214782584083779,0.6439991762734332
markovian-photon-reservoir-decay,+,8.79645943005142,10,0,0.0,0.2743084667916945,0.04967383749069935,0.5097289465472571
markovian-photon-reservoir-decay,-,8.79645943005142,10,0,0.0,0.2743084667916945,0.04967383749069935,0.5097289465472571
markovian-photon-reservoir-decay,+i,8.79645943005142,10,0,0.0,0.2743084667916945,0.04967383749069935,0.5097289465472571
markovian-photon-reservoir-decay,-i,8.79645943005142,10,0,0.0,0.2743084667916945,0.04967383749069935,0.5097289465472571
markovian-photon-reservoir-decay,cube_mmm,8.79645943005142,10,0,0.0,0.32198535995832817,0.041378594239798325,0.6017157857502602
markovian-photon-reservoir-decay,cube_mmp,8.79645943005142,10,0,0.0,0.18806056096468854,0.04033594762774,0.3501636162188603
markovian-photon-reservoir-decay,cube_mpm,8.79645943005142,10,0,0.0,0.32198535995832817,0.041378594239798325,0.6017157857502602
markovian-photon-reservoir-decay,cube_mpp,8.79645943005142,10,0,0.0,0.18806056096468854,0.04033594762774,0.3501636162188603
markovian-photon-reservoir-decay,cube_pmm,8.79645943005142,10,0,0.0,0.32198535995832817,0.041378594239798325,0.6017157857502602
markovian-photon-reservoir-decay,cube_pmp,8.79645943005142,10,0,0.0,0.18806056096468854,0.04033594762774,0.3501636162188603
markovian-photon-reservoir-decay,cube_ppm,8.79645943005142,10,0,0.0,0.32198535995832817,0.041378594239798325,0.6017157857502602
markovian-photon-reservoir-decay,cube_ppp,8.79645943005142,10,0,0.0,0.18806056096468854,0.04033594762774,0.3501636162188603
markovian-photon-reservoir-decay,0,8.953539062730911,10,10,1.0,0.0,0.0,0.0
markovian-photon-reservoir-decay,1,8.953539062730911,10,0,0.0,0.335011320050163,0.011240805767840423,0.6389818347039273
markovian-photon-reservoir-decay,+,8.953539062730911,10,0,0.0,0.272920926118994,0.0479607164082114,0.5072865757806521
markovian-photon-reservoir-decay,-,8.953539062730911,10,0,0.0,0.272920926118994,0.0479607164082114,0.5072865757806521
markovian-photon-reservoir-decay,+i,8.953539062730911,10,0,0.0,0.272920926118994,0.0479607164082114,0.5072865757806521
markovian-photon-reservoir-decay,-i,8.953539062730911,10,0,0.0,0.272920926118994,0.0479607164082114,0.5072865757806521
markovian-photon-reservoir-decay,cube_mmm,8.953539062730911,10,0,0.0,0.31971056604281956,0.03988761609171023,0.5978919876435039
markovian-photon-reservoir-decay,cube_mmp,8.953539062730911,10,0,0.0,0.18740763351478457,0.03896242307414866,0.34891831818050445
markovian-photon-reservoir-decay,cube_mpm,8.953539062730911,10,0,0.0,0.31971056604281956,0.03988761609171023,0.5978919876435039
markovian-photon-reservoir-decay,cube_mpp,8.953539062730911,10,0,0.0,0.18740763351478457,0.03896242307414866,0.34891831818050445
markovian-photon-reservoir-decay,cube_pmm,8.953539062730911,10,0,0.0,0.31971056604281956,0.03988761609171023,0.5978919876435039
markovian-photon-reservoir-decay,cube_pmp,8.953539062730911,10,0,0.0,0.18740763351478457,0.03896242307414866,0.34891831818050445
markovian-photon-reservoir-decay,cube_ppm,8.953539062730911,10,0,0.0,0.31971056604281956,0.03988761609171023,0.5978919876435039
markovian-photon-reservoir-decay,cube_ppp,8.953539062730911,10,0,0.0,0.18740763351478457,0.03896242307414866,0.34891831818050445
markovian-photon-reservoir-decay,0,9.1106186954104,10,10,1.0,0.0,0.0,0.0
markovian-photon-reservoir-decay,1,9.1106186954104,10,0,0.0,0.3319174431285764,0.010400761762049626,0.6340007205323616
markovian-photon-reservoir-decay,+,9.1106186954104,10,0,0.0,0.27152237507520366,0.04629954625144216,0.5048361521068473
markovian-photon-reservoir-decay,-,9.1106186954104,10,0,0.0,0.27152237507520366,0.04629954625144216,0.5048361521068473
markovian-photon-reservoir-decay,+i,9.1106186954104,10,0,0.0,0.27152237507520366,0.04629954625144216,0.5048361521068473
markovian-photon-reservoir-decay,-i,9.1106186954104,10,0,0.0,0.27152237507520366,0.04629954625144216,0.5048361521068473
markovian-photon-reservoir-decay,cube_mmm,9.1106186954104,10,0,0.0,0.3174392964148768,0.03844939062733483,0.5940826082291503
markovian-photon-reservoir-decay,cube_mmp,9.1106186954104,10,0,0.0,0.18673892004490095,0.03762845048961623,0.3476553078988324
markovian-photon-reservoir-decay,cube_mpm,9.1106186954104,10,0,0.0,0.3174392964148768,0.03844939062733483,0.5940826082291503
markovian-photon-reservoir-decay,cube_mpp,9.1106186954104,10,0,0.0,0.18673892004490095,0.03762845048961623,0.3476553078988324
markovian-photon-reservoir-decay,cube_pmm,9.1106186954104,10,0,0.0,0.3174392964148768,0.03844939062733483,0.5940826082291503
markovian-photon-reservoir-decay,cube_pmp,9.1106186954104,10,0,0.0,0.18673892004490095,0.03762845048961623,0.3476553078988324
markovian-photon-reservoir-decay,cube_ppm,9.1106186954104,10,0,0.0,0.3174392964148768,0.03844939062733483,0.5940826082291503
markovian-photon-reservoir-decay,cube_ppp,9.1106186954104,10,0,0.0,0.18673892004490095,0.03762845048961623,0.3476553078988324
markovian-photon-reservoir-decay,0,9.267698328089889,10,10,1.0,0.0,0.0,0.0
markovian-photon-reservoir-decay,1,9.267698328089889,10,0,0.0,0.32884498835470777,0.00962285800461149,0.6290559899780025
markovian-photon-reservoir-decay,+,9.267698328089889,10,0,0.0,0.27011429179664515,0.04468926381503961,0.5023795813070897
markovian-photon-reservoir-decay,-,9.267698328089889,10,0,0.0,0.27011429179664515,0.04468926381503961,0.5023795813070897
markovian-photon-reservoir-decay,+i,9.267698328089889,10,0,0.0,0.27011429179664515,0.04468926381503961,0.5023795813070897
markovian-photon-reservoir-decay,-i,9.267698328089889,10,0,0.0,0.27011429179664515,0.04468926381503961,0.5023795813070897
markovian-photon-reservoir-decay,cube_mmm,9.267698328089889,10,0,0.0,0.3151727825816527,0.037061901948915975,0.590288733029529
markovian-photon-reservoir-decay,cube_mmp,9.267698328089889,10,0,0.0,0.1860556996129697,0.03633348716764638,0.3463765043800039
markovian-photon-reservoir-decay,cube_mpm,9.267698328089889,10,0,0.0,0.3151727825816527,0.037061901948915975,0.590288733029529
markovian-photon-reservoir-decay,cube_mpp,9.267698328089889,10,0,0.0,0.1860556996129697,0.03633348716764638,0.3463765043800039
markovian-photon-reservoir-decay,cube_pmm,9.267698328089889,10,0,0.0,0.3151727825816527,0.037061901948915975,0.590288733029529
markovian-photon-reservoir-decay,cube_pmp,9.267698328089889,10,0,0.0,0.1860556996129697,0.03633348716764638,0.3463765043800039
markovian-photon-reservoir-decay,cube_ppm,9.267698328089889,10,0,0.0,0.3151727825816527,0.037061901948915975,0.590288733029529
markovian-photon-reservoir-decay,cube_ppp,9.267698328089889,10,0,0.0,0.1860556996129697,0.03633348716764638,0.3463765043800039
markovian-photon-reservoir-decay,0,9.42477796076938,10,10,1.0,0.0,0.0,0.0
markovian-photon-reservoir-decay,1,9.42477796076938,10,0,0.0,0.3257946629232432,0.008902591503559043,0.6241477341309994
markovian-photon-reservoir-decay,+,9.42477796076938,10,0,0.0,0.2686980461632225,0.04312878965542862,0.4999186101249502
markovian-photon-reservoir-decay,-,9.42477796076938,10,0,0.0,0.2686980461632225,0.04312878965542862,0.4999186101249502
markovian-photon-reservoir-decay,+i,9.42477796076938,10,0,0.0,0.2686980461632225,0.04312878965542862,0.4999186101249502
markovian-photon-reservoir-decay,-i,9.42477796076938,10,0,0.0,0.2686980461632225,0.04312878965542862,0.4999186101249502
markovian-photon-reservoir-decay,cube_mmm,9.42477796076938,10,0,0.0,0.31291214663764894,0.035723245880681306,0.5865113320983365
markovian-photon-reservoir-decay,cube_mmp,9.42477796076938,10,0,0.0,0.18535916659954008,0.0350769403611225,0.34508367728161904
markovian-photon-reservoir-decay,cube_mpm,9.42477796076938,10,0,0.0,0.31291214663764894,0.035723245880681306,0.5865113320983365
markovian-photon-reservoir-decay,cube_mpp,9.42477796076938,10,0,0.0,0.18535916659954008,0.0350769403611225,0.34508367728161904
markovian-photon-reservoir-decay,cube_pmm,9.42477796076938,10,0,0.0,0.31291214663764894,0.035723245880681306,0.5865113320983365
markovian-photon-reservoir-decay,cube_pmp,9.42477796076938,10,0,0.0,0.18535916659954008,0.0350769403611225,0.34508367728161904
markovian-photon-reservoir-decay,cube_ppm,9.42477796076938,10,0,0.0,0.31291214663764894,0.035723245880681306,0.5865113320983365
markovian-photon-reservoir-decay,cube_ppp,9.42477796076938,10,0,0.0,0.18535916659954008,0.0350769403611225,0.34508367728161904
markovian-photon-reservoir-decay,0,9.58185759344887,10,10,1.0,0.0,0.0,0.0
markovian-photon-reservoir-decay,1,9.58185759344887,10,0,0.0,0.32276708269140275,0.00823577167022127,0.6192759887516768
markovian-photon-reservoir-decay,+,9.58185759344887,10,0,0.0,0.26727490785621083,0.04161703155988625,0.49745483934919654
markovian-photon-reservoir-decay,-,9.58185759344887,10,0,0.0,0.26727490785621083,0.04161703155988625,0.49745483934919654
markovian-photon-reservoir-decay,+i,9.58185759344887,10,0,0.0,0.26727490785621083,0.04161703155988625,0.49745483934919654
markovian-photon-reservoir-decay,-i,9.58185759344887,10,0,0.0,0.26727490785621083,0.04161703155988625,0.49745483934919654
markovian-photon-reservoir-decay,cube_mmm,9.58185759344887,10,0,0.0,0.3106584103105211,0.034431619741234314,0.5827512715956022
markovian-photon-reservoir-decay,cube_mmp,9.58185759344887,10,0,0.0,0.18465043658671004,0.033858174219408364,0.34377845839689314
markovian-photon-reservoir-decay,cube_mpm,9.58185759344887,10,0,0.0,0.3106584103105211,0.034431619741234314,0.5827512715956022
markovian-photon-reservoir-decay,cube_mpp,9.58185759344887,10,0,0.0,0.18465043658671004,0.033858174219408364,0.34377845839689314
markovian-photon-reservoir-decay,cube_pmm,9.58185759344887,10,0,0.0,0.3106584103105211,0.034431619741234314,0.5827512715956022
markovian-photon-reservoir-decay,cube_pmp,9.58185759344887,10,0,0.0,0.18465043658671004,0.033858174219408364,0.34377845839689314
markovian-photon-reservoir-decay,cube_ppm,9.58185759344887,10,0,0.0,0.3106584103105211,0.034431619741234314,0.5827512715956022
markovian-photon-reservoir-decay,cube_ppp,9.58185759344887,10,0,0.0,0.18465043658671004,0.033858174219408364,0.34377845839689314
markovian-photon-reservoir-decay,0,9.738937226128359,10,10,1.0,0.0,0.0,0.0
markovian-photon-reservoir-decay,1,9.738937226128359,10,0,0.0,0.3197627810442057,0.0076185007527275195,0.614440742642768
markovian-photon-reservoir-decay,+,9.738937226128359,10,0,0.0,0.2658460537708372,0.04015288781518127,0.4949897357393886
markovian-photon-reservoir-decay,-,9.738937226128359,10,0,0.0,0.2658460537708372,0.04015288781518127,0.4949897357393886
markovian-photon-reservoir-decay,+i,9.738937226128359,10,0,0.0,0.2658460537708372,0.04015288781518127,0.4949897357393886
markovian-photon-reservoir-decay,-i,9.738937226128359,10,0,0.0,0.2658460537708372,0.04015288781518127,0.4949897357393886
markovian-photon-reservoir-decay,cube_mmm,9.738937226128359,10,0,0.0,0.30841250321385333,0.03318531320053478,0.5790093240670621
markovian-photon-reservoir-decay,cube_mmp,9.738937226128359,10,0,0.0,0.1839305518033299,0.032676516117137705,0.34246235223695637
markovian-photon-reservoir-decay,cube_mpm,9.738937226128359,10,0,0.0,0.30841250321385333,0.03318531320053478,0.5790093240670621
markovian-photon-reservoir-decay,cube_mpp,9.738937226128359,10,0,0.0,0.1839305518033299,0.032676516117137705,0.34246235223695637
markovian-photon-reservoir-decay,cube_pmm,9.738937226128359,10,0,0.0,0.30841250321385333,0.03318531320053478,0.5790093240670621
markovian-photon-reservoir-decay,cube_pmp,9.738937226128359,10,0,0.0,0.1839305518033299,0.032676516117137705,0.34246235223695637
markovian-photon-reservoir-decay,cube_ppm,9.738937226128359,10,0,0.0,0.30841250321385333,0.03318531320053478,0.5790093240670621
markovian-photon-reservoir-decay,cube_ppp,9.738937226128359,10,0,0.0,0.1839305518033299,0.032676516117137705,0.34246235223695637
markovian-photon-reservoir-decay,0,9.896016858807847,10,10,1.0,0.0,0.0,0.0
markovian-photon-reservoir-decay,1,9.896016858807847,10,0,0.0,0.3167822168507158,0.007047155161528151,0.6096419448020507
markovian-photon-reservoir-decay,+,9.896016858807847,10,0,0.0,0.26441257484022057,0.03873525027637478,0.49252464290879133
markovian-photon-reservoir-decay,-,9.896016858807847,10,0,0.0,0.26441257484022057,0.03873525027637478,0.49252464290879133
markovian-photon-reservoir-decay,+i,9.896016858807847,10,0,0.0,0.26441257484022057,0.03873525027637478,0.49252464290879133
markovian-photon-reservoir-decay,-i,9.896016858807847,10,0,0.0,0.26441257484022057,0.03873525027637478,0.49252464290879133
markovian-photon-reservoir-decay,cube_mmm,9.896016858807847,10,0,0.0,0.30617527038507997,0.03198270012740689,0.575286177589546
markovian-photon-reservoir-decay,cube_mmp,9.896016858807847,10,0,0.0,0.18320048617046034,0.03153126242025697,0.34113674578531533
markovian-photon-reservoir-decay,cube_mpm,9.896016858807847,10,0,0.0,0.30617527038507997,0.03198270012740689,0.575286177589546
markovian-photon-reservoir-decay,cube_mpp,9.896016858807847,10,0,0.0,0.18320048617046034,0.03153126242025697,0.34113674578531533
markovian-photon-reservoir-decay,cube_pmm,9.896016858807847,10,0,0.0,0.30617527038507997,0.03198270012740689,0.575286177589546
markovian-photon-reservoir-decay,cube_pmp,9.896016858807847,10,0,0.0,0.18320048617046034,0.03153126242025697,0.34113674578531533
markovian-photon-reservoir-decay,cube_ppm,9.896016858807847,10,0,0.0,0.30617527038507997,0.03198270012740689,0.575286177589546
markovian-photon-reservoir-decay,cube_ppp,9.896016858807847,10,0,0.0,0.18320048617046034,0.03153126242025697,0.34113674578531533
markovian-photon-reservoir-decay,0,10.053096491487338,10,10,1.0,0.0,0.0,0.0
markovian-photon-reservoir-decay,1,10.053096491487338,10,0,0.0,0.3138257816140736,0.006518367704725525,0.6048795105326904
markovian-photon-reservoir-decay,+,10.053096491487338,10,0,0.0,0.2629754823216746,0.03736300723732584,0.4900607912663126
markovian-photon-reservoir-decay,-,10.053096491487338,10,0,0.0,0.2629754823216746,0.03736300723732584,0.4900607912663126
markovian-photon-reservoir-decay,+i,10.053096491487338,10,0,0.0,0.2629754823216746,0.03736300723732584,0.4900607912663126
markovian-photon-reservoir-decay,-i,10.053096491487338,10,0,0.0,0.2629754823216746,0.03736300723732584,0.4900607912663126
markovian-photon-reservoir-decay,cube_mmm,10.053096491487338,10,0,0.0,0.303947479177504,0.030822231335886803,0.5715824439222158
markovian-photon-reservoir-decay,cube_mmp,10.053096491487338,10,0,0.0,0.1824611499782261,0.03042168373178961,0.3398029174920105
markovian-photon-reservoir-decay,cube_mpm,10.053096491487338,10,0,0.0,0.303947479177504,0.030822231335886803,0.5715824439222158
markovian-photon-reservoir-decay,cube_mpp,10.053096491487338,10,0,0.0,0.1824611499782261,0.03042168373178961,0.3398029174920105
markovian-photon-reservoir-decay,cube_pmm,10.053096491487338,10,0,0.0,0.303947479177504,0.030822231335886803,0.5715824439222158
markovian-photon-reservoir-decay,cube_pmp,10.053096491487338,10,0,0.0,0.1824611499782261,0.03042168373178961,0.3398029174920105
markovian-photon-reservoir-decay,cube_ppm,10.053096491487338,10,0,0.0,0.303947479177504,0.030822231335886803,0.5715824439222158
markovian-photon-reservoir-decay,cube_ppp,10.053096491487338,10,0,0.0,0.1824611499782261,0.03042168373178961,0.3398029174920105
markovian-photon-reservoir-decay,0,10.210176124166829,10,10,1.0,0.0,0.0,0.0
markovian-photon-reservoir-decay,1,10.210176124166829,10,0,0.0,0.3108938059054017,0.006029010737288232,0.6001533266628265
markovian-photon-reservoir-decay,+,10.210176124166829,10,0,0.0,0.26153571359140637,0.0360350461053394,0.48759930710782645
markovian-photon-reservoir-decay,-,10.210176124166829,10,0,0.0,0.26153571359140637,0.0360350461053394,0.48759930710782645
markovian-photon-reservoir-decay,+i,10.210176124166829,10,0,0.0,0.26153571359140637,0.0360350461053394,0.48759930710782645
markovian-photon-reservoir-decay,-i,10.210176124166829,10,0,0.0,0.26153571359140637,0.0360350461053394,0.48759930710782645
markovian-photon-reservoir-decay,cube_mmm,10.210176124166829,10,0,0.0,0.30172982556741557,0.0297024281425597,0.5678986657847337
markovian-photon-reservoir-decay,cube_mmp,10.210176124166829,10,0,0.0,0.1817133942225873,0.02934702965681717,0.33846204556904447
markovian-photon-reservoir-decay,cube_mpm,10.210176124166829,10,0,0.0,0.30172982556741557,0.0297024281425597,0.5678986657847337
markovian-photon-reservoir-decay,cube_mpp,10.210176124166829,10,0,0.0,0.1817133942225873,0.02934702965681717,0.33846204556904447
markovian-photon-reservoir-decay,cube_pmm,10.210176124166829,10,0,0.0,0.30172982556741557,0.0297024281425597,0.5678986657847337
markovian-photon-reservoir-decay,cube_pmp,10.210176124166829,10,0,0.0,0.1817133942225873,0.02934702965681717,0.33846204556904447
markovian-photon-reservoir-decay,cube_ppm,10.210176124166829,10,0,0.0,0.30172982556741557,0.0297024281425597,0.5678986657847337
markovian-photon-reservoir-decay,cube_ppp,10.210176124166829,10,0,0.0,0.1817133942225873,0.02934702965681717,0.33846204556904447
markovian-photon-reservoir-decay,0,10.367255756846317,10,10,1.0,0.0,0.0,0.0
markovian-photon-reservoir-decay,1,10.367255756846317,10,0,0.0,0.30798656516063205,0.005576180217326698,0.5954632560038998
markovian-photon-reservoir-decay,+,10.367255756846317,10,0,0.0,0.26009413748924,0.03475025588329453,0.48514122093733286
markovian-photon-reservoir-decay,-,10.367255756846317,10,0,0.0,0.26009413748924,0.03475025588329453,0.48514122093733286
markovian-photon-reservoir-decay,+i,10.367255756846317,10,0,0.0,0.26009413748924,0.03475025588329453,0.48514122093733286
markovian-photon-reservoir-decay,-i,10.367255756846317,10,0,0.0,0.26009413748924,0.03475025588329453,0.48514122093733286
markovian-photon-reservoir-decay,cube_mmm,10.367255756846317,10,0,0.0,0.29952293993047885,0.028621876651922076,0.5642353233673513
markovian-photon-reservoir-decay,cube_mmp,10.367255756846317,10,0,0.0,0.18095801462817707,0.02830653312341144,0.3371152156432833
markovian-photon-reservoir-decay,cube_mpm,10.367255756846317,10,0,0.0,0.29952293993047885,0.028621876651922076,0.5642353233673513
markovian-photon-reservoir-decay,cube_mpp,10.367255756846317,10,0,0.0,0.18095801462817707,0.02830653312341144,0.3371152156432833
markovian-photon-reservoir-decay,cube_pmm,10.367255756846317,10,0,0.0,0.29952293993047885,0.028621876651922076,0.5642353233673513
markovian-photon-reservoir-decay,cube_pmp,10.367255756846317,10,0,0.0,0.18095801462817707,0.02830653312341144,0.3371152156432833
markovian-photon-reservoir-decay,cube_ppm,10.367255756846317,10,0,0.0,0.29952293993047885,0.028621876651922076,0.5642353233673513
markovian-photon-reservoir-decay,cube_ppp,10.367255756846317,10,0,0.0,0.18095801462817707,0.02830653312341144,0.3371152156432833
markovian-photon-reservoir-decay,0,10.524335389525806,10,10,1.0,0.0,0.0,0.0
markovian-photon-reservoir-decay,1,10.524335389525806,10,0,0.0,0.30510428490971503,0.005157180654085436,0.5908091411584044
markovian-photon-reservoir-decay,+,10.524335389525806,10,0,0.0,0.25865155925109884,0.03350752946349985,0.4826874750897711
markovian-photon-reservoir-decay,-,10.524335389525806,10,0,0.0,0.25865155925109884,0.03350752946349985,0.4826874750897711
markovian-photon-reservoir-decay,+i,10.524335389525806,10,0,0.0,0.25865155925109884,0.03350752946349985,0.4826874750897711
markovian-photon-reservoir-decay,-i,10.524335389525806,10,0,0.0,0.25865155925109884,0.03350752946349985,0.4826874750897711
markovian-photon-reservoir-decay,cube_mmm,10.524335389525806,10,0,0.0,0.2973273923356722,0.027579222692375685,0.5605928401640932
markovian-photon-reservoir-decay,cube_mmp,10.524335389525806,10,0,0.0,0.18019575538121743,0.02729941429372414,0.33576342781823465
markovian-photon-reservoir-decay,cube_mpm,10.524335389525806,10,0,0.0,0.2973273923356722,0.027579222692375685,0.5605928401640932
markovian-photon-reservoir-decay,cube_mpp,10.524335389525806,10,0,0.0,0.18019575538121743,0.02729941429372414,0.33576342781823465
markovian-photon-reservoir-decay,cube_pmm,10.524335389525806,10,0,0.0,0.2973273923356722,0.027579222692375685,0.5605928401640932
markovian-photon-reservoir-decay,cube_pmp,10.524335389525806,10,0,0.0,0.18019575538121743,0.02729941429372414,0.33576342781823465
markovian-photon-reservoir-decay,cube_ppm,10.524335389525806,10,0,0.0,0.2973273923356722,0.027579222692375685,0.5605928401640932
markovian-photon-reservoir-decay,cube_ppp,10.524335389525806,10,0,0.0,0.18019575538121743,0.02729941429372414,0.33576342781823465
markovian-photon-reservoir-decay,0,10.681415022205297,10,10,1.0,0.0,0.0,0.0
markovian-photon-reservoir-decay,1,10.681415022205297,10,0,0.0,0.302247145499331,0.0047695109257349655,0.586190807771653
markovian-photon-reservoir-decay,+,10.681415022205297,10,0,0.0,0.25720872506349735,0.032305765738357174,0.4802389307197209
markovian-photon-reservoir-decay,-,10.681415022205297,10,0,0.0,0.25720872506349735,0.032305765738357174,0.4802389307197209
markovian-photon-reservoir-decay,+i,10.681415022205297,10,0,0.0,0.25720872506349735,0.032305765738357174,0.4802389307197209
markovian-photon-reservoir-decay,-i,10.681415022205297,10,0,0.0,0.25720872506349735,0.032305765738357174,0.4802389307197209
markovian-photon-reservoir-decay,cube_mmm,10.681415022205297,10,0,0.0,0.29514369739996826,0.02657316733136049,0.5569715882083291
markovian-photon-reservoir-decay,cube_mmp,10.681415022205297,10,0,0.0,0.17942731259457662,0.02632488409709023,0.3344076031917444
markovian-photon-reservoir-decay,cube_mpm,10.681415022205297,10,0,0.0,0.29514369739996826,0.02657316733136049,0.5569715882083291
markovian-photon-reservoir-decay,cube_mpp,10.681415022205297,10,0,0.0,0.17942731259457662,0.02632488409709023,0.3344076031917444
markovian-photon-reservoir-decay,cube_pmm,10.681415022205297,10,0,0.0,0.29514369739996826,0.02657316733136049,0.5569715882083291
markovian-photon-reservoir-decay,cube_pmp,10.681415022205297,10,0,0.0,0.17942731259457662,0.02632488409709023,0.3344076031917444
markovian-photon-reservoir-decay,cube_ppm,10.681415022205297,10,0,0.0,0.29514369739996826,0.02657316733136049,0.5569715882083291
markovian-photon-reservoir-decay,cube_ppp,10.681415022205297,10,0,0.0,0.17942731259457662,0.02632488409709023,0.3344076031917444
markovian-photon-reservoir-decay,0,10.838494654884787,10,10,1.0,0.0,0.0,0.0
markovian-photon-reservoir-decay,1,10.838494654884787,10,0,0.0,0.29941528636296455,0.004410850940098132,0.5816080673083955
markovian-photon-reservoir-decay,+,10.838494654884787,10,0,0.0,0.2557663262711848,0.031143871533613792,0.47779637421355026
markovian-photon-reservoir-decay,-,10.838494654884787,10,0,0.0,0.2557663262711848,0.031143871533613792,0.47779637421355026
markovian-photon-reservoir-decay,+i,10.838494654884787,10,0,0.0,0.2557663262711848,0.031143871533613792,0.47779637421355026
markovian-photon-reservoir-decay,-i,10.838494654884787,10,0,0.0,0.2557663262711848,0.031143871533613792,0.47779637421355026
markovian-photon-reservoir-decay,cube_mmm,10.838494654884787,10,0,0.0,0.2929723187425024,0.025602462904103816,0.5533718927797929
markovian-photon-reservoir-decay,cube_mmp,10.838494654884787,10,0,0.0,0.1786533375252547,0.025382147414778823,0.3330485898727069
markovian-photon-reservoir-decay,cube_mpm,10.838494654884787,10,0,0.0,0.2929723187425024,0.025602462904103816,0.5533718927797929
markovian-photon-reservoir-decay,cube_mpp,10.838494654884787,10,0,0.0,0.1786533375252547,0.025382147414778823,0.3330485898727069
markovian-photon-reservoir-decay,cube_pmm,10.838494654884787,10,0,0.0,0.2929723187425024,0.025602462904103816,0.5533718927797929
markovian-photon-reservoir-decay,cube_pmp,10.838494654884787,10,0,0.0,0.1786533375252547,0.025382147414778823,0.3330485898727069
markovian-photon-reservoir-decay,cube_ppm,10.838494654884787,10,0,0.0,0.2929723187425024,0.025602462904103816,0.5533718927797929
markovian-photon-reservoir-decay,cube_ppp,10.838494654884787,10,0,0.0,0.1786533375252547,0.025382147414778823,0.3330485898727069
markovian-photon-reservoir-decay,0,10.995574287564276,10,10,1.0,0.0,0.0,0.0
markovian-photon-reservoir-decay,1,10.995574287564276,10,0,0.0,0.29660880988587435,0.004079049107826471,0.5770607194233787
markovian-photon-reservoir-decay,+,10.995574287564276,10,0,0.0,0.2543250032662426,0.030020763370473647,0.47536052307659155
markovian-photon-reservoir-decay,-,10.995574287564276,10,0,0.0,0.2543250032662426,0.030020763370473647,0.47536052307659155
markovian-photon-reservoir-decay,+i,10.995574287564276,10,0,0.0,0.2543250032662426,0.030020763370473647,0.47536052307659155
markovian-photon-reservoir-decay,-i,10.995574287564276,10,0,0.0,0.2543250032662426,0.030020763370473647,0.47536052307659155
markovian-photon-reservoir-decay,cube_mmm,10.995574287564276,10,0,0.0,0.2908136730730687,0.02466590949627221,0.5497940366432212
markovian-photon-reservoir-decay,cube_mmp,10.995574287564276,10,0,0.0,0.17787443956292298,0.024470405943868026,0.33168716853620156
markovian-photon-reservoir-decay,cube_mpm,10.995574287564276,10,0,0.0,0.2908136730730687,0.02466590949627221,0.5497940366432212
markovian-photon-reservoir-decay,cube_mpp,10.995574287564276,10,0,0.0,0.17787443956292298,0.024470405943868026,0.33168716853620156
markovian-photon-reservoir-decay,cube_pmm,10.995574287564276,10,0,0.0,0.2908136730730687,0.02466590949627221,0.5497940366432212
markovian-photon-reservoir-decay,cube_pmp,10.995574287564276,10,0,0.0,0.17787443956292298,0.024470405943868026,0.33168716853620156
markovian-photon-reservoir-decay,cube_ppm,10.995574287564276,10,0,0.0,0.2908136730730687,0.02466590949627221,0.5497940366432212
markovian-photon-reservoir-decay,cube_ppp,10.995574287564276,10,0,0.0,0.17787443956292298,0.024470405943868026,0.33168716853620156
markovian-photon-reservoir-decay,0,11.152653920243765,10,10,1.0,0.0,0.0,0.0
markovian-photon-reservoir-decay,1,11.152653920243765,10,0,0.0,0.2938277849069692,0.0037721105950264677,0.5725485539848923
markovian-photon-reservoir-decay,+,11.152653920243765,10,0,0.0,0.2528853490845063,0.028935369063542153,0.4729320313418987
markovian-photon-reservoir-decay,-,11.152653920243765,10,0,0.0,0.2528853490845063,0.028935369063542153,0.4729320313418987
markovian-photon-reservoir-decay,+i,11.152653920243765,10,0,0.0,0.2528853490845063,0.028935369063542153,0.4729320313418987
markovian-photon-reservoir-decay,-i,11.152653920243765,10,0,0.0,0.2528853490845063,0.028935369063542153,0.4729320313418987
markovian-photon-reservoir-decay,cube_mmm,11.152653920243765,10,0,0.0,0.2886681339464395,0.023762351826692688,0.5462382638712768
markovian-photon-reservoir-decay,cube_mmp,11.152653920243765,10,0,0.0,0.17709118900672965,0.023588860765963986,0.330324057553372
markovian-photon-reservoir-decay,cube_mpm,11.152653920243765,10,0,0.0,0.2886681339464395,0.023762351826692688,0.5462382638712768
markovian-photon-reservoir-decay,cube_mpp,11.152653920243765,10,0,0.0,0.17709118900672965,0.023588860765963986,0.330324057553372
markovian-photon-reservoir-decay,cube_pmm,11.152653920243765,10,0,0.0,0.2886681339464395,0.023762351826692688,0.5462382638712768
markovian-photon-reservoir-decay,cube_pmp,11.152653920243765,10,0,0.0,0.17709118900672965,0.023588860765963986,0.330324057553372
markovian-photon-reservoir-decay,cube_ppm,11.152653920243765,10,0,0.0,0.2886681339464395,0.023762351826692688,0.5462382638712768
markovian-photon-reservoir-decay,cube_ppp,11.152653920243765,10,0,0.0,0.17709118900672965,0.023588860765963986,0.330324057553372
markovian-photon-reservoir-decay,0,11.309733552923255,10,10,1.0,0.0,0.0,0.0
markovian-photon-reservoir-decay,1,11.309733552923255,10,0,0.0,0.29107224989478225,0.0034881863206972508,0.5680713528017646
markovian-photon-reservoir-decay,+,11.309733552923255,10,0,0.0,0.2514479127328332,0.027886629161695955,0.4705114945423456
markovian-photon-reservoir-decay,-,11.309733552923255,10,0,0.0,0.2514479127328332,0.027886629161695955,0.4705114945423456
markovian-photon-reservoir-decay,+i,11.309733552923255,10,0,0.0,0.2514479127328332,0.027886629161695955,0.4705114945423456
markovian-photon-reservoir-decay,-i,11.309733552923255,10,0,0.0,0.2514479127328332,0.027886629161695955,0.4705114945423456
markovian-photon-reservoir-decay,cube_mmm,11.309733552923255,10,0,0.0,0.28653603521094856,0.02289067648151835,0.5427047832977255
markovian-photon-reservoir-decay,cube_mmp,11.309733552923255,10,0,0.0,0.17630411964615178,0.022736714644462103,0.3289599177292074
markovian-photon-reservoir-decay,cube_mpm,11.309733552923255,10,0,0.0,0.28653603521094856,0.02289067648151835,0.5427047832977255
markovian-photon-reservoir-decay,cube_mpp,11.309733552923255,10,0,0.0,0.17630411964615178,0.022736714644462103,0.3289599177292074
markovian-photon-reservoir-decay,cube_pmm,11.309733552923255,10,0,0.0,0.28653603521094856,0.02289067648151835,0.5427047832977255
markovian-photon-reservoir-decay,cube_pmp,11.309733552923255,10,0,0.0,0.17630411964615178,0.022736714644462103,0.3289599177292074
markovian-photon-reservoir-decay,cube_ppm,11.309733552923255,10,0,0.0,0.28653603521094856,0.02289067648151835,0.5427047832977255
markovian-photon-reservoir-decay,cube_ppp,11.309733552923255,10,0,0.0,0.17630411964615178,0.022736714644462103,0.3289599177292074
markovian-photon-reservoir-decay,0,11.466813185602746,10,10,1.0,0.0,0.0,0.0
markovian-photon-reservoir-decay,1,11.466813185602746,10,0,0.0,0.2883422158305081,0.003225562663442594,0.5636288910969348
markovian-photon-reservoir-decay,+,11.466813185602746,10,0,0.0,0.2500132022687684,0.026873498239466557,0.4680994542839054
markovian-photon-reservoir-decay,-,11.466813185602746,10,0,0.0,0.2500132022687684,0.026873498239466557,0.4680994542839054
markovian-photon-reservoir-decay,+i,11.466813185602746,10,0,0.0,0.2500132022687684,0.026873498239466557,0.4680994542839054
markovian-photon-reservoir-decay,-i,11.466813185602746,10,0,0.0,0.2500132022687684,0.026873498239466557,0.4680994542839054
markovian-photon-reservoir-decay,cube_mmm,11.466813185602746,10,0,0.0,0.2844176741771752,0.022049809456485252,0.5391937716412432
markovian-photon-reservoir-decay,cube_mmp,11.466813185602746,10,0,0.0,0.17551373116049357,0.021913174072540058,0.32759535667883216
markovian-photon-reservoir-decay,cube_mpm,11.466813185602746,10,0,0.0,0.2844176741771752,0.022049809456485252,0.5391937716412432
markovian-photon-reservoir-decay,cube_mpp,11.466813185602746,10,0,0.0,0.17551373116049357,0.021913174072540058,0.32759535667883216
markovian-photon-reservoir-decay,cube_pmm,11.466813185602746,10,0,0.0,0.2844176741771752,0.022049809456485252,0.5391937716412432
markovian-photon-reservoir-decay,cube_pmp,11.466813185602746,10,0,0.0,0.17551373116049357,0.021913174072540058,0.32759535667883216
markovian-photon-reservoir-decay,cube_ppm,11.466813185602746,10,0,0.0,0.2844176741771752,0.022049809456485252,0.5391937716412432
markovian-photon-reservoir-decay,cube_ppp,11.466813185602746,10,0,0.0,0.17551373116049357,0.021913174072540058,0.32759535667883216
markovian-photon-reservoir-decay,0,11.623892818282235,10,10,1.0,0.0,0.0,0.0
markovian-photon-reservoir-decay,1,11.623892818282235,10,0,0.0,0.28563766882737734,0.002982651841583972,0.559220938764456
markovian-photon-reservoir-decay,+,11.623892818282235,10,0,0.0,0.24858168765225847,0.025894946046515432,0.46569640245419025
markovian-photon-reservoir-decay,-,11.623892818282235,10,0,0.0,0.24858168765225847,0.025894946046515432,0.46569640245419025
markovian-photon-reservoir-decay,+i,11.623892818282235,10,0,0.0,0.24858168765225847,0.025894946046515432,0.46569640245419025
markovian-photon-reservoir-decay,-i,11.623892818282235,10,0,0.0,0.24858168765225847,0.025894946046515432,0.46569640245419025
markovian-photon-reservoir-decay,cube_mmm,11.623892818282235,10,0,0.0,0.2823133145301724,0.02123871396847758,0.5357053763352214
markovian-photon-reservoir-decay,cube_mmp,11.623892818282235,10,0,0.0,0.1747204913504466,0.021117451092334927,0.3262309328703195
markovian-photon-reservoir-decay,cube_mpm,11.623892818282235,10,0,0.0,0.2823133145301724,0.02123871396847758,0.5357053763352214
markovian-photon-reservoir-decay,cube_mpp,11.623892818282235,10,0,0.0,0.1747204913504466,0.021117451092334927,0.3262309328703195
markovian-photon-reservoir-decay,cube_pmm,11.623892818282235,10,0,0.0,0.2823133145301724,0.02123871396847758,0.5357053763352214
markovian-photon-reservoir-decay,cube_pmp,11.623892818282235,10,0,0.0,0.1747204913504466,0.021117451092334927,0.3262309328703195
markovian-photon-reservoir-decay,cube_ppm,11.623892818282235,10,0,0.0,0.2823133145301724,0.02123871396847758,0.5357053763352214
markovian-photon-reservoir-decay,cube_ppp,11.623892818282235,10,0,0.0,0.1747204913504466,0.021117451092334927,0.3262309328703195
markovian-photon-reservoir-decay,0,11.780972450961723,10,10,1.0,0.0,0.0,0.0
markovian-photon-reservoir-decay,1,11.780972450961723,10,0,0.0,0.2829585725124002,0.0027579829309445913,0.5548472614414334
markovian-photon-reservoir-decay,+,11.780972450961723,10,0,0.0,0.24715380338744333,0.024949958523048953,0.46330278509723105
markovian-photon-reservoir-decay,-,11.780972450961723,10,0,0.0,0.24715380338744333,0.024949958523048953,0.46330278509723105
markovian-photon-reservoir-decay,+i,11.780972450961723,10,0,0.0,0.24715380338744333,0.024949958523048953,0.46330278509723105
markovian-photon-reservoir-decay,-i,11.780972450961723,10,0,0.0,0.24715380338744333,0.024949958523048953,0.46330278509723105
markovian-photon-reservoir-decay,cube_mmm,11.780972450961723,10,0,0.0,0.2802231890066275,0.020456388502114873,0.5322397180947505
markovian-photon-reservoir-decay,cube_mmp,11.780972450961723,10,0,0.0,0.17392483821413052,0.020348764904423278,0.32486715935990673
markovian-photon-reservoir-decay,cube_mpm,11.780972450961723,10,0,0.0,0.2802231890066275,0.020456388502114873,0.5322397180947505
markovian-photon-reservoir-decay,cube_mpp,11.780972450961723,10,0,0.0,0.17392483821413052,0.020348764904423278,0.32486715935990673
markovian-photon-reservoir-decay,cube_pmm,11.780972450961723,10,0,0.0,0.2802231890066275,0.020456388502114873,0.5322397180947505
markovian-photon-reservoir-decay,cube_pmp,11.780972450961723,10,0,0.0,0.17392483821413052,0.020348764904423278,0.32486715935990673
markovian-photon-reservoir-decay,cube_ppm,11.780972450961723,10,0,0.0,0.2802231890066275,0.020456388502114873,0.5322397180947505
markovian-photon-reservoir-decay,cube_ppp,11.780972450961723,10,0,0.0,0.17392483821413052,0.020348764904423278,0.32486715935990673
markovian-photon-reservoir-decay,0,11.938052083641214,10,10,1.0,0.0,0.0,0.0
markovian-photon-reservoir-decay,1,11.938052083641214,10,0,0.0,0.280304870193662,0.002550193485069241,0.5505076214218128
markovian-photon-reservoir-decay,+,11.938052083641214,10,0,0.0,0.24572995097097255,0.02403753868881332,0.4609190059824269
markovian-photon-reservoir-decay,-,11.938052083641214,10,0,0.0,0.24572995097097255,0.02403753868881332,0.4609190059824269
markovian-photon-reservoir-decay,+i,11.938052083641214,10,0,0.0,0.24572995097097255,0.02403753868881332,0.4609190059824269
markovian-photon-reservoir-decay,-i,11.938052083641214,10,0,0.0,0.24572995097097255,0.02403753868881332,0.4609190059824269
markovian-photon-reservoir-decay,cube_mmm,11.938052083641214,10,0,0.0,0.27814750185640535,0.019701865060866644,0.5287968932481466
markovian-photon-reservoir-decay,cube_mmp,11.938052083641214,10,0,0.0,0.17312718187901371,0.019606343285157198,0.3235045072432743
markovian-photon-reservoir-decay,cube_mpm,11.938052083641214,10,0,0.0,0.27814750185640535,0.019701865060866644,0.5287968932481466
markovian-photon-reservoir-decay,cube_mpp,11.938052083641214,10,0,0.0,0.17312718187901371,0.019606343285157198,0.3235045072432743
markovian-photon-reservoir-decay,cube_pmm,11.938052083641214,10,0,0.0,0.27814750185640535,0.019701865060866644,0.5287968932481466
markovian-photon-reservoir-decay,cube_pmp,11.938052083641214,10,0,0.0,0.17312718187901371,0.019606343285157198,0.3235045072432743
markovian-photon-reservoir-decay,cube_ppm,11.938052083641214,10,0,0.0,0.27814750185640535,0.019701865060866644,0.5287968932481466
markovian-photon-reservoir-decay,cube_ppp,11.938052083641214,10,0,0.0,0.17312718187901371,0.019606343285157198,0.3235045072432743
markovian-photon-reservoir-decay,0,12.095131716320704,10,10,1.0,0.0,0.0,0.0
markovian-photon-reservoir-decay,1,12.095131716320704,10,0,0.0,0.27767648683385227,0.002358021723427528,0.5462017784350315
markovian-photon-reservoir-decay,+,12.095131716320704,10,0,0.0,0.24431050116199343,0.02315670741350002,0.458545429893203
markovian-photon-reservoir-decay,-,12.095131716320704,10,0,0.0,0.24431050116199343,0.02315670741350002,0.458545429893203
markovian-photon-reservoir-decay,+i,12.095131716320704,10,0,0.0,0.24431050116199343,0.02315670741350002,0.458545429893203
markovian-photon-reservoir-decay,-i,12.095131716320704,10,0,0.0,0.24431050116199343,0.02315670741350002,0.458545429893203
markovian-photon-reservoir-decay,cube_mmm,12.095131716320704,10,0,0.0,0.2760864311062995,0.018974207596005047,0.5253769758572856
markovian-photon-reservoir-decay,cube_mmp,12.095131716320704,10,0,0.0,0.1723279064003071,0.018889423828314256,0.32214340884483966
markovian-photon-reservoir-decay,cube_mpm,12.095131716320704,10,0,0.0,0.2760864311062995,0.018974207596005047,0.5253769758572856
markovian-photon-reservoir-decay,cube_mpp,12.095131716320704,10,0,0.0,0.1723279064003071,0.018889423828314256,0.32214340884483966
markovian-photon-reservoir-decay,cube_pmm,12.095131716320704,10,0,0.0,0.2760864311062995,0.018974207596005047,0.5253769758572856
markovian-photon-reservoir-decay,cube_pmp,12.095131716320704,10,0,0.0,0.1723279064003071,0.018889423828314256,0.32214340884483966
markovian-photon-reservoir-decay,cube_ppm,12.095131716320704,10,0,0.0,0.2760864311062995,0.018974207596005047,0.5253769758572856
markovian-photon-reservoir-decay,cube_ppp,12.095131716320704,10,0,0.0,0.1723279064003071,0.018889423828314256,0.32214340884483966
markovian-photon-reservoir-decay,0,12.252211349000193,10,10,1.0,0.0,0.0,0.0
markovian-photon-reservoir-decay,1,12.252211349000193,10,0,0.0,0.27507333084850044,0.002180299254144591,0.5419294903091914
markovian-photon-reservoir-decay,+,12.252211349000193,10,0,0.0,0.24289579608762518,0.022306504076055816,0.4561823856584264
markovian-photon-reservoir-decay,-,12.252211349000193,10,0,0.0,0.24289579608762518,0.022306504076055816,0.4561823856584264
markovian-photon-reservoir-decay,+i,12.252211349000193,10,0,0.0,0.24289579608762518,0.022306504076055816,0.4561823856584264
markovian-photon-reservoir-decay,-i,12.252211349000193,10,0,0.0,0.24289579608762518,0.022306504076055816,0.4561823856584264
markovian-photon-reservoir-decay,cube_mmm,12.252211349000193,10,0,0.0,0.27404013064223637,0.018272510589776438,0.5219800196480805
markovian-photon-reservoir-decay,cube_mmp,12.252211349000193,10,0,0.0,0.1715273714355446,0.018197255026125295,0.3207842606651196
markovian-photon-reservoir-decay,cube_mpm,12.252211349000193,10,0,0.0,0.27404013064223637,0.018272510589776438,0.5219800196480805
markovian-photon-reservoir-decay,cube_mpp,12.252211349000193,10,0,0.0,0.1715273714355446,0.018197255026125295,0.3207842606651196
markovian-photon-reservoir-decay,cube_pmm,12.252211349000193,10,0,0.0,0.27404013064223637,0.018272510589776438,0.5219800196480805
markovian-photon-reservoir-decay,cube_pmp,12.252211349000193,10,0,0.0,0.1715273714355446,0.018197255026125295,0.3207842606651196
markovian-photon-reservoir-decay,cube_ppm,12.252211349000193,10,0,0.0,0.27404013064223637,0.018272510589776438,0.5219800196480805
markovian-photon-reservoir-decay,cube_ppp,12.252211349000193,10,0,0.0,0.1715273714355446,0.018197255026125295,0.3207842606651196
markovian-photon-reservoir-decay,0,12.409290981679682,10,10,1.0,0.0,0.0,0.0
markovian-photon-reservoir-decay,1,12.409290981679682,10,0,0.0,0.27249529574544734,0.002015944298956074,0.5376905135355576
markovian-photon-reservoir-decay,+,12.409290981679682,10,0,0.0,0.24148615119665834,0.021485987120405614,0.45383016894769834
markovian-photon-reservoir-decay,-,12.409290981679682,10,0,0.0,0.24148615119665834,0.021485987120405614,0.45383016894769834
markovian-photon-reservoir-decay,+i,12.409290981679682,10,0,0.0,0.24148615119665834,0.021485987120405614,0.45383016894769834
markovian-photon-reservoir-decay,-i,12.409290981679682,10,0,0.0,0.24148615119665834,0.021485987120405614,0.45383016894769834
markovian-photon-reservoir-decay,cube_mmm,12.409290981679682,10,0,0.0,0.2720087321248448,0.01759589777223827,0.5186060597700906
markovian-photon-reservoir-decay,cube_mmp,12.409290981679682,10,0,0.0,0.17072591380437954,0.01752909720375674,0.31942742610476305
markovian-photon-reservoir-decay,cube_mpm,12.409290981679682,10,0,0.0,0.2720087321248448,0.01759589777223827,0.5186060597700906
markovian-photon-reservoir-decay,cube_mpp,12.409290981679682,10,0,0.0,0.17072591380437954,0.01752909720375674,0.31942742610476305
markovian-photon-reservoir-decay,cube_pmm,12.409290981679682,10,0,0.0,0.2720087321248448,0.01759589777223827,0.5186060597700906
markovian-photon-reservoir-decay,cube_pmp,12.409290981679682,10,0,0.0,0.17072591380437954,0.01752909720375674,0.31942742610476305
markovian-photon-reservoir-decay,cube_ppm,12.409290981679682,10,0,0.0,0.2720087321248448,0.01759589777223827,0.5186060597700906
markovian-photon-reservoir-decay,cube_ppp,12.409290981679682,10,0,0.0,0.17072591380437954,0.01752909720375674,0.31942742610476305
markovian-photon-reservoir-decay,0,12.566370614359172,10,10,1.0,0.0,0.0,0.0
markovian-photon-reservoir-decay,1,12.566370614359172,10,0,0.0,0.26994226162036306,0.0018639553893518013,0.5334846037487471
markovian-photon-reservoir-decay,+,12.566370614359172,10,0,0.0,0.24008185707313986,0.020694234514815966,0.4514890448496989
markovian-photon-reservoir-decay,-,12.566370614359172,10,0,0.0,0.24008185707313986,0.020694234514815966,0.4514890448496989
markovian-photon-reservoir-decay,+i,12.566370614359172,10,0,0.0,0.24008185707313986,0.020694234514815966,0.4514890448496989
markovian-photon-reservoir-decay,-i,12.566370614359172,10,0,0.0,0.24008185707313986,0.020694234514815966,0.4514890448496989
markovian-photon-reservoir-decay,cube_mmm,12.566370614359172,10,0,0.0,0.2699923467520295,0.016943520953753358,0.5152551144020583
markovian-photon-reservoir-decay,cube_mmp,12.566370614359172,10,0,0.0,0.1699238489419087,0.016884223320202996,0.31807323798233295
markovian-photon-reservoir-decay,cube_mpm,12.566370614359172,10,0,0.0,0.2699923467520295,0.016943520953753358,0.5152551144020583
markovian-photon-reservoir-decay,cube_mpp,12.566370614359172,10,0,0.0,0.1699238489419087,0.016884223320202996,0.31807323798233295
markovian-photon-reservoir-decay,cube_pmm,12.566370614359172,10,0,0.0,0.2699923467520295,0.016943520953753358,0.5152551144020583
markovian-photon-reservoir-decay,cube_pmp,12.566370614359172,10,0,0.0,0.1699238489419087,0.016884223320202996,0.31807323798233295
markovian-photon-reservoir-decay,cube_ppm,12.566370614359172,10,0,0.0,0.2699923467520295,0.016943520953753358,0.5152551144020583
markovian-photon-reservoir-decay,cube_ppp,12.566370614359172,10,0,0.0,0.1699238489419087,0.016884223320202996,0.31807323798233295
finite-mode-spin-boson-dephasing,0,0.0,120,120,1.0,0.0,0.0,0.0
finite-mode-spin-boson-dephasing,1,0.0,120,120,1.0,0.0,0.0,0.0
finite-mode-spin-boson-dephasing,+,0.0,120,120,1.0,0.0,0.0,0.0
finite-mode-spin-boson-dephasing,-,0.0,120,120,1.0,0.0,0.0,0.0
finite-mode-spin-boson-dephasing,+i,0.0,120,120,1.0,0.0,0.0,0.0
finite-mode-spin-boson-dephasing,-i,0.0,120,120,1.0,0.0,0.0,0.0
finite-mode-spin-boson-dephasing,cube_mmm,0.0,120,120,1.0,0.0,0.0,0.0
finite-mode-spin-boson-dephasing,cube_mmp,0.0,120,120,1.0,0.0,0.0,0.0
finite-mode-spin-boson-dephasing,cube_mpm,0.0,120,120,1.0,0.0,0.0,0.0
finite-mode-spin-boson-dephasing,cube_mpp,0.0,120,120,1.0,0.0,0.0,0.0
finite-mode-spin-boson-dephasing,cube_pmm,0.0,120,120,1.0,0.0,0.0,0.0
finite-mode-spin-boson-dephasing,cube_pmp,0.0,120,120,1.0,0.0,0.0,0.0
finite-mode-spin-boson-dephasing,cube_ppm,0.0,120,120,1.0,0.0,0.0,0.0
finite-mode-spin-boson-dephasing,cube_ppp,0.0,120,120,1.0,0.0,0.0,0.0
finite-mode-spin-boson-dephasing,0,0.15707963267948966,120,120,1.0,3.376928366568184e-17,0.0,2.220446049250313e-16
finite-mode-spin-boson-dephasing,1,0.15707963267948966,120,120,1.0,3.376928366568184e-17,0.0,2.220446049250313e-16
finite-mode-spin-boson-dephasing,+,0.15707963267948966,120,0,0.0,0.026779594071041853,8.546978138895822e-05,0.06664768243054309
finite-mode-spin-boson-dephasing,-,0.15707963267948966,120,0,0.0,0.026779594071041853,8.546978138895822e-05,0.06664768243054309
finite-mode-spin-boson-dephasing,+i,0.15707963267948966,120,0,0.0,0.026779594071041853,8.546978138895822e-05,0.06664768243054309
finite-mode-spin-boson-dephasing,-i,0.15707963267948966,120,0,0.0,0.026779594071041853,8.546978138895822e-05,0.06664768243054309
finite-mode-spin-boson-dephasing,cube_mmm,0.15707963267948966,120,0,0.0,0.02186544699763807,6.978578427669389e-05,0.054417604831295395
finite-mode-spin-boson-dephasing,cube_mmp,0.15707963267948966,120,0,0.0,0.02186544699763807,6.978578427669389e-05,0.054417604831295395
finite-mode-spin-boson-dephasing,cube_mpm,0.15707963267948966,120,0,0.0,0.02186544699763807,6.978578427669389e-05,0.054417604831295395
finite-mode-spin-boson-dephasing,cube_mpp,0.15707963267948966,120,0,0.0,0.02186544699763807,6.978578427669389e-05,0.054417604831295395
finite-mode-spin-boson-dephasing,cube_pmm,0.15707963267948966,120,0,0.0,0.02186544699763807,6.978578427669389e-05,0.054417604831295395
finite-mode-spin-boson-dephasing,cube_pmp,0.15707963267948966,120,0,0.0,0.02186544699763807,6.978578427669389e-05,0.054417604831295395
finite-mode-spin-boson-dephasing,cube_ppm,0.15707963267948966,120,0,0.0,0.02186544699763807,6.978578427669389e-05,0.054417604831295395
finite-mode-spin-boson-dephasing,cube_ppp,0.15707963267948966,120,0,0.0,0.02186544699763807,6.978578427669389e-05,0.054417604831295395
finite-mode-spin-boson-dephasing,0,0.3141592653589793,120,120,1.0,2.7755575615628914e-17,0.0,2.220446049250313e-16
finite-mode-spin-boson-dephasing,1,0.3141592653589793,120,120,1.0,2.7755575615628914e-17,0.0,2.220446049250313e-16
finite-mode-spin-boson-dephasing,+,0.3141592653589793,120,0,0.0,0.0726400305446325,0.0001988614610858308,0.18015705509772473
finite-mode-spin-boson-dephasing,-,0.3141592653589793,120,0,0.0,0.0726400305446325,0.0001988614610858308,0.18015705509772473
finite-mode-spin-boson-dephasing,+i,0.3141592653589793,120,0,0.0,0.0726400305446325,0.0001988614610858308,0.18015705509772473
finite-mode-spin-boson-dephasing,-i,0.3141592653589793,120,0,0.0,0.0726400305446325,0.0001988614610858308,0.18015705509772473
finite-mode-spin-boson-dephasing,cube_mmm,0.3141592653589793,120,0,0.0,0.059310336578178045,0.00016236970305484914,0.1470976195173002
finite-mode-spin-boson-dephasing,cube_mmp,0.3141592653589793,120,0,0.0,0.059310336578178045,0.00016236970305484914,0.1470976195173002
finite-mode-spin-boson-dephasing,cube_mpm,0.3141592653589793,120,0,0.0,0.059310336578178045,0.00016236970305484914,0.1470976195173002
finite-mode-spin-boson-dephasing,cube_mpp,0.3141592653589793,120,0,0.0,0.059310336578178045,0.00016236970305484914,0.1470976195173002
finite-mode-spin-boson-dephasing,cube_pmm,0.3141592653589793,120,0,0.0,0.059310336578178045,0.00016236970305484914,0.1470976195173002
finite-mode-spin-boson-dephasing,cube_pmp,0.3141592653589793,120,0,0.0,0.059310336578178045,0.00016236970305484914,0.1470976195173002
finite-mode-spin-boson-dephasing,cube_ppm,0.3141592653589793,120,0,0.0,0.059310336578178045,0.00016236970305484914,0.1470976195173002
finite-mode-spin-boson-dephasing,cube_ppp,0.3141592653589793,120,0,0.0,0.059310336578178045,0.00016236970305484914,0.1470976195173002
finite-mode-spin-boson-dephasing,0,0.47123889803846897,120,120,1.0,2.4980018054066023e-17,0.0,1.1102230246251565e-16
finite-mode-spin-boson-dephasing,1,0.47123889803846897,120,120,1.0,2.4980018054066023e-17,0.0,1.1102230246251565e-16
finite-mode-spin-boson-dephasing,+,0.47123889803846897,120,0,0.0,0.08962656841949286,1.4758167012435264e-05,0.22235390036721842
finite-mode-spin-boson-dephasing,-,0.47123889803846897,120,0,0.0,0.08962656841949286,1.4758167012435264e-05,0.22235390036721842
finite-mode-spin-boson-dephasing,+i,0.47123889803846897,120,0,0.0,0.08962656841949286,1.4758167012435264e-05,0.22235390036721842
finite-mode-spin-boson-dephasing,-i,0.47123889803846897,120,0,0.0,0.08962656841949286,1.4758167012435264e-05,0.22235390036721842
finite-mode-spin-boson-dephasing,cube_mmm,0.47123889803846897,120,0,0.0,0.07317978667480086,1.204999290643052e-05,0.18155119940577813
finite-mode-spin-boson-dephasing,cube_mmp,0.47123889803846897,120,0,0.0,0.07317978667480086,1.204999290643052e-05,0.18155119940577813
finite-mode-spin-boson-dephasing,cube_mpm,0.47123889803846897,120,0,0.0,0.07317978667480086,1.204999290643052e-05,0.18155119940577813
finite-mode-spin-boson-dephasing,cube_mpp,0.47123889803846897,120,0,0.0,0.07317978667480086,1.204999290643052e-05,0.18155119940577813
finite-mode-spin-boson-dephasing,cube_pmm,0.47123889803846897,120,0,0.0,0.07317978667480086,1.204999290643052e-05,0.18155119940577813
finite-mode-spin-boson-dephasing,cube_pmp,0.47123889803846897,120,0,0.0,0.07317978667480086,1.204999290643052e-05,0.18155119940577813
finite-mode-spin-boson-dephasing,cube_ppm,0.47123889803846897,120,0,0.0,0.07317978667480086,1.204999290643052e-05,0.18155119940577813
finite-mode-spin-boson-dephasing,cube_ppp,0.47123889803846897,120,0,0.0,0.07317978667480086,1.204999290643052e-05,0.18155119940577813
finite-mode-spin-boson-dephasing,0,0.6283185307179586,120,120,1.0,3.9782991715734776e-17,0.0,2.220446049250313e-16
finite-mode-spin-boson-dephasing,1,0.6283185307179586,120,120,1.0,3.9782991715734776e-17,0.0,2.220446049250313e-16
finite-mode-spin-boson-dephasing,+,0.6283185307179586,120,0,0.0,0.07476451793867843,9.09720897143973e-05,0.1879721478598325
finite-mode-spin-boson-dephasing,-,0.6283185307179586,120,0,0.0,0.07476451793867843,9.09720897143973e-05,0.1879721478598325
finite-mode-spin-boson-dephasing,+i,0.6283185307179586,120,0,0.0,0.07476451793867843,9.09720897143973e-05,0.1879721478598325
finite-mode-spin-boson-dephasing,-i,0.6283185307179586,120,0,0.0,0.07476451793867843,9.09720897143973e-05,0.1879721478598325
finite-mode-spin-boson-dephasing,cube_mmm,0.6283185307179586,120,0,0.0,0.0610449732716406,7.427840021164244e-05,0.15347861603719426
finite-mode-spin-boson-dephasing,cube_mmp,0.6283185307179586,120,0,0.0,0.0610449732716406,7.427840021164244e-05,0.15347861603719426
finite-mode-spin-boson-dephasing,cube_mpm,0.6283185307179586,120,0,0.0,0.0610449732716406,7.427840021164244e-05,0.15347861603719426
finite-mode-spin-boson-dephasing,cube_mpp,0.6283185307179586,120,0,0.0,0.0610449732716406,7.427840021164244e-05,0.15347861603719426
finite-mode-spin-boson-dephasing,cube_pmm,0.6283185307179586,120,0,0.0,0.0610449732716406,7.427840021164244e-05,0.15347861603719426
finite-mode-spin-boson-dephasing,cube_pmp,0.6283185307179586,120,0,0.0,0.0610449732716406,7.427840021164244e-05,0.15347861603719426
finite-mode-spin-boson-dephasing,cube_ppm,0.6283185307179586,120,0,0.0,0.0610449732716406,7.427840021164244e-05,0.15347861603719426
finite-mode-spin-boson-dephasing,cube_ppp,0.6283185307179586,120,0,0.0,0.0610449732716406,7.427840021164244e-05,0.15347861603719426
finite-mode-spin-boson-dephasing,0,0.7853981633974483,120,120,1.0,2.914335439641036e-17,0.0,1.1102230246251565e-16
finite-mode-spin-boson-dephasing,1,0.7853981633974483,120,120,1.0,2.914335439641036e-17,0.0,1.1102230246251565e-16
finite-mode-spin-boson-dephasing,+,0.7853981633974483,120,0,0.0,0.049351422966766346,6.501252261523205e-05,0.12608617655384
finite-mode-spin-boson-dephasing,-,0.7853981633974483,120,0,0.0,0.049351422966766346,6.501252261523205e-05,0.12608617655384
finite-mode-spin-boson-dephasing,+i,0.7853981633974483,120,0,0.0,0.049351422966766346,6.501252261523205e-05,0.12608617655384
finite-mode-spin-boson-dephasing,-i,0.7853981633974483,120,0,0.0,0.049351422966766346,6.501252261523205e-05,0.12608617655384
finite-mode-spin-boson-dephasing,cube_mmm,0.7853981633974483,120,0,0.0,0.040295268116282805,5.308250243284267e-05,0.10294893205846004
finite-mode-spin-boson-dephasing,cube_mmp,0.7853981633974483,120,0,0.0,0.040295268116282805,5.308250243284267e-05,0.10294893205846004
finite-mode-spin-boson-dephasing,cube_mpm,0.7853981633974483,120,0,0.0,0.040295268116282805,5.308250243284267e-05,0.10294893205846004
finite-mode-spin-boson-dephasing,cube_mpp,0.7853981633974483,120,0,0.0,0.040295268116282805,5.308250243284267e-05,0.10294893205846004
finite-mode-spin-boson-dephasing,cube_pmm,0.7853981633974483,120,0,0.0,0.040295268116282805,5.308250243284267e-05,0.10294893205846004
finite-mode-spin-boson-dephasing,cube_pmp,0.7853981633974483,120,0,0.0,0.040295268116282805,5.308250243284267e-05,0.10294893205846004
finite-mode-spin-boson-dephasing,cube_ppm,0.7853981633974483,120,0,0.0,0.040295268116282805,5.308250243284267e-05,0.10294893205846004
finite-mode-spin-boson-dephasing,cube_ppp,0.7853981633974483,120,0,0.0,0.040295268116282805,5.308250243284267e-05,0.10294893205846004
finite-mode-spin-boson-dephasing,0,0.9424777960769379,120,120,1.0,1.295260195396016e-17,0.0,5.551115123125783e-17
finite-mode-spin-boson-dephasing,1,0.9424777960769379,120,120,1.0,1.295260195396016e-17,0.0,5.551115123125783e-17
finite-mode-spin-boson-dephasing,+,0.9424777960769379,120,0,0.0,0.02818595597860323,4.9758249007214594e-06,0.07275089634240337
finite-mode-spin-boson-dephasing,-,0.9424777960769379,120,0,0.0,0.02818595597860323,4.9758249007214594e-06,0.07275089634240337
finite-mode-spin-boson-dephasing,+i,0.9424777960769379,120,0,0.0,0.02818595597860323,4.9758249007214594e-06,0.07275089634240337
finite-mode-spin-boson-dephasing,-i,0.9424777960769379,120,0,0.0,0.02818595597860323,4.9758249007214594e-06,0.07275089634240337
finite-mode-spin-boson-dephasing,cube_mmm,0.9424777960769379,120,0,0.0,0.023013736686708964,4.062744018724287e-06,0.05940085812299982
finite-mode-spin-boson-dephasing,cube_mmp,0.9424777960769379,120,0,0.0,0.023013736686708964,4.062744018724287e-06,0.05940085812299982
finite-mode-spin-boson-dephasing,cube_mpm,0.9424777960769379,120,0,0.0,0.023013736686708964,4.062744018724287e-06,0.05940085812299982
finite-mode-spin-boson-dephasing,cube_mpp,0.9424777960769379,120,0,0.0,0.023013736686708964,4.062744018724287e-06,0.05940085812299982
finite-mode-spin-boson-dephasing,cube_pmm,0.9424777960769379,120,0,0.0,0.023013736686708964,4.062744018724287e-06,0.05940085812299982
finite-mode-spin-boson-dephasing,cube_pmp,0.9424777960769379,120,0,0.0,0.023013736686708964,4.062744018724287e-06,0.05940085812299982
finite-mode-spin-boson-dephasing,cube_ppm,0.9424777960769379,120,0,0.0,0.023013736686708964,4.062744018724287e-06,0.05940085812299982
finite-mode-spin-boson-dephasing,cube_ppp,0.9424777960769379,120,0,0.0,0.023013736686708964,4.062744018724287e-06,0.05940085812299982
finite-mode-spin-boson-dephasing,0,1.0995574287564276,120,120,1.0,1.295260195396016e-17,0.0,5.551115123125783e-17
finite-mode-spin-boson-dephasing,1,1.0995574287564276,120,120,1.0,1.295260195396016e-17,0.0,5.551115123125783e-17
finite-mode-spin-boson-dephasing,+,1.0995574287564276,120,0,0.0,0.014630743106046803,5.916151733759145e-06,0.03758173563216233
finite-mode-spin-boson-dephasing,-,1.0995574287564276,120,0,0.0,0.014630743106046803,5.916151733759145e-06,0.03758173563216233
finite-mode-spin-boson-dephasing,+i,1.0995574287564276,120,0,0.0,0.014630743106046803,5.916151733759145e-06,0.03758173563216233
finite-mode-spin-boson-dephasing,-i,1.0995574287564276,120,0,0.0,0.014630743106046803,5.916151733759145e-06,0.03758173563216233
finite-mode-spin-boson-dephasing,cube_mmm,1.0995574287564276,120,0,0.0,0.01194595172251913,4.830517662812305e-06,0.030685358648990246
finite-mode-spin-boson-dephasing,cube_mmp,1.0995574287564276,120,0,0.0,0.01194595172251913,4.830517662812305e-06,0.030685358648990246
finite-mode-spin-boson-dephasing,cube_mpm,1.0995574287564276,120,0,0.0,0.01194595172251913,4.830517662812305e-06,0.030685358648990246
finite-mode-spin-boson-dephasing,cube_mpp,1.0995574287564276,120,0,0.0,0.01194595172251913,4.830517662812305e-06,0.030685358648990246
finite-mode-spin-boson-dephasing,cube_pmm,1.0995574287564276,120,0,0.0,0.01194595172251913,4.830517662812305e-06,0.030685358648990246
finite-mode-spin-boson-dephasing,cube_pmp,1.0995574287564276,120,0,0.0,0.01194595172251913,4.830517662812305e-06,0.030685358648990246
finite-mode-spin-boson-dephasing,cube_ppm,1.0995574287564276,120,0,0.0,0.01194595172251913,4.830517662812305e-06,0.030685358648990246
finite-mode-spin-boson-dephasing,cube_ppp,1.0995574287564276,120,0,0.0,0.01194595172251913,4.830517662812305e-06,0.030685358648990246
finite-mode-spin-boson-dephasing,0,1.2566370614359172,120,120,1.0,1.8041124150158794e-17,0.0,5.551115123125783e-17
finite-mode-spin-boson-dephasing,1,1.2566370614359172,120,120,1.0,1.8041124150158794e-17,0.0,5.551115123125783e-17
finite-mode-spin-boson-dephasing,+,1.2566370614359172,120,0,0.0,0.00693420519546094,1.136190060008202e-06,0.017709571560515308
finite-mode-spin-boson-dephasing,-,1.2566370614359172,120,0,0.0,0.00693420519546094,1.136190060008202e-06,0.017709571560515308
finite-mode-spin-boson-dephasing,+i,1.2566370614359172,120,0,0.0,0.00693420519546094,1.136190060008202e-06,0.017709571560515308
finite-mode-spin-boson-dephasing,-i,1.2566370614359172,120,0,0.0,0.00693420519546094,1.136190060008202e-06,0.017709571560515308
finite-mode-spin-boson-dephasing,cube_mmm,1.2566370614359172,120,0,0.0,0.0056617548335451484,9.27695299284148e-07,0.014459804628855691
finite-mode-spin-boson-dephasing,cube_mmp,1.2566370614359172,120,0,0.0,0.0056617548335451484,9.27695299284148e-07,0.014459804628855691
finite-mode-spin-boson-dephasing,cube_mpm,1.2566370614359172,120,0,0.0,0.0056617548335451484,9.27695299284148e-07,0.014459804628855691
finite-mode-spin-boson-dephasing,cube_mpp,1.2566370614359172,120,0,0.0,0.0056617548335451484,9.27695299284148e-07,0.014459804628855691
finite-mode-spin-boson-dephasing,cube_pmm,1.2566370614359172,120,0,0.0,0.0056617548335451484,9.27695299284148e-07,0.014459804628855691
finite-mode-spin-boson-dephasing,cube_pmp,1.2566370614359172,120,0,0.0,0.0056617548335451484,9.27695299284148e-07,0.014459804628855691
finite-mode-spin-boson-dephasing,cube_ppm,1.2566370614359172,120,0,0.0,0.0056617548335451484,9.27695299284148e-07,0.014459804628855691
finite-mode-spin-boson-dephasing,cube_ppp,1.2566370614359172,120,0,0.0,0.0056617548335451484,9.27695299284148e-07,0.014459804628855691
finite-mode-spin-boson-dephasing,0,1.413716694115407,120,120,1.0,3.376928366568184e-17,0.0,2.220446049250313e-16
finite-mode-spin-boson-dephasing,1,1.413716694115407,120,120,1.0,3.376928366568184e-17,0.0,2.220446049250313e-16
finite-mode-spin-boson-dephasing,+,1.413716694115407,120,0,0.0,0.003039660483911802,1.854019663904971e-07,0.007691631549637645
finite-mode-spin-boson-dephasing,-,1.413716694115407,120,0,0.0,0.003039660483911802,1.854019663904971e-07,0.007691631549637645
finite-mode-spin-boson-dephasing,+i,1.413716694115407,120,0,0.0,0.003039660483911802,1.854019663904971e-07,0.007691631549637645
finite-mode-spin-boson-dephasing,-i,1.413716694115407,120,0,0.0,0.003039660483911802,1.854019663904971e-07,0.007691631549637645
finite-mode-spin-boson-dephasing,cube_mmm,1.413716694115407,120,0,0.0,0.002481872392295095,1.5138007160611533e-07,0.006280190862034908
finite-mode-spin-boson-dephasing,cube_mmp,1.413716694115407,120,0,0.0,0.002481872392295095,1.5138007160611533e-07,0.006280190862034908
finite-mode-spin-boson-dephasing,cube_mpm,1.413716694115407,120,0,0.0,0.002481872392295095,1.5138007160611533e-07,0.006280190862034908
finite-mode-spin-boson-dephasing,cube_mpp,1.413716694115407,120,0,0.0,0.002481872392295095,1.5138007160611533e-07,0.006280190862034908
finite-mode-spin-boson-dephasing,cube_pmm,1.413716694115407,120,0,0.0,0.002481872392295095,1.5138007160611533e-07,0.006280190862034908
finite-mode-spin-boson-dephasing,cube_pmp,1.413716694115407,120,0,0.0,0.002481872392295095,1.5138007160611533e-07,0.006280190862034908
finite-mode-spin-boson-dephasing,cube_ppm,1.413716694115407,120,0,0.0,0.002481872392295095,1.5138007160611533e-07,0.006280190862034908
finite-mode-spin-boson-dephasing,cube_ppp,1.413716694115407,120,0,0.0,0.002481872392295095,1.5138007160611533e-07,0.006280190862034908
finite-mode-spin-boson-dephasing,0,1.5707963267948966,120,120,1.0,2.0816681711721685e-17,0.0,1.6653345369377348e-16
finite-mode-spin-boson-dephasing,1,1.5707963267948966,120,120,1.0,2.0816681711721685e-17,0.0,1.6653345369377348e-16
finite-mode-spin-boson-dephasing,+,1.5707963267948966,120,0,0.0,0.0012473705049960231,2.7672246161181135e-08,0.003103620452622219
finite-mode-spin-boson-dephasing,-,1.5707963267948966,120,0,0.0,0.0012473705049960231,2.7672246161181135e-08,0.003103620452622219
finite-mode-spin-boson-dephasing,+i,1.5707963267948966,120,0,0.0,0.0012473705049960231,2.7672246161181135e-08,0.003103620452622219
finite-mode-spin-boson-dephasing,-i,1.5707963267948966,120,0,0.0,0.0012473705049960231,2.7672246161181135e-08,0.003103620452622219
finite-mode-spin-boson-dephasing,cube_mmm,1.5707963267948966,120,0,0.0,0.0010184737524793358,2.2594294394055677e-08,0.002534095488063406
finite-mode-spin-boson-dephasing,cube_mmp,1.5707963267948966,120,0,0.0,0.0010184737524793358,2.2594294394055677e-08,0.002534095488063406
finite-mode-spin-boson-dephasing,cube_mpm,1.5707963267948966,120,0,0.0,0.0010184737524793358,2.2594294394055677e-08,0.002534095488063406
finite-mode-spin-boson-dephasing,cube_mpp,1.5707963267948966,120,0,0.0,0.0010184737524793358,2.2594294394055677e-08,0.002534095488063406
finite-mode-spin-boson-dephasing,cube_pmm,1.5707963267948966,120,0,0.0,0.0010184737524793358,2.2594294394055677e-08,0.002534095488063406
finite-mode-spin-boson-dephasing,cube_pmp,1.5707963267948966,120,0,0.0,0.0010184737524793358,2.2594294394055677e-08,0.002534095488063406
finite-mode-spin-boson-dephasing,cube_ppm,1.5707963267948966,120,0,0.0,0.0010184737524793358,2.2594294394055677e-08,0.002534095488063406
finite-mode-spin-boson-dephasing,cube_ppp,1.5707963267948966,120,0,0.0,0.0010184737524793358,2.2594294394055677e-08,0.002534095488063406
finite-mode-spin-boson-dephasing,0,1.7278759594743862,120,120,1.0,5.689893001203927e-17,0.0,2.220446049250313e-16
finite-mode-spin-boson-dephasing,1,1.7278759594743862,120,120,1.0,5.689893001203927e-17,0.0,2.220446049250313e-16
finite-mode-spin-boson-dephasing,+,1.7278759594743862,120,0,0.0,0.00048573699642337763,4.00763414121208e-09,0.0011723885940194412
finite-mode-spin-boson-dephasing,-,1.7278759594743862,120,0,0.0,0.00048573699642337763,4.00763414121208e-09,0.0011723885940194412
finite-mode-spin-boson-dephasing,+i,1.7278759594743862,120,0,0.0,0.00048573699642337763,4.00763414121208e-09,0.0011723885940194412
finite-mode-spin-boson-dephasing,-i,1.7278759594743862,120,0,0.0,0.00048573699642337763,4.00763414121208e-09,0.0011723885940194412
finite-mode-spin-boson-dephasing,cube_mmm,1.7278759594743862,120,0,0.0,0.0003966025968097904,3.2722195660464978e-09,0.0009572512785355454
finite-mode-spin-boson-dephasing,cube_mmp,1.7278759594743862,120,0,0.0,0.0003966025968097904,3.2722195660464978e-09,0.0009572512785355454
finite-mode-spin-boson-dephasing,cube_mpm,1.7278759594743862,120,0,0.0,0.0003966025968097904,3.2722195660464978e-09,0.0009572512785355454
finite-mode-spin-boson-dephasing,cube_mpp,1.7278759594743862,120,0,0.0,0.0003966025968097904,3.2722195660464978e-09,0.0009572512785355454
finite-mode-spin-boson-dephasing,cube_pmm,1.7278759594743862,120,0,0.0,0.0003966025968097904,3.2722195660464978e-09,0.0009572512785355454
finite-mode-spin-boson-dephasing,cube_pmp,1.7278759594743862,120,0,0.0,0.0003966025968097904,3.2722195660464978e-09,0.0009572512785355454
finite-mode-spin-boson-dephasing,cube_ppm,1.7278759594743862,120,0,0.0,0.0003966025968097904,3.2722195660464978e-09,0.0009572512785355454
finite-mode-spin-boson-dephasing,cube_ppp,1.7278759594743862,120,0,0.0,0.0003966025968097904,3.2722195660464978e-09,0.0009572512785355454
finite-mode-spin-boson-dephasing,0,1.8849555921538759,120,120,1.0,2.6830389761774617e-17,0.0,1.6653345369377348e-16
finite-mode-spin-boson-dephasing,1,1.8849555921538759,120,120,1.0,2.6830389761774617e-17,0.0,1.6653345369377348e-16
finite-mode-spin-boson-dephasing,+,1.8849555921538759,120,0,0.0,0.00018472952998114245,5.895587906756816e-10,0.0004533825604226549
finite-mode-spin-boson-dephasing,-,1.8849555921538759,120,0,0.0,0.00018472952998114245,5.895587906756816e-10,0.0004533825604226549
finite-mode-spin-boson-dephasing,+i,1.8849555921538759,120,0,0.0,0.00018472952998114245,5.895587906756816e-10,0.0004533825604226549
finite-mode-spin-boson-dephasing,-i,1.8849555921538759,120,0,0.0,0.00018472952998114245,5.895587906756816e-10,0.0004533825604226549
finite-mode-spin-boson-dephasing,cube_mmm,1.8849555921538759,120,0,0.0,0.0001508310296259864,4.813727627969082e-10,0.0003701853104373537
finite-mode-spin-boson-dephasing,cube_mmp,1.8849555921538759,120,0,0.0,0.0001508310296259864,4.813727627969082e-10,0.0003701853104373537
finite-mode-spin-boson-dephasing,cube_mpm,1.8849555921538759,120,0,0.0,0.0001508310296259864,4.813727627969082e-10,0.0003701853104373537
finite-mode-spin-boson-dephasing,cube_mpp,1.8849555921538759,120,0,0.0,0.0001508310296259864,4.813727627969082e-10,0.0003701853104373537
finite-mode-spin-boson-dephasing,cube_pmm,1.8849555921538759,120,0,0.0,0.0001508310296259864,4.813727627969082e-10,0.0003701853104373537
finite-mode-spin-boson-dephasing,cube_pmp,1.8849555921538759,120,0,0.0,0.0001508310296259864,4.813727627969082e-10,0.0003701853104373537
finite-mode-spin-boson-dephasing,cube_ppm,1.8849555921538759,120,0,0.0,0.0001508310296259864,4.813727627969082e-10,0.0003701853104373537
finite-mode-spin-boson-dephasing,cube_ppp,1.8849555921538759,120,0,0.0,0.0001508310296259864,4.813727627969082e-10,0.0003701853104373537
finite-mode-spin-boson-dephasing,0,2.0420352248333655,120,120,1.0,3.8857805861880476e-17,0.0,2.220446049250313e-16
finite-mode-spin-boson-dephasing,1,2.0420352248333655,120,120,1.0,3.8857805861880476e-17,0.0,2.220446049250313e-16
finite-mode-spin-boson-dephasing,+,2.0420352248333655,120,1,0.008333333333333333,7.033060289641999e-05,9.104539344662044e-11,0.00017607634534347327
finite-mode-spin-boson-dephasing,-,2.0420352248333655,120,1,0.008333333333333333,7.033060289641999e-05,9.104539344662044e-11,0.00017607634534347327
finite-mode-spin-boson-dephasing,+i,2.0420352248333655,120,1,0.008333333333333333,7.033060289641999e-05,9.104539344662044e-11,0.00017607634534347327
finite-mode-spin-boson-dephasing,-i,2.0420352248333655,120,1,0.008333333333333333,7.033060289641999e-05,9.104539344662044e-11,0.00017607634534347327
finite-mode-spin-boson-dephasing,cube_mmm,2.0420352248333655,120,1,0.008333333333333333,5.742469679949751e-05,7.433830409044843e-11,0.00014376573395519815
finite-mode-spin-boson-dephasing,cube_mmp,2.0420352248333655,120,1,0.008333333333333333,5.742469679949751e-05,7.433830409044843e-11,0.00014376573395519815
finite-mode-spin-boson-dephasing,cube_mpm,2.0420352248333655,120,1,0.008333333333333333,5.742469679949751e-05,7.433830409044843e-11,0.00014376573395519815
finite-mode-spin-boson-dephasing,cube_mpp,2.0420352248333655,120,1,0.008333333333333333,5.742469679949751e-05,7.433830409044843e-11,0.00014376573395519815
finite-mode-spin-boson-dephasing,cube_pmm,2.0420352248333655,120,1,0.008333333333333333,5.742469679949751e-05,7.433830409044843e-11,0.00014376573395519815
finite-mode-spin-boson-dephasing,cube_pmp,2.0420352248333655,120,1,0.008333333333333333,5.742469679949751e-05,7.433830409044843e-11,0.00014376573395519815
finite-mode-spin-boson-dephasing,cube_ppm,2.0420352248333655,120,1,0.008333333333333333,5.742469679949751e-05,7.433830409044843e-11,0.00014376573395519815
finite-mode-spin-boson-dephasing,cube_ppp,2.0420352248333655,120,1,0.008333333333333333,5.742469679949751e-05,7.433830409044843e-11,0.00014376573395519815
finite-mode-spin-boson-dephasing,0,2.199114857512855,120,120,1.0,2.4980018054066023e-17,0.0,1.1102230246251565e-16
finite-mode-spin-boson-dephasing,1,2.199114857512855,120,120,1.0,2.4980018054066023e-17,0.0,1.1102230246251565e-16
finite-mode-spin-boson-dephasing,+,2.199114857512855,120,1,0.008333333333333333,3.0772595967655064e-05,1.506525459937791e-11,9.292485018530527e-05
finite-mode-spin-boson-dephasing,-,2.199114857512855,120,1,0.008333333333333333,3.0772595967655064e-05,1.506525459937791e-11,9.292485018530527e-05
finite-mode-spin-boson-dephasing,+i,2.199114857512855,120,1,0.008333333333333333,3.0772595967655064e-05,1.506525459937791e-11,9.292485018530527e-05
finite-mode-spin-boson-dephasing,-i,2.199114857512855,120,1,0.008333333333333333,3.0772595967655064e-05,1.506525459937791e-11,9.292485018530527e-05
finite-mode-spin-boson-dephasing,cube_mmm,2.199114857512855,120,1,0.008333333333333333,2.5125719393869125e-05,1.2300693106125957e-11,7.587282245951108e-05
finite-mode-spin-boson-dephasing,cube_mmp,2.199114857512855,120,1,0.008333333333333333,2.5125719393869125e-05,1.2300693106125957e-11,7.587282245951108e-05
finite-mode-spin-boson-dephasing,cube_mpm,2.199114857512855,120,1,0.008333333333333333,2.5125719393869125e-05,1.2300693106125957e-11,7.587282245951108e-05
finite-mode-spin-boson-dephasing,cube_mpp,2.199114857512855,120,1,0.008333333333333333,2.5125719393869125e-05,1.2300693106125957e-11,7.587282245951108e-05
finite-mode-spin-boson-dephasing,cube_pmm,2.199114857512855,120,1,0.008333333333333333,2.5125719393869125e-05,1.2300693106125957e-11,7.587282245951108e-05
finite-mode-spin-boson-dephasing,cube_pmp,2.199114857512855,120,1,0.008333333333333333,2.5125719393869125e-05,1.2300693106125957e-11,7.587282245951108e-05
finite-mode-spin-boson-dephasing,cube_ppm,2.199114857512855,120,1,0.008333333333333333,2.5125719393869125e-05,1.2300693106125957e-11,7.587282245951108e-05
finite-mode-spin-boson-dephasing,cube_ppp,2.199114857512855,120,1,0.008333333333333333,2.5125719393869125e-05,1.2300693106125957e-11,7.587282245951108e-05
finite-mode-spin-boson-dephasing,0,2.356194490192345,120,120,1.0,0.0,0.0,0.0
finite-mode-spin-boson-dephasing,1,2.356194490192345,120,120,1.0,0.0,0.0,0.0
finite-mode-spin-boson-dephasing,+,2.356194490192345,120,1,0.008333333333333333,1.73104008323074e-05,2.6948998588238737e-12,8.319015220370485e-05
finite-mode-spin-boson-dephasing,-,2.356194490192345,120,1,0.008333333333333333,1.73104008323074e-05,2.6948998588238737e-12,8.319015220370485e-05
finite-mode-spin-boson-dephasing,+i,2.356194490192345,120,1,0.008333333333333333,1.73104008323074e-05,2.6948998588238737e-12,8.319015220370485e-05
finite-mode-spin-boson-dephasing,-i,2.356194490192345,120,1,0.008333333333333333,1.73104008323074e-05,2.6948998588238737e-12,8.319015220370485e-05
finite-mode-spin-boson-dephasing,cube_mmm,2.356194490192345,120,1,0.008333333333333333,1.4133883094065837e-05,2.2003275715994423e-12,6.79244748411561e-05
finite-mode-spin-boson-dephasing,cube_mmp,2.356194490192345,120,1,0.008333333333333333,1.4133883094065837e-05,2.2003275715994423e-12,6.79244748411561e-05
finite-mode-spin-boson-dephasing,cube_mpm,2.356194490192345,120,1,0.008333333333333333,1.4133883094065837e-05,2.2003275715994423e-12,6.79244748411561e-05
finite-mode-spin-boson-dephasing,cube_mpp,2.356194490192345,120,1,0.008333333333333333,1.4133883094065837e-05,2.2003275715994423e-12,6.79244748411561e-05
finite-mode-spin-boson-dephasing,cube_pmm,2.356194490192345,120,1,0.008333333333333333,1.4133883094065837e-05,2.2003275715994423e-12,6.79244748411561e-05
finite-mode-spin-boson-dephasing,cube_pmp,2.356194490192345,120,1,0.008333333333333333,1.4133883094065837e-05,2.2003275715994423e-12,6.79244748411561e-05
finite-mode-spin-boson-dephasing,cube_ppm,2.356194490192345,120,1,0.008333333333333333,1.4133883094065837e-05,2.2003275715994423e-12,6.79244748411561e-05
finite-mode-spin-boson-dephasing,cube_ppp,2.356194490192345,120,1,0.008333333333333333,1.4133883094065837e-05,2.2003275715994423e-12,6.79244748411561e-05
finite-mode-spin-boson-dephasing,0,2.5132741228718345,120,120,1.0,4.302114220422482e-17,0.0,2.220446049250313e-16
finite-mode-spin-boson-dephasing,1,2.5132741228718345,120,120,1.0,4.302114220422482e-17,0.0,2.220446049250313e-16
finite-mode-spin-boson-dephasing,+,2.5132741228718345,120,5,0.041666666666666664,1.2592965434256772e-05,5.203615316418109e-13,8.03041503548152e-05
finite-mode-spin-boson-dephasing,-,2.5132741228718345,120,5,0.041666666666666664,1.2592965434256772e-05,5.203615316418109e-13,8.03041503548152e-05
finite-mode-spin-boson-dephasing,+i,2.5132741228718345,120,5,0.041666666666666664,1.2592965434256772e-05,5.203615316418109e-13,8.03041503548152e-05
finite-mode-spin-boson-dephasing,-i,2.5132741228718345,120,5,0.041666666666666664,1.2592965434256772e-05,5.203615316418109e-13,8.03041503548152e-05
finite-mode-spin-boson-dephasing,cube_mmm,2.5132741228718345,120,5,0.041666666666666664,1.028211322080815e-05,4.249062752573762e-13,6.556806419901285e-05
finite-mode-spin-boson-dephasing,cube_mmp,2.5132741228718345,120,5,0.041666666666666664,1.028211322080815e-05,4.249062752573762e-13,6.556806419901285e-05
finite-mode-spin-boson-dephasing,cube_mpm,2.5132741228718345,120,5,0.041666666666666664,1.028211322080815e-05,4.249062752573762e-13,6.556806419901285e-05
finite-mode-spin-boson-dephasing,cube_mpp,2.5132741228718345,120,5,0.041666666666666664,1.028211322080815e-05,4.249062752573762e-13,6.556806419901285e-05
finite-mode-spin-boson-dephasing,cube_pmm,2.5132741228718345,120,5,0.041666666666666664,1.028211322080815e-05,4.249062752573762e-13,6.556806419901285e-05
finite-mode-spin-boson-dephasing,cube_pmp,2.5132741228718345,120,5,0.041666666666666664,1.028211322080815e-05,4.249062752573762e-13,6.556806419901285e-05
finite-mode-spin-boson-dephasing,cube_ppm,2.5132741228718345,120,5,0.041666666666666664,1.028211322080815e-05,4.249062752573762e-13,6.556806419901285e-05
finite-mode-spin-boson-dephasing,cube_ppp,2.5132741228718345,120,5,0.041666666666666664,1.028211322080815e-05,4.249062752573762e-13,6.556806419901285e-05
finite-mode-spin-boson-dephasing,0,2.670353755551324,120,120,1.0,5.597374415818497e-17,0.0,2.220446049250313e-16
finite-mode-spin-boson-dephasing,1,2.670353755551324,120,120,1.0,5.597374415818497e-17,0.0,2.220446049250313e-16
finite-mode-spin-boson-dephasing,+,2.670353755551324,120,15,0.125,1.11659349103251e-05,1.074140776324839e-13,8.120776097647608e-05
finite-mode-spin-boson-dephasing,-,2.670353755551324,120,15,0.125,1.11659349103251e-05,1.074140776324839e-13,8.120776097647608e-05
finite-mode-spin-boson-dephasing,+i,2.670353755551324,120,15,0.125,1.11659349103251e-05,1.074140776324839e-13,8.120776097647608e-05
finite-mode-spin-boson-dephasing,-i,2.670353755551324,120,15,0.125,1.11659349103251e-05,1.074140776324839e-13,8.120776097647608e-05
finite-mode-spin-boson-dephasing,cube_mmm,2.670353755551324,120,15,0.125,9.116947677141353e-06,8.768968138790403e-14,6.63058591820588e-05
finite-mode-spin-boson-dephasing,cube_mmp,2.670353755551324,120,15,0.125,9.116947677141353e-06,8.768968138790403e-14,6.63058591820588e-05
finite-mode-spin-boson-dephasing,cube_mpm,2.670353755551324,120,15,0.125,9.116947677141353e-06,8.768968138790403e-14,6.63058591820588e-05
finite-mode-spin-boson-dephasing,cube_mpp,2.670353755551324,120,15,0.125,9.116947677141353e-06,8.768968138790403e-14,6.63058591820588e-05
finite-mode-spin-boson-dephasing,cube_pmm,2.670353755551324,120,15,0.125,9.116947677141353e-06,8.768968138790403e-14,6.63058591820588e-05
finite-mode-spin-boson-dephasing,cube_pmp,2.670353755551324,120,15,0.125,9.116947677141353e-06,8.768968138790403e-14,6.63058591820588e-05
finite-mode-spin-boson-dephasing,cube_ppm,2.670353755551324,120,15,0.125,9.116947677141353e-06,8.768968138790403e-14,6.63058591820588e-05
finite-mode-spin-boson-dephasing,cube_ppp,2.670353755551324,120,15,0.125,9.116947677141353e-06,8.768968138790403e-14,6.63058591820588e-05
finite-mode-spin-boson-dephasing,0,2.827433388230814,120,120,1.0,2.6830389761774617e-17,0.0,1.6653345369377348e-16
finite-mode-spin-boson-dephasing,1,2.827433388230814,120,120,1.0,2.6830389761774617e-17,0.0,1.6653345369377348e-16
finite-mode-spin-boson-dephasing,+,2.827433388230814,120,16,0.13333333333333333,1.0921351848882746e-05,2.3342439092743916e-14,8.37306529392623e-05
finite-mode-spin-boson-dephasing,-,2.827433388230814,120,16,0.13333333333333333,1.0921351848882746e-05,2.3342439092743916e-14,8.37306529392623e-05
finite-mode-spin-boson-dephasing,+i,2.827433388230814,120,16,0.13333333333333333,1.0921351848882746e-05,2.3342439092743916e-14,8.37306529392623e-05
finite-mode-spin-boson-dephasing,-i,2.827433388230814,120,16,0.13333333333333333,1.0921351848882746e-05,2.3342439092743916e-14,8.37306529392623e-05
finite-mode-spin-boson-dephasing,cube_mmm,2.827433388230814,120,21,0.175,8.917246443719118e-06,1.9076623373007866e-14,6.836579184379164e-05
finite-mode-spin-boson-dephasing,cube_mmp,2.827433388230814,120,21,0.175,8.917246443719118e-06,1.9076623373007866e-14,6.836579184379164e-05
finite-mode-spin-boson-dephasing,cube_mpm,2.827433388230814,120,21,0.175,8.917246443719118e-06,1.9076623373007866e-14,6.836579184379164e-05
finite-mode-spin-boson-dephasing,cube_mpp,2.827433388230814,120,21,0.175,8.917246443719118e-06,1.9076623373007866e-14,6.836579184379164e-05
finite-mode-spin-boson-dephasing,cube_pmm,2.827433388230814,120,21,0.175,8.917246443719118e-06,1.9076623373007866e-14,6.836579184379164e-05
finite-mode-spin-boson-dephasing,cube_pmp,2.827433388230814,120,21,0.175,8.917246443719118e-06,1.9076623373007866e-14,6.836579184379164e-05
finite-mode-spin-boson-dephasing,cube_ppm,2.827433388230814,120,21,0.175,8.917246443719118e-06,1.9076623373007866e-14,6.836579184379164e-05
finite-mode-spin-boson-dephasing,cube_ppp,2.827433388230814,120,21,0.175,8.917246443719118e-06,1.9076623373007866e-14,6.836579184379164e-05
finite-mode-spin-boson-dephasing,0,2.9845130209103035,120,120,1.0,5.088522196198634e-17,0.0,2.220446049250313e-16
finite-mode-spin-boson-dephasing,1,2.9845130209103035,120,120,1.0,5.088522196198634e-17,0.0,2.220446049250313e-16
finite-mode-spin-boson-dephasing,+,2.9845130209103035,120,21,0.175,1.0989700794621082e-05,5.245803791353865e-15,8.610512350695765e-05
finite-mode-spin-boson-dephasing,-,2.9845130209103035,120,21,0.175,1.0989700794621082e-05,5.245803791353865e-15,8.610512350695765e-05
finite-mode-spin-boson-dephasing,+i,2.9845130209103035,120,21,0.175,1.0989700794621082e-05,5.245803791353865e-15,8.610512350695765e-05
finite-mode-spin-boson-dephasing,-i,2.9845130209103035,120,21,0.175,1.0989700794621082e-05,5.245803791353865e-15,8.610512350695765e-05
finite-mode-spin-boson-dephasing,cube_mmm,2.9845130209103035,120,21,0.175,8.973053124222463e-06,4.278862047708809e-15,7.030453894377445e-05
finite-mode-spin-boson-dephasing,cube_mmp,2.9845130209103035,120,21,0.175,8.973053124222463e-06,4.278862047708809e-15,7.030453894377445e-05
finite-mode-spin-boson-dephasing,cube_mpm,2.9845130209103035,120,21,0.175,8.973053124222463e-06,4.278862047708809e-15,7.030453894377445e-05
finite-mode-spin-boson-dephasing,cube_mpp,2.9845130209103035,120,21,0.175,8.973053124222463e-06,4.278862047708809e-15,7.030453894377445e-05
finite-mode-spin-boson-dephasing,cube_pmm,2.9845130209103035,120,21,0.175,8.973053124222463e-06,4.278862047708809e-15,7.030453894377445e-05
finite-mode-spin-boson-dephasing,cube_pmp,2.9845130209103035,120,21,0.175,8.973053124222463e-06,4.278862047708809e-15,7.030453894377445e-05
finite-mode-spin-boson-dephasing,cube_ppm,2.9845130209103035,120,21,0.175,8.973053124222463e-06,4.278862047708809e-15,7.030453894377445e-05
finite-mode-spin-boson-dephasing,cube_ppp,2.9845130209103035,120,21,0.175,8.973053124222463e-06,4.278862047708809e-15,7.030453894377445e-05
finite-mode-spin-boson-dephasing,0,3.141592653589793,120,120,1.0,5.134781488891349e-17,0.0,1.6653345369377348e-16
finite-mode-spin-boson-dephasing,1,3.141592653589793,120,120,1.0,5.134781488891349e-17,0.0,1.6653345369377348e-16
finite-mode-spin-boson-dephasing,+,3.141592653589793,120,21,0.175,1.1008326029610336e-05,1.2212453270876722e-15,8.705583744081369e-05
finite-mode-spin-boson-dephasing,-,3.141592653589793,120,21,0.175,1.1008326029610336e-05,1.2212453270876722e-15,8.705583744081369e-05
finite-mode-spin-boson-dephasing,+i,3.141592653589793,120,21,0.175,1.1008326029610336e-05,1.2212453270876722e-15,8.705583744081369e-05
finite-mode-spin-boson-dephasing,-i,3.141592653589793,120,21,0.175,1.1008326029610336e-05,1.2212453270876722e-15,8.705583744081369e-05
finite-mode-spin-boson-dephasing,cube_mmm,3.141592653589793,120,21,0.175,8.988260564907728e-06,9.43689570931383e-16,7.108079362016953e-05
finite-mode-spin-boson-dephasing,cube_mmp,3.141592653589793,120,21,0.175,8.988260564907728e-06,9.43689570931383e-16,7.108079362016953e-05
finite-mode-spin-boson-dephasing,cube_mpm,3.141592653589793,120,21,0.175,8.988260564907728e-06,9.43689570931383e-16,7.108079362016953e-05
finite-mode-spin-boson-dephasing,cube_mpp,3.141592653589793,120,21,0.175,8.988260564907728e-06,9.43689570931383e-16,7.108079362016953e-05
finite-mode-spin-boson-dephasing,cube_pmm,3.141592653589793,120,21,0.175,8.988260564907728e-06,9.43689570931383e-16,7.108079362016953e-05
finite-mode-spin-boson-dephasing,cube_pmp,3.141592653589793,120,21,0.175,8.988260564907728e-06,9.43689570931383e-16,7.108079362016953e-05
finite-mode-spin-boson-dephasing,cube_ppm,3.141592653589793,120,21,0.175,8.988260564907728e-06,9.43689570931383e-16,7.108079362016953e-05
finite-mode-spin-boson-dephasing,cube_ppp,3.141592653589793,120,21,0.175,8.988260564907728e-06,9.43689570931383e-16,7.108079362016953e-05
finite-mode-spin-boson-dephasing,0,3.2986722862692828,120,120,1.0,3.515706244646329e-17,0.0,1.1102230246251565e-16
finite-mode-spin-boson-dephasing,1,3.2986722862692828,120,120,1.0,3.515706244646329e-17,0.0,1.1102230246251565e-16
finite-mode-spin-boson-dephasing,+,3.2986722862692828,120,21,0.175,1.0839052136090803e-05,2.498001805406602e-16,8.610512350806787e-05
finite-mode-spin-boson-dephasing,-,3.2986722862692828,120,21,0.175,1.0839052136090803e-05,2.498001805406602e-16,8.610512350806787e-05
finite-mode-spin-boson-dephasing,+i,3.2986722862692828,120,21,0.175,1.0839052136090803e-05,2.498001805406602e-16,8.610512350806787e-05
finite-mode-spin-boson-dephasing,-i,3.2986722862692828,120,21,0.175,1.0839052136090803e-05,2.498001805406602e-16,8.610512350806787e-05
finite-mode-spin-boson-dephasing,cube_mmm,3.2986722862692828,120,21,0.175,8.850049009617274e-06,2.4196749845665633e-16,7.03045389447165e-05
finite-mode-spin-boson-dephasing,cube_mmp,3.2986722862692828,120,21,0.175,8.850049009617274e-06,2.4196749845665633e-16,7.03045389447165e-05
finite-mode-spin-boson-dephasing,cube_mpm,3.2986722862692828,120,21,0.175,8.850049009617274e-06,2.4196749845665633e-16,7.03045389447165e-05
finite-mode-spin-boson-dephasing,cube_mpp,3.2986722862692828,120,21,0.175,8.850049009617274e-06,2.4196749845665633e-16,7.03045389447165e-05
finite-mode-spin-boson-dephasing,cube_pmm,3.2986722862692828,120,21,0.175,8.850049009617274e-06,2.4196749845665633e-16,7.03045389447165e-05
finite-mode-spin-boson-dephasing,cube_pmp,3.2986722862692828,120,21,0.175,8.850049009617274e-06,2.4196749845665633e-16,7.03045389447165e-05
finite-mode-spin-boson-dephasing,cube_ppm,3.2986722862692828,120,21,0.175,8.850049009617274e-06,2.4196749845665633e-16,7.03045389447165e-05
finite-mode-spin-boson-dephasing,cube_ppp,3.2986722862692828,120,21,0.175,8.850049009617274e-06,2.4196749845665633e-16,7.03045389447165e-05
finite-mode-spin-boson-dephasing,0,3.4557519189487724,120,120,1.0,2.7755575615628914e-17,0.0,2.220446049250313e-16
finite-mode-spin-boson-dephasing,1,3.4557519189487724,120,120,1.0,2.7755575615628914e-17,0.0,2.220446049250313e-16
finite-mode-spin-boson-dephasing,+,3.4557519189487724,120,21,0.175,1.0514183370576025e-05,0.0,8.373065294611792e-05
finite-mode-spin-boson-dephasing,-,3.4557519189487724,120,21,0.175,1.0514183370576025e-05,0.0,8.373065294611792e-05
finite-mode-spin-boson-dephasing,+i,3.4557519189487724,120,21,0.175,1.0514183370576025e-05,0.0,8.373065294611792e-05
finite-mode-spin-boson-dephasing,-i,3.4557519189487724,120,21,0.175,1.0514183370576025e-05,0.0,8.373065294611792e-05
finite-mode-spin-boson-dephasing,cube_mmm,3.4557519189487724,120,21,0.175,8.58479477332607e-06,0.0,6.836579184936547e-05
finite-mode-spin-boson-dephasing,cube_mmp,3.4557519189487724,120,21,0.175,8.58479477332607e-06,0.0,6.836579184936547e-05
finite-mode-spin-boson-dephasing,cube_mpm,3.4557519189487724,120,21,0.175,8.58479477332607e-06,0.0,6.836579184936547e-05
finite-mode-spin-boson-dephasing,cube_mpp,3.4557519189487724,120,21,0.175,8.58479477332607e-06,0.0,6.836579184936547e-05
finite-mode-spin-boson-dephasing,cube_pmm,3.4557519189487724,120,21,0.175,8.58479477332607e-06,0.0,6.836579184936547e-05
finite-mode-spin-boson-dephasing,cube_pmp,3.4557519189487724,120,21,0.175,8.58479477332607e-06,0.0,6.836579184936547e-05
finite-mode-spin-boson-dephasing,cube_ppm,3.4557519189487724,120,21,0.175,8.58479477332607e-06,0.0,6.836579184936547e-05
finite-mode-spin-boson-dephasing,cube_ppp,3.4557519189487724,120,21,0.175,8.58479477332607e-06,0.0,6.836579184936547e-05
finite-mode-spin-boson-dephasing,0,3.612831551628262,120,120,1.0,3.608224830031759e-17,0.0,1.1102230246251565e-16
finite-mode-spin-boson-dephasing,1,3.612831551628262,120,120,1.0,3.608224830031759e-17,0.0,1.1102230246251565e-16
finite-mode-spin-boson-dephasing,+,3.612831551628262,120,21,0.175,1.018207874975303e-05,0.0,8.120776101666616e-05
finite-mode-spin-boson-dephasing,-,3.612831551628262,120,21,0.175,1.018207874975303e-05,0.0,8.120776101666616e-05
finite-mode-spin-boson-dephasing,+i,3.612831551628262,120,21,0.175,1.018207874975303e-05,0.0,8.120776101666616e-05
finite-mode-spin-boson-dephasing,-i,3.612831551628262,120,21,0.175,1.018207874975303e-05,0.0,8.120776101666616e-05
finite-mode-spin-boson-dephasing,cube_mmm,3.612831551628262,120,21,0.175,8.313632485910781e-06,0.0,6.630585921487374e-05
finite-mode-spin-boson-dephasing,cube_mmp,3.612831551628262,120,21,0.175,8.313632485910781e-06,0.0,6.630585921487374e-05
finite-mode-spin-boson-dephasing,cube_mpm,3.612831551628262,120,21,0.175,8.313632485910781e-06,0.0,6.630585921487374e-05
finite-mode-spin-boson-dephasing,cube_mpp,3.612831551628262,120,21,0.175,8.313632485910781e-06,0.0,6.630585921487374e-05
finite-mode-spin-boson-dephasing,cube_pmm,3.612831551628262,120,21,0.175,8.313632485910781e-06,0.0,6.630585921487374e-05
finite-mode-spin-boson-dephasing,cube_pmp,3.612831551628262,120,21,0.175,8.313632485910781e-06,0.0,6.630585921487374e-05
finite-mode-spin-boson-dephasing,cube_ppm,3.612831551628262,120,21,0.175,8.313632485910781e-06,0.0,6.630585921487374e-05
finite-mode-spin-boson-dephasing,cube_ppp,3.612831551628262,120,21,0.175,8.313632485910781e-06,0.0,6.630585921487374e-05
finite-mode-spin-boson-dephasing,0,3.7699111843077517,120,120,1.0,7.586524001605237e-17,0.0,2.220446049250313e-16
finite-mode-spin-boson-dephasing,1,3.7699111843077517,120,120,1.0,7.586524001605237e-17,0.0,2.220446049250313e-16
finite-mode-spin-boson-dephasing,+,3.7699111843077517,120,22,0.18333333333333332,1.0059033291720995e-05,0.0,8.030415060605867e-05
finite-mode-spin-boson-dephasing,-,3.7699111843077517,120,22,0.18333333333333332,1.0059033291720995e-05,0.0,8.030415060605867e-05
finite-mode-spin-boson-dephasing,+i,3.7699111843077517,120,22,0.18333333333333332,1.0059033291720995e-05,0.0,8.030415060605867e-05
finite-mode-spin-boson-dephasing,-i,3.7699111843077517,120,22,0.18333333333333332,1.0059033291720995e-05,0.0,8.030415060605867e-05
finite-mode-spin-boson-dephasing,cube_mmm,3.7699111843077517,120,22,0.18333333333333332,8.213166290121271e-06,0.0,6.556806440414543e-05
finite-mode-spin-boson-dephasing,cube_mmp,3.7699111843077517,120,22,0.18333333333333332,8.213166290121271e-06,0.0,6.556806440414543e-05
finite-mode-spin-boson-dephasing,cube_mpm,3.7699111843077517,120,22,0.18333333333333332,8.213166290121271e-06,0.0,6.556806440414543e-05
finite-mode-spin-boson-dephasing,cube_mpp,3.7699111843077517,120,22,0.18333333333333332,8.213166290121271e-06,0.0,6.556806440414543e-05
finite-mode-spin-boson-dephasing,cube_pmm,3.7699111843077517,120,22,0.18333333333333332,8.213166290121271e-06,0.0,6.556806440414543e-05
finite-mode-spin-boson-dephasing,cube_pmp,3.7699111843077517,120,22,0.18333333333333332,8.213166290121271e-06,0.0,6.556806440414543e-05
finite-mode-spin-boson-dephasing,cube_ppm,3.7699111843077517,120,22,0.18333333333333332,8.213166290121271e-06,0.0,6.556806440414543e-05
finite-mode-spin-boson-dephasing,cube_ppp,3.7699111843077517,120,22,0.18333333333333332,8.213166290121271e-06,0.0,6.556806440414543e-05
finite-mode-spin-boson-dephasing,0,3.9269908169872414,120,120,1.0,4.4408920985006264e-17,0.0,1.1102230246251565e-16
finite-mode-spin-boson-dephasing,1,3.9269908169872414,120,120,1.0,4.4408920985006264e-17,0.0,1.1102230246251565e-16
finite-mode-spin-boson-dephasing,+,3.9269908169872414,120,38,0.31666666666666665,1.0414261475019209e-05,0.0,8.319015390828577e-05
finite-mode-spin-boson-dephasing,-,3.9269908169872414,120,38,0.31666666666666665,1.0414261475019209e-05,0.0,8.319015390828577e-05
finite-mode-spin-boson-dephasing,+i,3.9269908169872414,120,38,0.31666666666666665,1.0414261475019209e-05,0.0,8.319015390828577e-05
finite-mode-spin-boson-dephasing,-i,3.9269908169872414,120,38,0.31666666666666665,1.0414261475019209e-05,0.0,8.319015390828577e-05
finite-mode-spin-boson-dephasing,cube_mmm,3.9269908169872414,120,38,0.31666666666666665,8.503208887243668e-06,0.0,6.792447623296456e-05
finite-mode-spin-boson-dephasing,cube_mmp,3.9269908169872414,120,38,0.31666666666666665,8.503208887243668e-06,0.0,6.792447623296456e-05
finite-mode-spin-boson-dephasing,cube_mpm,3.9269908169872414,120,38,0.31666666666666665,8.503208887243668e-06,0.0,6.792447623296456e-05
finite-mode-spin-boson-dephasing,cube_mpp,3.9269908169872414,120,38,0.31666666666666665,8.503208887243668e-06,0.0,6.792447623296456e-05
finite-mode-spin-boson-dephasing,cube_pmm,3.9269908169872414,120,38,0.31666666666666665,8.503208887243668e-06,0.0,6.792447623296456e-05
finite-mode-spin-boson-dephasing,cube_pmp,3.9269908169872414,120,38,0.31666666666666665,8.503208887243668e-06,0.0,6.792447623296456e-05
finite-mode-spin-boson-dephasing,cube_ppm,3.9269908169872414,120,38,0.31666666666666665,8.503208887243668e-06,0.0,6.792447623296456e-05
finite-mode-spin-boson-dephasing,cube_ppp,3.9269908169872414,120,38,0.31666666666666665,8.503208887243668e-06,0.0,6.792447623296456e-05
finite-mode-spin-boson-dephasing,0,4.084070449666731,120,120,1.0,5.551115123125783e-17,0.0,1.1102230246251565e-16
finite-mode-spin-boson-dephasing,1,4.084070449666731,120,120,1.0,5.551115123125783e-17,0.0,1.1102230246251565e-16
finite-mode-spin-boson-dephasing,+,4.084070449666731,120,46,0.38333333333333336,1.1629398403254406e-05,0.0,9.2924862872934e-05
finite-mode-spin-boson-dephasing,-,4.084070449666731,120,46,0.38333333333333336,1.1629398403254406e-05,0.0,9.2924862872934e-05
finite-mode-spin-boson-dephasing,+i,4.084070449666731,120,46,0.38333333333333336,1.1629398403254406e-05,0.0,9.2924862872934e-05
finite-mode-spin-boson-dephasing,-i,4.084070449666731,120,46,0.38333333333333336,1.1629398403254406e-05,0.0,9.2924862872934e-05
finite-mode-spin-boson-dephasing,cube_mmm,4.084070449666731,120,48,0.4,9.495364034501585e-06,0.0,7.587283281894187e-05
finite-mode-spin-boson-dephasing,cube_mmp,4.084070449666731,120,48,0.4,9.495364034501585e-06,0.0,7.587283281894187e-05
finite-mode-spin-boson-dephasing,cube_mpm,4.084070449666731,120,48,0.4,9.495364034501585e-06,0.0,7.587283281894187e-05
finite-mode-spin-boson-dephasing,cube_mpp,4.084070449666731,120,48,0.4,9.495364034501585e-06,0.0,7.587283281894187e-05
finite-mode-spin-boson-dephasing,cube_pmm,4.084070449666731,120,48,0.4,9.495364034501585e-06,0.0,7.587283281894187e-05
finite-mode-spin-boson-dephasing,cube_pmp,4.084070449666731,120,48,0.4,9.495364034501585e-06,0.0,7.587283281894187e-05
finite-mode-spin-boson-dephasing,cube_ppm,4.084070449666731,120,48,0.4,9.495364034501585e-06,0.0,7.587283281894187e-05
finite-mode-spin-boson-dephasing,cube_ppp,4.084070449666731,120,48,0.4,9.495364034501585e-06,0.0,7.587283281894187e-05
finite-mode-spin-boson-dephasing,0,4.241150082346221,120,120,1.0,6.38378239159465e-17,0.0,1.6653345369377348e-16
finite-mode-spin-boson-dephasing,1,4.241150082346221,120,120,1.0,6.38378239159465e-17,0.0,1.6653345369377348e-16
finite-mode-spin-boson-dephasing,+,4.241150082346221,120,55,0.4583333333333333,1.438974966576657e-05,0.0,0.00011498594510767068
finite-mode-spin-boson-dephasing,-,4.241150082346221,120,55,0.4583333333333333,1.438974966576657e-05,0.0,0.00011498594510767068
finite-mode-spin-boson-dephasing,+i,4.241150082346221,120,55,0.4583333333333333,1.438974966576657e-05,0.0,0.00011498594510767068
finite-mode-spin-boson-dephasing,-i,4.241150082346221,120,55,0.4583333333333333,1.438974966576657e-05,0.0,0.00011498594510767068
finite-mode-spin-boson-dephasing,cube_mmm,4.241150082346221,120,55,0.4583333333333333,1.1749181402515512e-05,0.0,9.388563103517988e-05
finite-mode-spin-boson-dephasing,cube_mmp,4.241150082346221,120,55,0.4583333333333333,1.1749181402515512e-05,0.0,9.388563103517988e-05
finite-mode-spin-boson-dephasing,cube_mpm,4.241150082346221,120,55,0.4583333333333333,1.1749181402515512e-05,0.0,9.388563103517988e-05
finite-mode-spin-boson-dephasing,cube_mpp,4.241150082346221,120,55,0.4583333333333333,1.1749181402515512e-05,0.0,9.388563103517988e-05
finite-mode-spin-boson-dephasing,cube_pmm,4.241150082346221,120,55,0.4583333333333333,1.1749181402515512e-05,0.0,9.388563103517988e-05
finite-mode-spin-boson-dephasing,cube_pmp,4.241150082346221,120,55,0.4583333333333333,1.1749181402515512e-05,0.0,9.388563103517988e-05
finite-mode-spin-boson-dephasing,cube_ppm,4.241150082346221,120,55,0.4583333333333333,1.1749181402515512e-05,0.0,9.388563103517988e-05
finite-mode-spin-boson-dephasing,cube_ppp,4.241150082346221,120,55,0.4583333333333333,1.1749181402515512e-05,0.0,9.388563103517988e-05
finite-mode-spin-boson-dephasing,0,4.39822971502571,120,120,1.0,5.551115123125783e-17,0.0,1.1102230246251565e-16
finite-mode-spin-boson-dephasing,1,4.39822971502571,120,120,1.0,5.551115123125783e-17,0.0,1.1102230246251565e-16
finite-mode-spin-boson-dephasing,+,4.39822971502571,120,55,0.4583333333333333,2.0159845804999106e-05,0.0,0.0001610567269905161
finite-mode-spin-boson-dephasing,-,4.39822971502571,120,55,0.4583333333333333,2.0159845804999106e-05,0.0,0.0001610567269905161
finite-mode-spin-boson-dephasing,+i,4.39822971502571,120,55,0.4583333333333333,2.0159845804999106e-05,0.0,0.0001610567269905161
finite-mode-spin-boson-dephasing,-i,4.39822971502571,120,55,0.4583333333333333,2.0159845804999106e-05,0.0,0.0001610567269905161
finite-mode-spin-boson-dephasing,cube_mmm,4.39822971502571,120,55,0.4583333333333333,1.6460445171815594e-05,0.0,0.00013150226692317841
finite-mode-spin-boson-dephasing,cube_mmp,4.39822971502571,120,55,0.4583333333333333,1.6460445171815594e-05,0.0,0.00013150226692317841
finite-mode-spin-boson-dephasing,cube_mpm,4.39822971502571,120,55,0.4583333333333333,1.6460445171815594e-05,0.0,0.00013150226692317841
finite-mode-spin-boson-dephasing,cube_mpp,4.39822971502571,120,55,0.4583333333333333,1.6460445171815594e-05,0.0,0.00013150226692317841
finite-mode-spin-boson-dephasing,cube_pmm,4.39822971502571,120,55,0.4583333333333333,1.6460445171815594e-05,0.0,0.00013150226692317841
finite-mode-spin-boson-dephasing,cube_pmp,4.39822971502571,120,55,0.4583333333333333,1.6460445171815594e-05,0.0,0.00013150226692317841
finite-mode-spin-boson-dephasing,cube_ppm,4.39822971502571,120,55,0.4583333333333333,1.6460445171815594e-05,0.0,0.00013150226692317841
finite-mode-spin-boson-dephasing,cube_ppp,4.39822971502571,120,55,0.4583333333333333,1.6460445171815594e-05,0.0,0.00013150226692317841
finite-mode-spin-boson-dephasing,0,4.5553093477052,120,120,1.0,6.938893903907228e-17,0.0,2.220446049250313e-16
finite-mode-spin-boson-dephasing,1,4.5553093477052,120,120,1.0,6.938893903907228e-17,0.0,2.220446049250313e-16
finite-mode-spin-boson-dephasing,+,4.5553093477052,120,56,0.4666666666666667,3.240117068049285e-05,0.0,0.0002586864500460917
finite-mode-spin-boson-dephasing,-,4.5553093477052,120,56,0.4666666666666667,3.240117068049285e-05,0.0,0.0002586864500460917
finite-mode-spin-boson-dephasing,+i,4.5553093477052,120,56,0.4666666666666667,3.240117068049285e-05,0.0,0.0002586864500460917
finite-mode-spin-boson-dephasing,-i,4.5553093477052,120,56,0.4666666666666667,3.240117068049285e-05,0.0,0.0002586864500460917
finite-mode-spin-boson-dephasing,cube_mmm,4.5553093477052,120,66,0.55,2.6455445078674298e-05,0.0,0.0002112166019949662
finite-mode-spin-boson-dephasing,cube_mmp,4.5553093477052,120,66,0.55,2.6455445078674298e-05,0.0,0.0002112166019949662
finite-mode-spin-boson-dephasing,cube_mpm,4.5553093477052,120,66,0.55,2.6455445078674298e-05,0.0,0.0002112166019949662
finite-mode-spin-boson-dephasing,cube_mpp,4.5553093477052,120,66,0.55,2.6455445078674298e-05,0.0,0.0002112166019949662
finite-mode-spin-boson-dephasing,cube_pmm,4.5553093477052,120,66,0.55,2.6455445078674298e-05,0.0,0.0002112166019949662
finite-mode-spin-boson-dephasing,cube_pmp,4.5553093477052,120,66,0.55,2.6455445078674298e-05,0.0,0.0002112166019949662
finite-mode-spin-boson-dephasing,cube_ppm,4.5553093477052,120,66,0.55,2.6455445078674298e-05,0.0,0.0002112166019949662
finite-mode-spin-boson-dephasing,cube_ppp,4.5553093477052,120,66,0.55,2.6455445078674298e-05,0.0,0.0002112166019949662
finite-mode-spin-boson-dephasing,0,4.71238898038469,120,120,1.0,7.679042586990666e-17,0.0,2.220446049250313e-16
finite-mode-spin-boson-dephasing,1,4.71238898038469,120,120,1.0,7.679042586990666e-17,0.0,2.220446049250313e-16
finite-mode-spin-boson-dephasing,+,4.71238898038469,120,66,0.55,5.9881989422421596e-05,0.0,0.00047741492615563375
finite-mode-spin-boson-dephasing,-,4.71238898038469,120,66,0.55,5.9881989422421596e-05,0.0,0.00047741492615563375
finite-mode-spin-boson-dephasing,+i,4.71238898038469,120,66,0.55,5.9881989422421596e-05,0.0,0.00047741492615563375
finite-mode-spin-boson-dephasing,-i,4.71238898038469,120,66,0.55,5.9881989422421596e-05,0.0,0.00047741492615563375
finite-mode-spin-boson-dephasing,cube_mmm,4.71238898038469,120,66,0.55,4.8893439622556614e-05,0.0,0.00038980765488992093
finite-mode-spin-boson-dephasing,cube_mmp,4.71238898038469,120,66,0.55,4.8893439622556614e-05,0.0,0.00038980765488992093
finite-mode-spin-boson-dephasing,cube_mpm,4.71238898038469,120,66,0.55,4.8893439622556614e-05,0.0,0.00038980765488992093
finite-mode-spin-boson-dephasing,cube_mpp,4.71238898038469,120,66,0.55,4.8893439622556614e-05,0.0,0.00038980765488992093
finite-mode-spin-boson-dephasing,cube_pmm,4.71238898038469,120,66,0.55,4.8893439622556614e-05,0.0,0.00038980765488992093
finite-mode-spin-boson-dephasing,cube_pmp,4.71238898038469,120,66,0.55,4.8893439622556614e-05,0.0,0.00038980765488992093
finite-mode-spin-boson-dephasing,cube_ppm,4.71238898038469,120,66,0.55,4.8893439622556614e-05,0.0,0.00038980765488992093
finite-mode-spin-boson-dephasing,cube_ppp,4.71238898038469,120,66,0.55,4.8893439622556614e-05,0.0,0.00038980765488992093
finite-mode-spin-boson-dephasing,0,4.869468613064179,120,120,1.0,7.540264708912522e-17,0.0,2.220446049250313e-16
finite-mode-spin-boson-dephasing,1,4.869468613064179,120,120,1.0,7.540264708912522e-17,0.0,2.220446049250313e-16
finite-mode-spin-boson-dephasing,+,4.869468613064179,120,66,0.55,0.00012605315685143743,0.0,0.001001930872083695
finite-mode-spin-boson-dephasing,-,4.869468613064179,120,66,0.55,0.00012605315685143743,0.0,0.001001930872083695
finite-mode-spin-boson-dephasing,+i,4.869468613064179,120,66,0.55,0.00012605315685143743,0.0,0.001001930872083695
finite-mode-spin-boson-dephasing,-i,4.869468613064179,120,66,0.55,0.00012605315685143743,0.0,0.001001930872083695
finite-mode-spin-boson-dephasing,cube_mmm,4.869468613064179,120,66,0.55,0.00010292197158433417,0.0,0.0008180731313822083
finite-mode-spin-boson-dephasing,cube_mmp,4.869468613064179,120,66,0.55,0.00010292197158433417,0.0,0.0008180731313822083
finite-mode-spin-boson-dephasing,cube_mpm,4.869468613064179,120,66,0.55,0.00010292197158433417,0.0,0.0008180731313822083
finite-mode-spin-boson-dephasing,cube_mpp,4.869468613064179,120,66,0.55,0.00010292197158433417,0.0,0.0008180731313822083
finite-mode-spin-boson-dephasing,cube_pmm,4.869468613064179,120,66,0.55,0.00010292197158433417,0.0,0.0008180731313822083
finite-mode-spin-boson-dephasing,cube_pmp,4.869468613064179,120,66,0.55,0.00010292197158433417,0.0,0.0008180731313822083
finite-mode-spin-boson-dephasing,cube_ppm,4.869468613064179,120,66,0.55,0.00010292197158433417,0.0,0.0008180731313822083
finite-mode-spin-boson-dephasing,cube_ppp,4.869468613064179,120,66,0.55,0.00010292197158433417,0.0,0.0008180731313822083
finite-mode-spin-boson-dephasing,0,5.026548245743669,120,120,1.0,5.551115123125783e-17,0.0,1.1102230246251565e-16
finite-mode-spin-boson-dephasing,1,5.026548245743669,120,120,1.0,5.551115123125783e-17,0.0,1.1102230246251565e-16
finite-mode-spin-boson-dephasing,+,5.026548245743669,120,66,0.55,0.00029593443155346313,0.0,0.00233682900672208
finite-mode-spin-boson-dephasing,-,5.026548245743669,120,66,0.55,0.00029593443155346313,0.0,0.00233682900672208
finite-mode-spin-boson-dephasing,+i,5.026548245743669,120,66,0.55,0.00029593443155346313,0.0,0.00233682900672208
finite-mode-spin-boson-dephasing,-i,5.026548245743669,120,66,0.55,0.00029593443155346313,0.0,0.00233682900672208
finite-mode-spin-boson-dephasing,cube_mmm,5.026548245743669,120,66,0.55,0.00024162945154218446,0.0,0.0019080128942012952
finite-mode-spin-boson-dephasing,cube_mmp,5.026548245743669,120,66,0.55,0.00024162945154218446,0.0,0.0019080128942012952
finite-mode-spin-boson-dephasing,cube_mpm,5.026548245743669,120,66,0.55,0.00024162945154218446,0.0,0.0019080128942012952
finite-mode-spin-boson-dephasing,cube_mpp,5.026548245743669,120,66,0.55,0.00024162945154218446,0.0,0.0019080128942012952
finite-mode-spin-boson-dephasing,cube_pmm,5.026548245743669,120,66,0.55,0.00024162945154218446,0.0,0.0019080128942012952
finite-mode-spin-boson-dephasing,cube_pmp,5.026548245743669,120,66,0.55,0.00024162945154218446,0.0,0.0019080128942012952
finite-mode-spin-boson-dephasing,cube_ppm,5.026548245743669,120,66,0.55,0.00024162945154218446,0.0,0.0019080128942012952
finite-mode-spin-boson-dephasing,cube_ppp,5.026548245743669,120,66,0.55,0.00024162945154218446,0.0,0.0019080128942012952
finite-mode-spin-boson-dephasing,0,5.183627878423159,120,120,1.0,5.551115123125783e-17,0.0,1.1102230246251565e-16
finite-mode-spin-boson-dephasing,1,5.183627878423159,120,120,1.0,5.551115123125783e-17,0.0,1.1102230246251565e-16
finite-mode-spin-boson-dephasing,+,5.183627878423159,120,66,0.55,0.0007516399609273354,0.0,0.005851580480266738
finite-mode-spin-boson-dephasing,-,5.183627878423159,120,66,0.55,0.0007516399609273354,0.0,0.005851580480266738
finite-mode-spin-boson-dephasing,+i,5.183627878423159,120,66,0.55,0.0007516399609273354,0.0,0.005851580480266738
finite-mode-spin-boson-dephasing,-i,5.183627878423159,120,66,0.55,0.0007516399609273354,0.0,0.005851580480266738
finite-mode-spin-boson-dephasing,cube_mmm,5.183627878423159,120,66,0.55,0.0006137114581858153,0.0,0.0047777954551612035
finite-mode-spin-boson-dephasing,cube_mmp,5.183627878423159,120,66,0.55,0.0006137114581858153,0.0,0.0047777954551612035
finite-mode-spin-boson-dephasing,cube_mpm,5.183627878423159,120,66,0.55,0.0006137114581858153,0.0,0.0047777954551612035
finite-mode-spin-boson-dephasing,cube_mpp,5.183627878423159,120,66,0.55,0.0006137114581858153,0.0,0.0047777954551612035
finite-mode-spin-boson-dephasing,cube_pmm,5.183627878423159,120,66,0.55,0.0006137114581858153,0.0,0.0047777954551612035
finite-mode-spin-boson-dephasing,cube_pmp,5.183627878423159,120,66,0.55,0.0006137114581858153,0.0,0.0047777954551612035
finite-mode-spin-boson-dephasing,cube_ppm,5.183627878423159,120,66,0.55,0.0006137114581858153,0.0,0.0047777954551612035
finite-mode-spin-boson-dephasing,cube_ppp,5.183627878423159,120,66,0.55,0.0006137114581858153,0.0,0.0047777954551612035
finite-mode-spin-boson-dephasing,0,5.340707511102648,120,120,1.0,5.782411586589357e-17,0.0,1.6653345369377348e-16
finite-mode-spin-boson-dephasing,1,5.340707511102648,120,120,1.0,5.782411586589357e-17,0.0,1.6653345369377348e-16
finite-mode-spin-boson-dephasing,+,5.340707511102648,120,66,0.55,0.001992098174741839,0.0,0.015056285941093095
finite-mode-spin-boson-dephasing,-,5.340707511102648,120,66,0.55,0.001992098174741839,0.0,0.015056285941093095
finite-mode-spin-boson-dephasing,+i,5.340707511102648,120,66,0.55,0.001992098174741839,0.0,0.015056285941093095
finite-mode-spin-boson-dephasing,-i,5.340707511102648,120,66,0.55,0.001992098174741839,0.0,0.015056285941093095
finite-mode-spin-boson-dephasing,cube_mmm,5.340707511102648,120,66,0.55,0.0016265413485490752,0.0,0.012293405992372709
finite-mode-spin-boson-dephasing,cube_mmp,5.340707511102648,120,66,0.55,0.0016265413485490752,0.0,0.012293405992372709
finite-mode-spin-boson-dephasing,cube_mpm,5.340707511102648,120,66,0.55,0.0016265413485490752,0.0,0.012293405992372709
finite-mode-spin-boson-dephasing,cube_mpp,5.340707511102648,120,66,0.55,0.0016265413485490752,0.0,0.012293405992372709
finite-mode-spin-boson-dephasing,cube_pmm,5.340707511102648,120,66,0.55,0.0016265413485490752,0.0,0.012293405992372709
finite-mode-spin-boson-dephasing,cube_pmp,5.340707511102648,120,66,0.55,0.0016265413485490752,0.0,0.012293405992372709
finite-mode-spin-boson-dephasing,cube_ppm,5.340707511102648,120,66,0.55,0.0016265413485490752,0.0,0.012293405992372709
finite-mode-spin-boson-dephasing,cube_ppp,5.340707511102648,120,66,0.55,0.0016265413485490752,0.0,0.012293405992372709
finite-mode-spin-boson-dephasing,0,5.497787143782138,120,120,1.0,7.540264708912522e-17,0.0,2.220446049250313e-16
finite-mode-spin-boson-dephasing,1,5.497787143782138,120,120,1.0,7.540264708912522e-17,0.0,2.220446049250313e-16
finite-mode-spin-boson-dephasing,+,5.497787143782138,120,66,0.55,0.005301930041855237,0.0,0.037862389257837886
finite-mode-spin-boson-dephasing,-,5.497787143782138,120,66,0.55,0.005301930041855237,0.0,0.037862389257837886
finite-mode-spin-boson-dephasing,+i,5.497787143782138,120,66,0.55,0.005301930041855237,0.0,0.037862389257837886
finite-mode-spin-boson-dephasing,-i,5.497787143782138,120,66,0.55,0.005301930041855237,0.0,0.037862389257837886
finite-mode-spin-boson-dephasing,cube_mmm,5.497787143782138,120,66,0.55,0.004329007751492799,0.0,0.03091451137477932
finite-mode-spin-boson-dephasing,cube_mmp,5.497787143782138,120,66,0.55,0.004329007751492799,0.0,0.03091451137477932
finite-mode-spin-boson-dephasing,cube_mpm,5.497787143782138,120,66,0.55,0.004329007751492799,0.0,0.03091451137477932
finite-mode-spin-boson-dephasing,cube_mpp,5.497787143782138,120,66,0.55,0.004329007751492799,0.0,0.03091451137477932
finite-mode-spin-boson-dephasing,cube_pmm,5.497787143782138,120,66,0.55,0.004329007751492799,0.0,0.03091451137477932
finite-mode-spin-boson-dephasing,cube_pmp,5.497787143782138,120,66,0.55,0.004329007751492799,0.0,0.03091451137477932
finite-mode-spin-boson-dephasing,cube_ppm,5.497787143782138,120,66,0.55,0.004329007751492799,0.0,0.03091451137477932
finite-mode-spin-boson-dephasing,cube_ppp,5.497787143782138,120,66,0.55,0.004329007751492799,0.0,0.03091451137477932
finite-mode-spin-boson-dephasing,0,5.654866776461628,120,120,1.0,5.088522196198634e-17,0.0,1.1102230246251565e-16
finite-mode-spin-boson-dephasing,1,5.654866776461628,120,120,1.0,5.088522196198634e-17,0.0,1.1102230246251565e-16
finite-mode-spin-boson-dephasing,+,5.654866776461628,120,66,0.55,0.013590737562312662,0.0,0.08830231956280366
finite-mode-spin-boson-dephasing,-,5.654866776461628,120,66,0.55,0.013590737562312662,0.0,0.08830231956280366
finite-mode-spin-boson-dephasing,+i,5.654866776461628,120,66,0.55,0.013590737562312662,0.0,0.08830231956280366
finite-mode-spin-boson-dephasing,-i,5.654866776461628,120,66,0.55,0.013590737562312662,0.0,0.08830231956280366
finite-mode-spin-boson-dephasing,cube_mmm,5.654866776461628,120,66,0.55,0.01109679075191432,0.0,0.0720985420110167
finite-mode-spin-boson-dephasing,cube_mmp,5.654866776461628,120,66,0.55,0.01109679075191432,0.0,0.0720985420110167
finite-mode-spin-boson-dephasing,cube_mpm,5.654866776461628,120,66,0.55,0.01109679075191432,0.0,0.0720985420110167
finite-mode-spin-boson-dephasing,cube_mpp,5.654866776461628,120,66,0.55,0.01109679075191432,0.0,0.0720985420110167
finite-mode-spin-boson-dephasing,cube_pmm,5.654866776461628,120,66,0.55,0.01109679075191432,0.0,0.0720985420110167
finite-mode-spin-boson-dephasing,cube_pmp,5.654866776461628,120,66,0.55,0.01109679075191432,0.0,0.0720985420110167
finite-mode-spin-boson-dephasing,cube_ppm,5.654866776461628,120,66,0.55,0.01109679075191432,0.0,0.0720985420110167
finite-mode-spin-boson-dephasing,cube_ppp,5.654866776461628,120,66,0.55,0.01109679075191432,0.0,0.0720985420110167
finite-mode-spin-boson-dephasing,0,5.811946409141117,120,120,1.0,5.088522196198634e-17,0.0,1.1102230246251565e-16
finite-mode-spin-boson-dephasing,1,5.811946409141117,120,120,1.0,5.088522196198634e-17,0.0,1.1102230246251565e-16
finite-mode-spin-boson-dephasing,+,5.811946409141117,120,66,0.55,0.03181211273975754,0.0,0.18157013201610553
finite-mode-spin-boson-dephasing,-,5.811946409141117,120,66,0.55,0.03181211273975754,0.0,0.18157013201610553
finite-mode-spin-boson-dephasing,+i,5.811946409141117,120,66,0.55,0.03181211273975754,0.0,0.18157013201610553
finite-mode-spin-boson-dephasing,-i,5.811946409141117,120,66,0.55,0.03181211273975754,0.0,0.18157013201610553
finite-mode-spin-boson-dephasing,cube_mmm,5.811946409141117,120,66,0.55,0.0259744812840994,0.0,0.14825139198974607
finite-mode-spin-boson-dephasing,cube_mmp,5.811946409141117,120,66,0.55,0.0259744812840994,0.0,0.14825139198974607
finite-mode-spin-boson-dephasing,cube_mpm,5.811946409141117,120,66,0.55,0.0259744812840994,0.0,0.14825139198974607
finite-mode-spin-boson-dephasing,cube_mpp,5.811946409141117,120,66,0.55,0.0259744812840994,0.0,0.14825139198974607
finite-mode-spin-boson-dephasing,cube_pmm,5.811946409141117,120,66,0.55,0.0259744812840994,0.0,0.14825139198974607
finite-mode-spin-boson-dephasing,cube_pmp,5.811946409141117,120,66,0.55,0.0259744812840994,0.0,0.14825139198974607
finite-mode-spin-boson-dephasing,cube_ppm,5.811946409141117,120,66,0.55,0.0259744812840994,0.0,0.14825139198974607
finite-mode-spin-boson-dephasing,cube_ppp,5.811946409141117,120,66,0.55,0.0259744812840994,0.0,0.14825139198974607
finite-mode-spin-boson-dephasing,0,5.969026041820607,120,120,1.0,5.088522196198634e-17,0.0,1.1102230246251565e-16
finite-mode-spin-boson-dephasing,1,5.969026041820607,120,120,1.0,5.088522196198634e-17,0.0,1.1102230246251565e-16
finite-mode-spin-boson-dephasing,+,5.969026041820607,120,66,0.55,0.0633786693911414,0.0,0.31482528552346645
finite-mode-spin-boson-dephasing,-,5.969026041820607,120,66,0.55,0.0633786693911414,0.0,0.31482528552346645
finite-mode-spin-boson-dephasing,+i,5.969026041820607,120,66,0.55,0.0633786693911414,0.0,0.31482528552346645
finite-mode-spin-boson-dephasing,-i,5.969026041820607,120,66,0.55,0.0633786693911414,0.0,0.31482528552346645
finite-mode-spin-boson-dephasing,cube_mmm,5.969026041820607,120,66,0.55,0.05174846686161571,0.0,0.25705376921950557
finite-mode-spin-boson-dephasing,cube_mmp,5.969026041820607,120,66,0.55,0.05174846686161571,0.0,0.25705376921950557
finite-mode-spin-boson-dephasing,cube_mpm,5.969026041820607,120,66,0.55,0.05174846686161571,0.0,0.25705376921950557
finite-mode-spin-boson-dephasing,cube_mpp,5.969026041820607,120,66,0.55,0.05174846686161571,0.0,0.25705376921950557
finite-mode-spin-boson-dephasing,cube_pmm,5.969026041820607,120,66,0.55,0.05174846686161571,0.0,0.25705376921950557
finite-mode-spin-boson-dephasing,cube_pmp,5.969026041820607,120,66,0.55,0.05174846686161571,0.0,0.25705376921950557
finite-mode-spin-boson-dephasing,cube_ppm,5.969026041820607,120,66,0.55,0.05174846686161571,0.0,0.25705376921950557
finite-mode-spin-boson-dephasing,cube_ppp,5.969026041820607,120,66,0.55,0.05174846686161571,0.0,0.25705376921950557
finite-mode-spin-boson-dephasing,0,6.126105674500097,120,120,1.0,5.782411586589357e-17,0.0,1.6653345369377348e-16
finite-mode-spin-boson-dephasing,1,6.126105674500097,120,120,1.0,5.782411586589357e-17,0.0,1.6653345369377348e-16
finite-mode-spin-boson-dephasing,+,6.126105674500097,120,66,0.55,0.09963147756424022,0.0,0.4445488121459558
finite-mode-spin-boson-dephasing,-,6.126105674500097,120,66,0.55,0.09963147756424022,0.0,0.4445488121459558
finite-mode-spin-boson-dephasing,+i,6.126105674500097,120,66,0.55,0.09963147756424022,0.0,0.4445488121459558
finite-mode-spin-boson-dephasing,-i,6.126105674500097,120,66,0.55,0.09963147756424022,0.0,0.4445488121459558
finite-mode-spin-boson-dephasing,cube_mmm,6.126105674500097,120,66,0.55,0.08134876078397962,0.0,0.36297258517265507
finite-mode-spin-boson-dephasing,cube_mmp,6.126105674500097,120,66,0.55,0.08134876078397962,0.0,0.36297258517265507
finite-mode-spin-boson-dephasing,cube_mpm,6.126105674500097,120,66,0.55,0.08134876078397962,0.0,0.36297258517265507
finite-mode-spin-boson-dephasing,cube_mpp,6.126105674500097,120,66,0.55,0.08134876078397962,0.0,0.36297258517265507
finite-mode-spin-boson-dephasing,cube_pmm,6.126105674500097,120,66,0.55,0.08134876078397962,0.0,0.36297258517265507
finite-mode-spin-boson-dephasing,cube_pmp,6.126105674500097,120,66,0.55,0.08134876078397962,0.0,0.36297258517265507
finite-mode-spin-boson-dephasing,cube_ppm,6.126105674500097,120,66,0.55,0.08134876078397962,0.0,0.36297258517265507
finite-mode-spin-boson-dephasing,cube_ppp,6.126105674500097,120,66,0.55,0.08134876078397962,0.0,0.36297258517265507
finite-mode-spin-boson-dephasing,0,6.283185307179586,120,120,1.0,6.938893903907228e-17,0.0,2.220446049250313e-16
finite-mode-spin-boson-dephasing,1,6.283185307179586,120,120,1.0,6.938893903907228e-17,0.0,2.220446049250313e-16
finite-mode-spin-boson-dephasing,+,6.283185307179586,120,67,0.5583333333333333,0.1166666684272256,0.0,0.4999999999999999
finite-mode-spin-boson-dephasing,-,6.283185307179586,120,67,0.5583333333333333,0.1166666684272256,0.0,0.4999999999999999
finite-mode-spin-boson-dephasing,+i,6.283185307179586,120,67,0.5583333333333333,0.1166666684272256,0.0,0.4999999999999999
finite-mode-spin-boson-dephasing,-i,6.283185307179586,120,67,0.5583333333333333,0.1166666684272256,0.0,0.4999999999999999
finite-mode-spin-boson-dephasing,cube_mmm,6.283185307179586,120,67,0.5583333333333333,0.09525793587905844,0.0,0.4082482904638631
finite-mode-spin-boson-dephasing,cube_mmp,6.283185307179586,120,67,0.5583333333333333,0.09525793587905844,0.0,0.4082482904638631
finite-mode-spin-boson-dephasing,cube_mpm,6.283185307179586,120,67,0.5583333333333333,0.09525793587905844,0.0,0.4082482904638631
finite-mode-spin-boson-dephasing,cube_mpp,6.283185307179586,120,67,0.5583333333333333,0.09525793587905844,0.0,0.4082482904638631
finite-mode-spin-boson-dephasing,cube_pmm,6.283185307179586,120,67,0.5583333333333333,0.09525793587905844,0.0,0.4082482904638631
finite-mode-spin-boson-dephasing,cube_pmp,6.283185307179586,120,67,0.5583333333333333,0.09525793587905844,0.0,0.4082482904638631
finite-mode-spin-boson-dephasing,cube_ppm,6.283185307179586,120,67,0.5583333333333333,0.09525793587905844,0.0,0.4082482904638631
finite-mode-spin-boson-dephasing,cube_ppp,6.283185307179586,120,67,0.5583333333333333,0.09525793587905844,0.0,0.4082482904638631
finite-mode-spin-boson-dephasing,0,6.440264939859076,120,120,1.0,5.551115123125783e-17,0.0,1.1102230246251565e-16
finite-mode-spin-boson-dephasing,1,6.440264939859076,120,120,1.0,5.551115123125783e-17,0.0,1.1102230246251565e-16
finite-mode-spin-boson-dephasing,+,6.440264939859076,120,66,0.55,0.09963147756419971,0.0,0.4445488121459562
finite-mode-spin-boson-dephasing,-,6.440264939859076,120,66,0.55,0.09963147756419971,0.0,0.4445488121459562
finite-mode-spin-boson-dephasing,+i,6.440264939859076,120,66,0.55,0.09963147756419971,0.0,0.4445488121459562
finite-mode-spin-boson-dephasing,-i,6.440264939859076,120,66,0.55,0.09963147756419971,0.0,0.4445488121459562
finite-mode-spin-boson-dephasing,cube_mmm,6.440264939859076,120,66,0.55,0.08134876078394654,0.0,0.36297258517265535
finite-mode-spin-boson-dephasing,cube_mmp,6.440264939859076,120,66,0.55,0.08134876078394654,0.0,0.36297258517265535
finite-mode-spin-boson-dephasing,cube_mpm,6.440264939859076,120,66,0.55,0.08134876078394654,0.0,0.36297258517265535
finite-mode-spin-boson-dephasing,cube_mpp,6.440264939859076,120,66,0.55,0.08134876078394654,0.0,0.36297258517265535
finite-mode-spin-boson-dephasing,cube_pmm,6.440264939859076,120,66,0.55,0.08134876078394654,0.0,0.36297258517265535
finite-mode-spin-boson-dephasing,cube_pmp,6.440264939859076,120,66,0.55,0.08134876078394654,0.0,0.36297258517265535
finite-mode-spin-boson-dephasing,cube_ppm,6.440264939859076,120,66,0.55,0.08134876078394654,0.0,0.36297258517265535
finite-mode-spin-boson-dephasing,cube_ppp,6.440264939859076,120,66,0.55,0.08134876078394654,0.0,0.36297258517265535
finite-mode-spin-boson-dephasing,0,6.5973445725385655,120,120,1.0,8.419191270074103e-17,0.0,2.220446049250313e-16
finite-mode-spin-boson-dephasing,1,6.5973445725385655,120,120,1.0,8.419191270074103e-17,0.0,2.220446049250313e-16
finite-mode-spin-boson-dephasing,+,6.5973445725385655,120,66,0.55,0.06337866939105412,0.0,0.3148252855234669
finite-mode-spin-boson-dephasing,-,6.5973445725385655,120,66,0.55,0.06337866939105412,0.0,0.3148252855234669
finite-mode-spin-boson-dephasing,+i,6.5973445725385655,120,66,0.55,0.06337866939105412,0.0,0.3148252855234669
finite-mode-spin-boson-dephasing,-i,6.5973445725385655,120,66,0.55,0.06337866939105412,0.0,0.3148252855234669
finite-mode-spin-boson-dephasing,cube_mmm,6.5973445725385655,120,66,0.55,0.051748466861544454,0.0,0.25705376921950596
finite-mode-spin-boson-dephasing,cube_mmp,6.5973445725385655,120,66,0.55,0.051748466861544454,0.0,0.25705376921950596
finite-mode-spin-boson-dephasing,cube_mpm,6.5973445725385655,120,66,0.55,0.051748466861544454,0.0,0.25705376921950596
finite-mode-spin-boson-dephasing,cube_mpp,6.5973445725385655,120,66,0.55,0.051748466861544454,0.0,0.25705376921950596
finite-mode-spin-boson-dephasing,cube_pmm,6.5973445725385655,120,66,0.55,0.051748466861544454,0.0,0.25705376921950596
finite-mode-spin-boson-dephasing,cube_pmp,6.5973445725385655,120,66,0.55,0.051748466861544454,0.0,0.25705376921950596
finite-mode-spin-boson-dephasing,cube_ppm,6.5973445725385655,120,66,0.55,0.051748466861544454,0.0,0.25705376921950596
finite-mode-spin-boson-dephasing,cube_ppp,6.5973445725385655,120,66,0.55,0.051748466861544454,0.0,0.25705376921950596
finite-mode-spin-boson-dephasing,0,6.754424205218055,120,120,1.0,5.828670879282072e-17,0.0,1.1102230246251565e-16
finite-mode-spin-boson-dephasing,1,6.754424205218055,120,120,1.0,5.828670879282072e-17,0.0,1.1102230246251565e-16
finite-mode-spin-boson-dephasing,+,6.754424205218055,120,66,0.55,0.031812112739610106,0.0,0.18157013201610606
finite-mode-spin-boson-dephasing,-,6.754424205218055,120,66,0.55,0.031812112739610106,0.0,0.18157013201610606
finite-mode-spin-boson-dephasing,+i,6.754424205218055,120,66,0.55,0.031812112739610106,0.0,0.18157013201610606
finite-mode-spin-boson-dephasing,-i,6.754424205218055,120,66,0.55,0.031812112739610106,0.0,0.18157013201610606
finite-mode-spin-boson-dephasing,cube_mmm,6.754424205218055,120,66,0.55,0.02597448128397902,0.0,0.14825139198974652
finite-mode-spin-boson-dephasing,cube_mmp,6.754424205218055,120,66,0.55,0.02597448128397902,0.0,0.14825139198974652
finite-mode-spin-boson-dephasing,cube_mpm,6.754424205218055,120,66,0.55,0.02597448128397902,0.0,0.14825139198974652
finite-mode-spin-boson-dephasing,cube_mpp,6.754424205218055,120,66,0.55,0.02597448128397902,0.0,0.14825139198974652
finite-mode-spin-boson-dephasing,cube_pmm,6.754424205218055,120,66,0.55,0.02597448128397902,0.0,0.14825139198974652
finite-mode-spin-boson-dephasing,cube_pmp,6.754424205218055,120,66,0.55,0.02597448128397902,0.0,0.14825139198974652
finite-mode-spin-boson-dephasing,cube_ppm,6.754424205218055,120,66,0.55,0.02597448128397902,0.0,0.14825139198974652
finite-mode-spin-boson-dephasing,cube_ppp,6.754424205218055,120,66,0.55,0.02597448128397902,0.0,0.14825139198974652
finite-mode-spin-boson-dephasing,0,6.911503837897545,120,120,1.0,6.615078855058224e-17,0.0,1.6653345369377348e-16
finite-mode-spin-boson-dephasing,1,6.911503837897545,120,120,1.0,6.615078855058224e-17,0.0,1.6653345369377348e-16
finite-mode-spin-boson-dephasing,+,6.911503837897545,120,66,0.55,0.013590737562081283,0.0,0.08830231956280382
finite-mode-spin-boson-dephasing,-,6.911503837897545,120,66,0.55,0.013590737562081283,0.0,0.08830231956280382
finite-mode-spin-boson-dephasing,+i,6.911503837897545,120,66,0.55,0.013590737562081283,0.0,0.08830231956280382
finite-mode-spin-boson-dephasing,-i,6.911503837897545,120,66,0.55,0.013590737562081283,0.0,0.08830231956280382
finite-mode-spin-boson-dephasing,cube_mmm,6.911503837897545,120,66,0.55,0.011096790751725394,0.0,0.07209854201101681
finite-mode-spin-boson-dephasing,cube_mmp,6.911503837897545,120,66,0.55,0.011096790751725394,0.0,0.07209854201101681
finite-mode-spin-boson-dephasing,cube_mpm,6.911503837897545,120,66,0.55,0.011096790751725394,0.0,0.07209854201101681
finite-mode-spin-boson-dephasing,cube_mpp,6.911503837897545,120,66,0.55,0.011096790751725394,0.0,0.07209854201101681
finite-mode-spin-boson-dephasing,cube_pmm,6.911503837897545,120,66,0.55,0.011096790751725394,0.0,0.07209854201101681
finite-mode-spin-boson-dephasing,cube_pmp,6.911503837897545,120,66,0.55,0.011096790751725394,0.0,0.07209854201101681
finite-mode-spin-boson-dephasing,cube_ppm,6.911503837897545,120,66,0.55,0.011096790751725394,0.0,0.07209854201101681
finite-mode-spin-boson-dephasing,cube_ppp,6.911503837897545,120,66,0.55,0.011096790751725394,0.0,0.07209854201101681
finite-mode-spin-boson-dephasing,0,7.0685834705770345,120,120,1.0,5.921189464667501e-17,0.0,1.1102230246251565e-16
finite-mode-spin-boson-dephasing,1,7.0685834705770345,120,120,1.0,5.921189464667501e-17,0.0,1.1102230246251565e-16
finite-mode-spin-boson-dephasing,+,7.0685834705770345,120,66,0.55,0.005301930041500187,0.0,0.037862389257838025
finite-mode-spin-boson-dephasing,-,7.0685834705770345,120,66,0.55,0.005301930041500187,0.0,0.037862389257838025
finite-mode-spin-boson-dephasing,+i,7.0685834705770345,120,66,0.55,0.005301930041500187,0.0,0.037862389257838025
finite-mode-spin-boson-dephasing,-i,7.0685834705770345,120,66,0.55,0.005301930041500187,0.0,0.037862389257838025
finite-mode-spin-boson-dephasing,cube_mmm,7.0685834705770345,120,66,0.55,0.004329007751202903,0.0,0.03091451137477944
finite-mode-spin-boson-dephasing,cube_mmp,7.0685834705770345,120,66,0.55,0.004329007751202903,0.0,0.03091451137477944
finite-mode-spin-boson-dephasing,cube_mpm,7.0685834705770345,120,66,0.55,0.004329007751202903,0.0,0.03091451137477944
finite-mode-spin-boson-dephasing,cube_mpp,7.0685834705770345,120,66,0.55,0.004329007751202903,0.0,0.03091451137477944
finite-mode-spin-boson-dephasing,cube_pmm,7.0685834705770345,120,66,0.55,0.004329007751202903,0.0,0.03091451137477944
finite-mode-spin-boson-dephasing,cube_pmp,7.0685834705770345,120,66,0.55,0.004329007751202903,0.0,0.03091451137477944
finite-mode-spin-boson-dephasing,cube_ppm,7.0685834705770345,120,66,0.55,0.004329007751202903,0.0,0.03091451137477944
finite-mode-spin-boson-dephasing,cube_ppp,7.0685834705770345,120,66,0.55,0.004329007751202903,0.0,0.03091451137477944
finite-mode-spin-boson-dephasing,0,7.225663103256524,120,120,1.0,6.245004513516506e-17,0.0,1.6653345369377348e-16
finite-mode-spin-boson-dephasing,1,7.225663103256524,120,120,1.0,6.245004513516506e-17,0.0,1.6653345369377348e-16
finite-mode-spin-boson-dephasing,+,7.225663103256524,120,66,0.55,0.0019920981741965342,0.0,0.015056285941093095
finite-mode-spin-boson-dephasing,-,7.225663103256524,120,66,0.55,0.0019920981741965342,0.0,0.015056285941093095
finite-mode-spin-boson-dephasing,+i,7.225663103256524,120,66,0.55,0.0019920981741965342,0.0,0.015056285941093095
finite-mode-spin-boson-dephasing,-i,7.225663103256524,120,66,0.55,0.0019920981741965342,0.0,0.015056285941093095
finite-mode-spin-boson-dephasing,cube_mmm,7.225663103256524,120,66,0.55,0.0016265413481038385,0.0,0.012293405992372709
finite-mode-spin-boson-dephasing,cube_mmp,7.225663103256524,120,66,0.55,0.0016265413481038385,0.0,0.012293405992372709
finite-mode-spin-boson-dephasing,cube_mpm,7.225663103256524,120,66,0.55,0.0016265413481038385,0.0,0.012293405992372709
finite-mode-spin-boson-dephasing,cube_mpp,7.225663103256524,120,66,0.55,0.0016265413481038385,0.0,0.012293405992372709
finite-mode-spin-boson-dephasing,cube_pmm,7.225663103256524,120,66,0.55,0.0016265413481038385,0.0,0.012293405992372709
finite-mode-spin-boson-dephasing,cube_pmp,7.225663103256524,120,66,0.55,0.0016265413481038385,0.0,0.012293405992372709
finite-mode-spin-boson-dephasing,cube_ppm,7.225663103256524,120,66,0.55,0.0016265413481038385,0.0,0.012293405992372709
finite-mode-spin-boson-dephasing,cube_ppp,7.225663103256524,120,66,0.55,0.0016265413481038385,0.0,0.012293405992372709
finite-mode-spin-boson-dephasing,0,7.382742735936014,120,120,1.0,5.828670879282072e-17,0.0,1.1102230246251565e-16
finite-mode-spin-boson-dephasing,1,7.382742735936014,120,120,1.0,5.828670879282072e-17,0.0,1.1102230246251565e-16
finite-mode-spin-boson-dephasing,+,7.382742735936014,120,66,0.55,0.0007516399600784779,0.0,0.005851580480266738
finite-mode-spin-boson-dephasing,-,7.382742735936014,120,66,0.55,0.0007516399600784779,0.0,0.005851580480266738
finite-mode-spin-boson-dephasing,+i,7.382742735936014,120,66,0.55,0.0007516399600784779,0.0,0.005851580480266738
finite-mode-spin-boson-dephasing,-i,7.382742735936014,120,66,0.55,0.0007516399600784779,0.0,0.005851580480266738
finite-mode-spin-boson-dephasing,cube_mmm,7.382742735936014,120,66,0.55,0.0006137114574927341,0.0,0.0047777954551612035
finite-mode-spin-boson-dephasing,cube_mmp,7.382742735936014,120,66,0.55,0.0006137114574927341,0.0,0.0047777954551612035
finite-mode-spin-boson-dephasing,cube_mpm,7.382742735936014,120,66,0.55,0.0006137114574927341,0.0,0.0047777954551612035
finite-mode-spin-boson-dephasing,cube_mpp,7.382742735936014,120,66,0.55,0.0006137114574927341,0.0,0.0047777954551612035
finite-mode-spin-boson-dephasing,cube_pmm,7.382742735936014,120,66,0.55,0.0006137114574927341,0.0,0.0047777954551612035
finite-mode-spin-boson-dephasing,cube_pmp,7.382742735936014,120,66,0.55,0.0006137114574927341,0.0,0.0047777954551612035
finite-mode-spin-boson-dephasing,cube_ppm,7.382742735936014,120,66,0.55,0.0006137114574927341,0.0,0.0047777954551612035
finite-mode-spin-boson-dephasing,cube_ppp,7.382742735936014,120,66,0.55,0.0006137114574927341,0.0,0.0047777954551612035
finite-mode-spin-boson-dephasing,0,7.5398223686155035,120,120,1.0,5.828670879282072e-17,0.0,1.1102230246251565e-16
finite-mode-spin-boson-dephasing,1,7.5398223686155035,120,120,1.0,5.828670879282072e-17,0.0,1.1102230246251565e-16
finite-mode-spin-boson-dephasing,+,7.5398223686155035,120,66,0.55,0.00029593443020203836,0.0,0.00233682900672208
finite-mode-spin-boson-dephasing,-,7.5398223686155035,120,66,0.55,0.00029593443020203836,0.0,0.00233682900672208
finite-mode-spin-boson-dephasing,+i,7.5398223686155035,120,66,0.55,0.00029593443020203836,0.0,0.00233682900672208
finite-mode-spin-boson-dephasing,-i,7.5398223686155035,120,66,0.55,0.00029593443020203836,0.0,0.00233682900672208
finite-mode-spin-boson-dephasing,cube_mmm,7.5398223686155035,120,66,0.55,0.00024162945043875613,0.0,0.0019080128942012952
finite-mode-spin-boson-dephasing,cube_mmp,7.5398223686155035,120,66,0.55,0.00024162945043875613,0.0,0.0019080128942012952
finite-mode-spin-boson-dephasing,cube_mpm,7.5398223686155035,120,66,0.55,0.00024162945043875613,0.0,0.0019080128942012952
finite-mode-spin-boson-dephasing,cube_mpp,7.5398223686155035,120,66,0.55,0.00024162945043875613,0.0,0.0019080128942012952
finite-mode-spin-boson-dephasing,cube_pmm,7.5398223686155035,120,66,0.55,0.00024162945043875613,0.0,0.0019080128942012952
finite-mode-spin-boson-dephasing,cube_pmp,7.5398223686155035,120,66,0.55,0.00024162945043875613,0.0,0.0019080128942012952
finite-mode-spin-boson-dephasing,cube_ppm,7.5398223686155035,120,66,0.55,0.00024162945043875613,0.0,0.0019080128942012952
finite-mode-spin-boson-dephasing,cube_ppp,7.5398223686155035,120,66,0.55,0.00024162945043875613,0.0,0.0019080128942012952
finite-mode-spin-boson-dephasing,0,7.696902001294993,120,120,1.0,8.326672684688674e-17,0.0,2.220446049250313e-16
finite-mode-spin-boson-dephasing,1,7.696902001294993,120,120,1.0,8.326672684688674e-17,0.0,2.220446049250313e-16
finite-mode-spin-boson-dephasing,+,7.696902001294993,120,66,0.55,0.0001260531546352912,0.0,0.001001930872083695
finite-mode-spin-boson-dephasing,-,7.696902001294993,120,66,0.55,0.0001260531546352912,0.0,0.001001930872083695
finite-mode-spin-boson-dephasing,+i,7.696902001294993,120,66,0.55,0.0001260531546352912,0.0,0.001001930872083695
finite-mode-spin-boson-dephasing,-i,7.696902001294993,120,66,0.55,0.0001260531546352912,0.0,0.001001930872083695
finite-mode-spin-boson-dephasing,cube_mmm,7.696902001294993,120,66,0.55,0.00010292196977485676,0.0,0.0008180731313822083
finite-mode-spin-boson-dephasing,cube_mmp,7.696902001294993,120,66,0.55,0.00010292196977485676,0.0,0.0008180731313822083
finite-mode-spin-boson-dephasing,cube_mpm,7.696902001294993,120,66,0.55,0.00010292196977485676,0.0,0.0008180731313822083
finite-mode-spin-boson-dephasing,cube_mpp,7.696902001294993,120,66,0.55,0.00010292196977485676,0.0,0.0008180731313822083
finite-mode-spin-boson-dephasing,cube_pmm,7.696902001294993,120,66,0.55,0.00010292196977485676,0.0,0.0008180731313822083
finite-mode-spin-boson-dephasing,cube_pmp,7.696902001294993,120,66,0.55,0.00010292196977485676,0.0,0.0008180731313822083
finite-mode-spin-boson-dephasing,cube_ppm,7.696902001294993,120,66,0.55,0.00010292196977485676,0.0,0.0008180731313822083
finite-mode-spin-boson-dephasing,cube_ppp,7.696902001294993,120,66,0.55,0.00010292196977485676,0.0,0.0008180731313822083
finite-mode-spin-boson-dephasing,0,7.853981633974483,120,120,1.0,5.828670879282072e-17,0.0,1.1102230246251565e-16
finite-mode-spin-boson-dephasing,1,7.853981633974483,120,120,1.0,5.828670879282072e-17,0.0,1.1102230246251565e-16
finite-mode-spin-boson-dephasing,+,7.853981633974483,120,66,0.55,5.9881985655880114e-05,0.0,0.00047741492615563375
finite-mode-spin-boson-dephasing,-,7.853981633974483,120,66,0.55,5.9881985655880114e-05,0.0,0.00047741492615563375
finite-mode-spin-boson-dephasing,+i,7.853981633974483,120,66,0.55,5.9881985655880114e-05,0.0,0.00047741492615563375
finite-mode-spin-boson-dephasing,-i,7.853981633974483,120,66,0.55,5.9881985655880114e-05,0.0,0.00047741492615563375
finite-mode-spin-boson-dephasing,cube_mmm,7.853981633974483,120,66,0.55,4.8893436547185236e-05,0.0,0.00038980765488992093
finite-mode-spin-boson-dephasing,cube_mmp,7.853981633974483,120,66,0.55,4.8893436547185236e-05,0.0,0.00038980765488992093
finite-mode-spin-boson-dephasing,cube_mpm,7.853981633974483,120,66,0.55,4.8893436547185236e-05,0.0,0.00038980765488992093
finite-mode-spin-boson-dephasing,cube_mpp,7.853981633974483,120,66,0.55,4.8893436547185236e-05,0.0,0.00038980765488992093
finite-mode-spin-boson-dephasing,cube_pmm,7.853981633974483,120,66,0.55,4.8893436547185236e-05,0.0,0.00038980765488992093
finite-mode-spin-boson-dephasing,cube_pmp,7.853981633974483,120,66,0.55,4.8893436547185236e-05,0.0,0.00038980765488992093
finite-mode-spin-boson-dephasing,cube_ppm,7.853981633974483,120,66,0.55,4.8893436547185236e-05,0.0,0.00038980765488992093
finite-mode-spin-boson-dephasing,cube_ppp,7.853981633974483,120,66,0.55,4.8893436547185236e-05,0.0,0.00038980765488992093
finite-mode-spin-boson-dephasing,0,8.011061266653972,120,120,1.0,7.216449660063518e-17,0.0,2.220446049250313e-16
finite-mode-spin-boson-dephasing,1,8.011061266653972,120,120,1.0,7.216449660063518e-17,0.0,2.220446049250313e-16
finite-mode-spin-boson-dephasing,+,8.011061266653972,120,66,0.55,3.240116401057175e-05,0.0,0.0002586864500460917
finite-mode-spin-boson-dephasing,-,8.011061266653972,120,66,0.55,3.240116401057175e-05,0.0,0.0002586864500460917
finite-mode-spin-boson-dephasing,+i,8.011061266653972,120,66,0.55,3.240116401057175e-05,0.0,0.0002586864500460917
finite-mode-spin-boson-dephasing,-i,8.011061266653972,120,66,0.55,3.240116401057175e-05,0.0,0.0002586864500460917
finite-mode-spin-boson-dephasing,cube_mmm,8.011061266653972,120,66,0.55,2.6455439632705318e-05,0.0,0.0002112166019949662
finite-mode-spin-boson-dephasing,cube_mmp,8.011061266653972,120,66,0.55,2.6455439632705318e-05,0.0,0.0002112166019949662
finite-mode-spin-boson-dephasing,cube_mpm,8.011061266653972,120,66,0.55,2.6455439632705318e-05,0.0,0.0002112166019949662
finite-mode-spin-boson-dephasing,cube_mpp,8.011061266653972,120,66,0.55,2.6455439632705318e-05,0.0,0.0002112166019949662
finite-mode-spin-boson-dephasing,cube_pmm,8.011061266653972,120,66,0.55,2.6455439632705318e-05,0.0,0.0002112166019949662
finite-mode-spin-boson-dephasing,cube_pmp,8.011061266653972,120,66,0.55,2.6455439632705318e-05,0.0,0.0002112166019949662
finite-mode-spin-boson-dephasing,cube_ppm,8.011061266653972,120,66,0.55,2.6455439632705318e-05,0.0,0.0002112166019949662
finite-mode-spin-boson-dephasing,cube_ppp,8.011061266653972,120,66,0.55,2.6455439632705318e-05,0.0,0.0002112166019949662
finite-mode-spin-boson-dephasing,0,8.168140899333462,120,120,1.0,5.828670879282072e-17,0.0,1.1102230246251565e-16
finite-mode-spin-boson-dephasing,1,8.168140899333462,120,120,1.0,5.828670879282072e-17,0.0,1.1102230246251565e-16
finite-mode-spin-boson-dephasing,+,8.168140899333462,120,66,0.55,2.0159833453493176e-05,0.0,0.0001610567269905161
finite-mode-spin-boson-dephasing,-,8.168140899333462,120,66,0.55,2.0159833453493176e-05,0.0,0.0001610567269905161
finite-mode-spin-boson-dephasing,+i,8.168140899333462,120,66,0.55,2.0159833453493176e-05,0.0,0.0001610567269905161
finite-mode-spin-boson-dephasing,-i,8.168140899333462,120,66,0.55,2.0159833453493176e-05,0.0,0.0001610567269905161
finite-mode-spin-boson-dephasing,cube_mmm,8.168140899333462,120,66,0.55,1.6460435086849078e-05,0.0,0.00013150226692317841
finite-mode-spin-boson-dephasing,cube_mmp,8.168140899333462,120,66,0.55,1.6460435086849078e-05,0.0,0.00013150226692317841
finite-mode-spin-boson-dephasing,cube_mpm,8.168140899333462,120,66,0.55,1.6460435086849078e-05,0.0,0.00013150226692317841
finite-mode-spin-boson-dephasing,cube_mpp,8.168140899333462,120,66,0.55,1.6460435086849078e-05,0.0,0.00013150226692317841
finite-mode-spin-boson-dephasing,cube_pmm,8.168140899333462,120,66,0.55,1.6460435086849078e-05,0.0,0.00013150226692317841
finite-mode-spin-boson-dephasing,cube_pmp,8.168140899333462,120,66,0.55,1.6460435086849078e-05,0.0,0.00013150226692317841
finite-mode-spin-boson-dephasing,cube_ppm,8.168140899333462,120,66,0.55,1.6460435086849078e-05,0.0,0.00013150226692317841
finite-mode-spin-boson-dephasing,cube_ppp,8.168140899333462,120,66,0.55,1.6460435086849078e-05,0.0,0.00013150226692317841
finite-mode-spin-boson-dephasing,0,8.325220532012953,120,120,1.0,7.123931074678088e-17,0.0,1.6653345369377348e-16
finite-mode-spin-boson-dephasing,1,8.325220532012953,120,120,1.0,7.123931074678088e-17,0.0,1.6653345369377348e-16
finite-mode-spin-boson-dephasing,+,8.325220532012953,120,66,0.55,1.4389725705069486e-05,0.0,0.00011498594510767068
finite-mode-spin-boson-dephasing,-,8.325220532012953,120,66,0.55,1.4389725705069486e-05,0.0,0.00011498594510767068
finite-mode-spin-boson-dephasing,+i,8.325220532012953,120,66,0.55,1.4389725705069486e-05,0.0,0.00011498594510767068
finite-mode-spin-boson-dephasing,-i,8.325220532012953,120,66,0.55,1.4389725705069486e-05,0.0,0.00011498594510767068
finite-mode-spin-boson-dephasing,cube_mmm,8.325220532012953,120,66,0.55,1.1749161838688266e-05,0.0,9.388563103517988e-05
finite-mode-spin-boson-dephasing,cube_mmp,8.325220532012953,120,66,0.55,1.1749161838688266e-05,0.0,9.388563103517988e-05
finite-mode-spin-boson-dephasing,cube_mpm,8.325220532012953,120,66,0.55,1.1749161838688266e-05,0.0,9.388563103517988e-05
finite-mode-spin-boson-dephasing,cube_mpp,8.325220532012953,120,66,0.55,1.1749161838688266e-05,0.0,9.388563103517988e-05
finite-mode-spin-boson-dephasing,cube_pmm,8.325220532012953,120,66,0.55,1.1749161838688266e-05,0.0,9.388563103517988e-05
finite-mode-spin-boson-dephasing,cube_pmp,8.325220532012953,120,66,0.55,1.1749161838688266e-05,0.0,9.388563103517988e-05
finite-mode-spin-boson-dephasing,cube_ppm,8.325220532012953,120,66,0.55,1.1749161838688266e-05,0.0,9.388563103517988e-05
finite-mode-spin-boson-dephasing,cube_ppp,8.325220532012953,120,66,0.55,1.1749161838688266e-05,0.0,9.388563103517988e-05
finite-mode-spin-boson-dephasing,0,8.482300164692441,120,120,1.0,5.828670879282072e-17,0.0,1.1102230246251565e-16
finite-mode-spin-boson-dephasing,1,8.482300164692441,120,120,1.0,5.828670879282072e-17,0.0,1.1102230246251565e-16
finite-mode-spin-boson-dephasing,+,8.482300164692441,120,66,0.55,1.1629349707374207e-05,0.0,9.2924862872934e-05
finite-mode-spin-boson-dephasing,-,8.482300164692441,120,66,0.55,1.1629349707374207e-05,0.0,9.2924862872934e-05
finite-mode-spin-boson-dephasing,+i,8.482300164692441,120,66,0.55,1.1629349707374207e-05,0.0,9.2924862872934e-05
finite-mode-spin-boson-dephasing,-i,8.482300164692441,120,66,0.55,1.1629349707374207e-05,0.0,9.2924862872934e-05
finite-mode-spin-boson-dephasing,cube_mmm,8.482300164692441,120,66,0.55,9.495324274483145e-06,0.0,7.587283281894187e-05
finite-mode-spin-boson-dephasing,cube_mmp,8.482300164692441,120,66,0.55,9.495324274483145e-06,0.0,7.587283281894187e-05
finite-mode-spin-boson-dephasing,cube_mpm,8.482300164692441,120,66,0.55,9.495324274483145e-06,0.0,7.587283281894187e-05
finite-mode-spin-boson-dephasing,cube_mpp,8.482300164692441,120,66,0.55,9.495324274483145e-06,0.0,7.587283281894187e-05
finite-mode-spin-boson-dephasing,cube_pmm,8.482300164692441,120,66,0.55,9.495324274483145e-06,0.0,7.587283281894187e-05
finite-mode-spin-boson-dephasing,cube_pmp,8.482300164692441,120,66,0.55,9.495324274483145e-06,0.0,7.587283281894187e-05
finite-mode-spin-boson-dephasing,cube_ppm,8.482300164692441,120,66,0.55,9.495324274483145e-06,0.0,7.587283281894187e-05
finite-mode-spin-boson-dephasing,cube_ppp,8.482300164692441,120,66,0.55,9.495324274483145e-06,0.0,7.587283281894187e-05
finite-mode-spin-boson-dephasing,0,8.63937979737193,120,120,1.0,5.828670879282072e-17,0.0,1.1102230246251565e-16
finite-mode-spin-boson-dephasing,1,8.63937979737193,120,120,1.0,5.828670879282072e-17,0.0,1.1102230246251565e-16
finite-mode-spin-boson-dephasing,+,8.63937979737193,120,66,0.55,1.04141579289653e-05,0.0,8.319015390828577e-05
finite-mode-spin-boson-dephasing,-,8.63937979737193,120,66,0.55,1.04141579289653e-05,0.0,8.319015390828577e-05
finite-mode-spin-boson-dephasing,+i,8.63937979737193,120,66,0.55,1.04141579289653e-05,0.0,8.319015390828577e-05
finite-mode-spin-boson-dephasing,-i,8.63937979737193,120,66,0.55,1.04141579289653e-05,0.0,8.319015390828577e-05
finite-mode-spin-boson-dephasing,cube_mmm,8.63937979737193,120,66,0.55,8.503124342245235e-06,0.0,6.792447623296456e-05
finite-mode-spin-boson-dephasing,cube_mmp,8.63937979737193,120,66,0.55,8.503124342245235e-06,0.0,6.792447623296456e-05
finite-mode-spin-boson-dephasing,cube_mpm,8.63937979737193,120,66,0.55,8.503124342245235e-06,0.0,6.792447623296456e-05
finite-mode-spin-boson-dephasing,cube_mpp,8.63937979737193,120,66,0.55,8.503124342245235e-06,0.0,6.792447623296456e-05
finite-mode-spin-boson-dephasing,cube_pmm,8.63937979737193,120,66,0.55,8.503124342245235e-06,0.0,6.792447623296456e-05
finite-mode-spin-boson-dephasing,cube_pmp,8.63937979737193,120,66,0.55,8.503124342245235e-06,0.0,6.792447623296456e-05
finite-mode-spin-boson-dephasing,cube_ppm,8.63937979737193,120,66,0.55,8.503124342245235e-06,0.0,6.792447623296456e-05
finite-mode-spin-boson-dephasing,cube_ppp,8.63937979737193,120,66,0.55,8.503124342245235e-06,0.0,6.792447623296456e-05
finite-mode-spin-boson-dephasing,0,8.79645943005142,120,120,1.0,5.782411586589357e-17,0.0,1.6653345369377348e-16
finite-mode-spin-boson-dephasing,1,8.79645943005142,120,120,1.0,5.782411586589357e-17,0.0,1.6653345369377348e-16
finite-mode-spin-boson-dephasing,+,8.79645943005142,120,66,0.55,1.005880345440191e-05,0.0,8.030415060605867e-05
finite-mode-spin-boson-dephasing,-,8.79645943005142,120,66,0.55,1.005880345440191e-05,0.0,8.030415060605867e-05
finite-mode-spin-boson-dephasing,+i,8.79645943005142,120,66,0.55,1.005880345440191e-05,0.0,8.030415060605867e-05
finite-mode-spin-boson-dephasing,-i,8.79645943005142,120,66,0.55,1.005880345440191e-05,0.0,8.030415060605867e-05
finite-mode-spin-boson-dephasing,cube_mmm,8.79645943005142,120,66,0.55,8.212978628738183e-06,0.0,6.556806440414543e-05
finite-mode-spin-boson-dephasing,cube_mmp,8.79645943005142,120,66,0.55,8.212978628738183e-06,0.0,6.556806440414543e-05
finite-mode-spin-boson-dephasing,cube_mpm,8.79645943005142,120,66,0.55,8.212978628738183e-06,0.0,6.556806440414543e-05
finite-mode-spin-boson-dephasing,cube_mpp,8.79645943005142,120,66,0.55,8.212978628738183e-06,0.0,6.556806440414543e-05
finite-mode-spin-boson-dephasing,cube_pmm,8.79645943005142,120,66,0.55,8.212978628738183e-06,0.0,6.556806440414543e-05
finite-mode-spin-boson-dephasing,cube_pmp,8.79645943005142,120,66,0.55,8.212978628738183e-06,0.0,6.556806440414543e-05
finite-mode-spin-boson-dephasing,cube_ppm,8.79645943005142,120,66,0.55,8.212978628738183e-06,0.0,6.556806440414543e-05
finite-mode-spin-boson-dephasing,cube_ppp,8.79645943005142,120,66,0.55,8.212978628738183e-06,0.0,6.556806440414543e-05
finite-mode-spin-boson-dephasing,0,8.953539062730911,120,120,1.0,5.828670879282072e-17,0.0,1.1102230246251565e-16
finite-mode-spin-boson-dephasing,1,8.953539062730911,120,120,1.0,5.828670879282072e-17,0.0,1.1102230246251565e-16
finite-mode-spin-boson-dephasing,+,8.953539062730911,120,66,0.55,1.0181546929489277e-05,0.0,8.120776101666616e-05
finite-mode-spin-boson-dephasing,-,8.953539062730911,120,66,0.55,1.0181546929489277e-05,0.0,8.120776101666616e-05
finite-mode-spin-boson-dephasing,+i,8.953539062730911,120,66,0.55,1.0181546929489277e-05,0.0,8.120776101666616e-05
finite-mode-spin-boson-dephasing,-i,8.953539062730911,120,66,0.55,1.0181546929489277e-05,0.0,8.120776101666616e-05
finite-mode-spin-boson-dephasing,cube_mmm,8.953539062730911,120,66,0.55,8.313198256481652e-06,0.0,6.630585921487374e-05
finite-mode-spin-boson-dephasing,cube_mmp,8.953539062730911,120,66,0.55,8.313198256481652e-06,0.0,6.630585921487374e-05
finite-mode-spin-boson-dephasing,cube_mpm,8.953539062730911,120,66,0.55,8.313198256481652e-06,0.0,6.630585921487374e-05
finite-mode-spin-boson-dephasing,cube_mpp,8.953539062730911,120,66,0.55,8.313198256481652e-06,0.0,6.630585921487374e-05
finite-mode-spin-boson-dephasing,cube_pmm,8.953539062730911,120,66,0.55,8.313198256481652e-06,0.0,6.630585921487374e-05
finite-mode-spin-boson-dephasing,cube_pmp,8.953539062730911,120,66,0.55,8.313198256481652e-06,0.0,6.630585921487374e-05
finite-mode-spin-boson-dephasing,cube_ppm,8.953539062730911,120,66,0.55,8.313198256481652e-06,0.0,6.630585921487374e-05
finite-mode-spin-boson-dephasing,cube_ppp,8.953539062730911,120,66,0.55,8.313198256481652e-06,0.0,6.630585921487374e-05
finite-mode-spin-boson-dephasing,0,9.1106186954104,120,120,1.0,5.828670879282072e-17,0.0,1.1102230246251565e-16
finite-mode-spin-boson-dephasing,1,9.1106186954104,120,120,1.0,5.828670879282072e-17,0.0,1.1102230246251565e-16
finite-mode-spin-boson-dephasing,+,9.1106186954104,120,66,0.55,1.0512889003864063e-05,0.0,8.373065294611792e-05
finite-mode-spin-boson-dephasing,-,9.1106186954104,120,66,0.55,1.0512889003864063e-05,0.0,8.373065294611792e-05
finite-mode-spin-boson-dephasing,+i,9.1106186954104,120,66,0.55,1.0512889003864063e-05,0.0,8.373065294611792e-05
finite-mode-spin-boson-dephasing,-i,9.1106186954104,120,66,0.55,1.0512889003864063e-05,0.0,8.373065294611792e-05
finite-mode-spin-boson-dephasing,cube_mmm,9.1106186954104,120,66,0.55,8.583737927328618e-06,0.0,6.836579184936547e-05
finite-mode-spin-boson-dephasing,cube_mmp,9.1106186954104,120,66,0.55,8.583737927328618e-06,0.0,6.836579184936547e-05
finite-mode-spin-boson-dephasing,cube_mpm,9.1106186954104,120,66,0.55,8.583737927328618e-06,0.0,6.836579184936547e-05
finite-mode-spin-boson-dephasing,cube_mpp,9.1106186954104,120,66,0.55,8.583737927328618e-06,0.0,6.836579184936547e-05
finite-mode-spin-boson-dephasing,cube_pmm,9.1106186954104,120,66,0.55,8.583737927328618e-06,0.0,6.836579184936547e-05
finite-mode-spin-boson-dephasing,cube_pmp,9.1106186954104,120,66,0.55,8.583737927328618e-06,0.0,6.836579184936547e-05
finite-mode-spin-boson-dephasing,cube_ppm,9.1106186954104,120,66,0.55,8.583737927328618e-06,0.0,6.836579184936547e-05
finite-mode-spin-boson-dephasing,cube_ppp,9.1106186954104,120,66,0.55,8.583737927328618e-06,0.0,6.836579184936547e-05
finite-mode-spin-boson-dephasing,0,9.267698328089889,120,120,1.0,8.326672684688674e-17,0.0,2.220446049250313e-16
finite-mode-spin-boson-dephasing,1,9.267698328089889,120,120,1.0,8.326672684688674e-17,0.0,2.220446049250313e-16
finite-mode-spin-boson-dephasing,+,9.267698328089889,120,66,0.55,1.083564059339385e-05,0.0,8.610512350815114e-05
finite-mode-spin-boson-dephasing,-,9.267698328089889,120,66,0.55,1.083564059339385e-05,0.0,8.610512350815114e-05
finite-mode-spin-boson-dephasing,+i,9.267698328089889,120,66,0.55,1.083564059339385e-05,0.0,8.610512350815114e-05
finite-mode-spin-boson-dephasing,-i,9.267698328089889,120,66,0.55,1.083564059339385e-05,0.0,8.610512350815114e-05
finite-mode-spin-boson-dephasing,cube_mmm,9.267698328089889,120,66,0.55,8.84726349665992e-06,0.0,7.030453894475576e-05
finite-mode-spin-boson-dephasing,cube_mmp,9.267698328089889,120,66,0.55,8.84726349665992e-06,0.0,7.030453894475576e-05
finite-mode-spin-boson-dephasing,cube_mpm,9.267698328089889,120,66,0.55,8.84726349665992e-06,0.0,7.030453894475576e-05
finite-mode-spin-boson-dephasing,cube_mpp,9.267698328089889,120,66,0.55,8.84726349665992e-06,0.0,7.030453894475576e-05
finite-mode-spin-boson-dephasing,cube_pmm,9.267698328089889,120,66,0.55,8.84726349665992e-06,0.0,7.030453894475576e-05
finite-mode-spin-boson-dephasing,cube_pmp,9.267698328089889,120,66,0.55,8.84726349665992e-06,0.0,7.030453894475576e-05
finite-mode-spin-boson-dephasing,cube_ppm,9.267698328089889,120,66,0.55,8.84726349665992e-06,0.0,7.030453894475576e-05
finite-mode-spin-boson-dephasing,cube_ppp,9.267698328089889,120,66,0.55,8.84726349665992e-06,0.0,7.030453894475576e-05
finite-mode-spin-boson-dephasing,0,9.42477796076938,120,120,1.0,6.38378239159465e-17,0.0,1.6653345369377348e-16
finite-mode-spin-boson-dephasing,1,9.42477796076938,120,120,1.0,6.38378239159465e-17,0.0,1.6653345369377348e-16
finite-mode-spin-boson-dephasing,+,9.42477796076938,120,66,0.55,1.0997893234136052e-05,0.0,8.705583744103573e-05
finite-mode-spin-boson-dephasing,-,9.42477796076938,120,66,0.55,1.0997893234136052e-05,0.0,8.705583744103573e-05
finite-mode-spin-boson-dephasing,+i,9.42477796076938,120,66,0.55,1.0997893234136052e-05,0.0,8.705583744103573e-05
finite-mode-spin-boson-dephasing,-i,9.42477796076938,120,66,0.55,1.0997893234136052e-05,0.0,8.705583744103573e-05
finite-mode-spin-boson-dephasing,cube_mmm,9.42477796076938,120,66,0.55,8.979742223083485e-06,0.0,7.108079362040505e-05
finite-mode-spin-boson-dephasing,cube_mmp,9.42477796076938,120,66,0.55,8.979742223083485e-06,0.0,7.108079362040505e-05
finite-mode-spin-boson-dephasing,cube_mpm,9.42477796076938,120,66,0.55,8.979742223083485e-06,0.0,7.108079362040505e-05
finite-mode-spin-boson-dephasing,cube_mpp,9.42477796076938,120,66,0.55,8.979742223083485e-06,0.0,7.108079362040505e-05
finite-mode-spin-boson-dephasing,cube_pmm,9.42477796076938,120,66,0.55,8.979742223083485e-06,0.0,7.108079362040505e-05
finite-mode-spin-boson-dephasing,cube_pmp,9.42477796076938,120,66,0.55,8.979742223083485e-06,0.0,7.108079362040505e-05
finite-mode-spin-boson-dephasing,cube_ppm,9.42477796076938,120,66,0.55,8.979742223083485e-06,0.0,7.108079362040505e-05
finite-mode-spin-boson-dephasing,cube_ppp,9.42477796076938,120,66,0.55,8.979742223083485e-06,0.0,7.108079362040505e-05
finite-mode-spin-boson-dephasing,0,9.58185759344887,120,120,1.0,7.540264708912522e-17,0.0,2.220446049250313e-16
finite-mode-spin-boson-dephasing,1,9.58185759344887,120,120,1.0,7.540264708912522e-17,0.0,2.220446049250313e-16
finite-mode-spin-boson-dephasing,+,9.58185759344887,120,66,0.55,1.095630087656387e-05,0.0,8.610512350815114e-05
finite-mode-spin-boson-dephasing,-,9.58185759344887,120,66,0.55,1.095630087656387e-05,0.0,8.610512350815114e-05
finite-mode-spin-boson-dephasing,+i,9.58185759344887,120,66,0.55,1.095630087656387e-05,0.0,8.610512350815114e-05
finite-mode-spin-boson-dephasing,-i,9.58185759344887,120,66,0.55,1.095630087656387e-05,0.0,8.610512350815114e-05
finite-mode-spin-boson-dephasing,cube_mmm,9.58185759344887,120,66,0.55,8.94578220532594e-06,0.0,7.030453894475576e-05
finite-mode-spin-boson-dephasing,cube_mmp,9.58185759344887,120,66,0.55,8.94578220532594e-06,0.0,7.030453894475576e-05
finite-mode-spin-boson-dephasing,cube_mpm,9.58185759344887,120,66,0.55,8.94578220532594e-06,0.0,7.030453894475576e-05
finite-mode-spin-boson-dephasing,cube_mpp,9.58185759344887,120,66,0.55,8.94578220532594e-06,0.0,7.030453894475576e-05
finite-mode-spin-boson-dephasing,cube_pmm,9.58185759344887,120,66,0.55,8.94578220532594e-06,0.0,7.030453894475576e-05
finite-mode-spin-boson-dephasing,cube_pmp,9.58185759344887,120,66,0.55,8.94578220532594e-06,0.0,7.030453894475576e-05
finite-mode-spin-boson-dephasing,cube_ppm,9.58185759344887,120,66,0.55,8.94578220532594e-06,0.0,7.030453894475576e-05
finite-mode-spin-boson-dephasing,cube_ppp,9.58185759344887,120,66,0.55,8.94578220532594e-06,0.0,7.030453894475576e-05
finite-mode-spin-boson-dephasing,0,9.738937226128359,120,120,1.0,6.522560269672795e-17,0.0,1.6653345369377348e-16
finite-mode-spin-boson-dephasing,1,9.738937226128359,120,120,1.0,6.522560269672795e-17,0.0,1.6653345369377348e-16
finite-mode-spin-boson-dephasing,+,9.738937226128359,120,56,0.4666666666666667,1.0818258748017858e-05,0.0,8.373065294611792e-05
finite-mode-spin-boson-dephasing,-,9.738937226128359,120,56,0.4666666666666667,1.0818258748017858e-05,0.0,8.373065294611792e-05
finite-mode-spin-boson-dephasing,+i,9.738937226128359,120,56,0.4666666666666667,1.0818258748017858e-05,0.0,8.373065294611792e-05
finite-mode-spin-boson-dephasing,-i,9.738937226128359,120,56,0.4666666666666667,1.0818258748017858e-05,0.0,8.373065294611792e-05
finite-mode-spin-boson-dephasing,cube_mmm,9.738937226128359,120,66,0.55,8.833071279350166e-06,0.0,6.836579184936547e-05
finite-mode-spin-boson-dephasing,cube_mmp,9.738937226128359,120,66,0.55,8.833071279350166e-06,0.0,6.836579184936547e-05
finite-mode-spin-boson-dephasing,cube_mpm,9.738937226128359,120,66,0.55,8.833071279350166e-06,0.0,6.836579184936547e-05
finite-mode-spin-boson-dephasing,cube_mpp,9.738937226128359,120,66,0.55,8.833071279350166e-06,0.0,6.836579184936547e-05
finite-mode-spin-boson-dephasing,cube_pmm,9.738937226128359,120,66,0.55,8.833071279350166e-06,0.0,6.836579184936547e-05
finite-mode-spin-boson-dephasing,cube_pmp,9.738937226128359,120,66,0.55,8.833071279350166e-06,0.0,6.836579184936547e-05
finite-mode-spin-boson-dephasing,cube_ppm,9.738937226128359,120,66,0.55,8.833071279350166e-06,0.0,6.836579184936547e-05
finite-mode-spin-boson-dephasing,cube_ppp,9.738937226128359,120,66,0.55,8.833071279350166e-06,0.0,6.836579184936547e-05
finite-mode-spin-boson-dephasing,0,9.896016858807847,120,120,1.0,6.938893903907228e-17,0.0,2.220446049250313e-16
finite-mode-spin-boson-dephasing,1,9.896016858807847,120,120,1.0,6.938893903907228e-17,0.0,2.220446049250313e-16
finite-mode-spin-boson-dephasing,+,9.896016858807847,120,55,0.4583333333333333,1.0847713987446189e-05,0.0,8.120776101666616e-05
finite-mode-spin-boson-dephasing,-,9.896016858807847,120,55,0.4583333333333333,1.0847713987446189e-05,0.0,8.120776101666616e-05
finite-mode-spin-boson-dephasing,+i,9.896016858807847,120,55,0.4583333333333333,1.0847713987446189e-05,0.0,8.120776101666616e-05
finite-mode-spin-boson-dephasing,-i,9.896016858807847,120,55,0.4583333333333333,1.0847713987446189e-05,0.0,8.120776101666616e-05
finite-mode-spin-boson-dephasing,cube_mmm,9.896016858807847,120,55,0.4583333333333333,8.857121381630362e-06,0.0,6.630585921487374e-05
finite-mode-spin-boson-dephasing,cube_mmp,9.896016858807847,120,55,0.4583333333333333,8.857121381630362e-06,0.0,6.630585921487374e-05
finite-mode-spin-boson-dephasing,cube_mpm,9.896016858807847,120,55,0.4583333333333333,8.857121381630362e-06,0.0,6.630585921487374e-05
finite-mode-spin-boson-dephasing,cube_mpp,9.896016858807847,120,55,0.4583333333333333,8.857121381630362e-06,0.0,6.630585921487374e-05
finite-mode-spin-boson-dephasing,cube_pmm,9.896016858807847,120,55,0.4583333333333333,8.857121381630362e-06,0.0,6.630585921487374e-05
finite-mode-spin-boson-dephasing,cube_pmp,9.896016858807847,120,55,0.4583333333333333,8.857121381630362e-06,0.0,6.630585921487374e-05
finite-mode-spin-boson-dephasing,cube_ppm,9.896016858807847,120,55,0.4583333333333333,8.857121381630362e-06,0.0,6.630585921487374e-05
finite-mode-spin-boson-dephasing,cube_ppp,9.896016858807847,120,55,0.4583333333333333,8.857121381630362e-06,0.0,6.630585921487374e-05
finite-mode-spin-boson-dephasing,0,10.053096491487338,120,120,1.0,7.123931074678088e-17,0.0,1.6653345369377348e-16
finite-mode-spin-boson-dephasing,1,10.053096491487338,120,120,1.0,7.123931074678088e-17,0.0,1.6653345369377348e-16
finite-mode-spin-boson-dephasing,+,10.053096491487338,120,55,0.4583333333333333,1.1532814896791458e-05,0.0,8.030415060605867e-05
finite-mode-spin-boson-dephasing,-,10.053096491487338,120,55,0.4583333333333333,1.1532814896791458e-05,0.0,8.030415060605867e-05
finite-mode-spin-boson-dephasing,+i,10.053096491487338,120,55,0.4583333333333333,1.1532814896791458e-05,0.0,8.030415060605867e-05
finite-mode-spin-boson-dephasing,-i,10.053096491487338,120,55,0.4583333333333333,1.1532814896791458e-05,0.0,8.030415060605867e-05
finite-mode-spin-boson-dephasing,cube_mmm,10.053096491487338,120,55,0.4583333333333333,9.416503931700877e-06,0.0,6.556806440414543e-05
finite-mode-spin-boson-dephasing,cube_mmp,10.053096491487338,120,55,0.4583333333333333,9.416503931700877e-06,0.0,6.556806440414543e-05
finite-mode-spin-boson-dephasing,cube_mpm,10.053096491487338,120,55,0.4583333333333333,9.416503931700877e-06,0.0,6.556806440414543e-05
finite-mode-spin-boson-dephasing,cube_mpp,10.053096491487338,120,55,0.4583333333333333,9.416503931700877e-06,0.0,6.556806440414543e-05
finite-mode-spin-boson-dephasing,cube_pmm,10.053096491487338,120,55,0.4583333333333333,9.416503931700877e-06,0.0,6.556806440414543e-05
finite-mode-spin-boson-dephasing,cube_pmp,10.053096491487338,120,55,0.4583333333333333,9.416503931700877e-06,0.0,6.556806440414543e-05
finite-mode-spin-boson-dephasing,cube_ppm,10.053096491487338,120,55,0.4583333333333333,9.416503931700877e-06,0.0,6.556806440414543e-05
finite-mode-spin-boson-dephasing,cube_ppp,10.053096491487338,120,55,0.4583333333333333,9.416503931700877e-06,0.0,6.556806440414543e-05
finite-mode-spin-boson-dephasing,0,10.210176124166829,120,120,1.0,5.828670879282072e-17,0.0,1.1102230246251565e-16
finite-mode-spin-boson-dephasing,1,10.210176124166829,120,120,1.0,5.828670879282072e-17,0.0,1.1102230246251565e-16
finite-mode-spin-boson-dephasing,+,10.210176124166829,120,45,0.375,1.3836357146424876e-05,0.0,8.319015390828577e-05
finite-mode-spin-boson-dephasing,-,10.210176124166829,120,45,0.375,1.3836357146424876e-05,0.0,8.319015390828577e-05
finite-mode-spin-boson-dephasing,+i,10.210176124166829,120,45,0.375,1.3836357146424876e-05,0.0,8.319015390828577e-05
finite-mode-spin-boson-dephasing,-i,10.210176124166829,120,45,0.375,1.3836357146424876e-05,0.0,8.319015390828577e-05
finite-mode-spin-boson-dephasing,cube_mmm,10.210176124166829,120,45,0.375,1.1297338302556779e-05,0.0,6.792447623296456e-05
finite-mode-spin-boson-dephasing,cube_mmp,10.210176124166829,120,45,0.375,1.1297338302556779e-05,0.0,6.792447623296456e-05
finite-mode-spin-boson-dephasing,cube_mpm,10.210176124166829,120,45,0.375,1.1297338302556779e-05,0.0,6.792447623296456e-05
finite-mode-spin-boson-dephasing,cube_mpp,10.210176124166829,120,45,0.375,1.1297338302556779e-05,0.0,6.792447623296456e-05
finite-mode-spin-boson-dephasing,cube_pmm,10.210176124166829,120,45,0.375,1.1297338302556779e-05,0.0,6.792447623296456e-05
finite-mode-spin-boson-dephasing,cube_pmp,10.210176124166829,120,45,0.375,1.1297338302556779e-05,0.0,6.792447623296456e-05
finite-mode-spin-boson-dephasing,cube_ppm,10.210176124166829,120,45,0.375,1.1297338302556779e-05,0.0,6.792447623296456e-05
finite-mode-spin-boson-dephasing,cube_ppp,10.210176124166829,120,45,0.375,1.1297338302556779e-05,0.0,6.792447623296456e-05
finite-mode-spin-boson-dephasing,0,10.367255756846317,120,120,1.0,6.522560269672795e-17,0.0,1.6653345369377348e-16
finite-mode-spin-boson-dephasing,1,10.367255756846317,120,120,1.0,6.522560269672795e-17,0.0,1.6653345369377348e-16
finite-mode-spin-boson-dephasing,+,10.367255756846317,120,45,0.375,1.9941783390702247e-05,0.0,9.2924862872934e-05
finite-mode-spin-boson-dephasing,-,10.367255756846317,120,45,0.375,1.9941783390702247e-05,0.0,9.2924862872934e-05
finite-mode-spin-boson-dephasing,+i,10.367255756846317,120,45,0.375,1.9941783390702247e-05,0.0,9.2924862872934e-05
finite-mode-spin-boson-dephasing,-i,10.367255756846317,120,45,0.375,1.9941783390702247e-05,0.0,9.2924862872934e-05
finite-mode-spin-boson-dephasing,cube_mmm,10.367255756846317,120,45,0.375,1.6282397956112336e-05,0.0,7.587283281894187e-05
finite-mode-spin-boson-dephasing,cube_mmp,10.367255756846317,120,45,0.375,1.6282397956112336e-05,0.0,7.587283281894187e-05
finite-mode-spin-boson-dephasing,cube_mpm,10.367255756846317,120,45,0.375,1.6282397956112336e-05,0.0,7.587283281894187e-05
finite-mode-spin-boson-dephasing,cube_mpp,10.367255756846317,120,45,0.375,1.6282397956112336e-05,0.0,7.587283281894187e-05
finite-mode-spin-boson-dephasing,cube_pmm,10.367255756846317,120,45,0.375,1.6282397956112336e-05,0.0,7.587283281894187e-05
finite-mode-spin-boson-dephasing,cube_pmp,10.367255756846317,120,45,0.375,1.6282397956112336e-05,0.0,7.587283281894187e-05
finite-mode-spin-boson-dephasing,cube_ppm,10.367255756846317,120,45,0.375,1.6282397956112336e-05,0.0,7.587283281894187e-05
finite-mode-spin-boson-dephasing,cube_ppp,10.367255756846317,120,45,0.375,1.6282397956112336e-05,0.0,7.587283281894187e-05
finite-mode-spin-boson-dephasing,0,10.524335389525806,120,120,1.0,6.846375318521799e-17,0.0,1.6653345369377348e-16
finite-mode-spin-boson-dephasing,1,10.524335389525806,120,120,1.0,6.846375318521799e-17,0.0,1.6653345369377348e-16
finite-mode-spin-boson-dephasing,+,10.524335389525806,120,45,0.375,3.6232517648956036e-05,0.0,0.0001760764492975131
finite-mode-spin-boson-dephasing,-,10.524335389525806,120,45,0.375,3.6232517648956036e-05,0.0,0.0001760764492975131
finite-mode-spin-boson-dephasing,+i,10.524335389525806,120,45,0.375,3.6232517648956036e-05,0.0,0.0001760764492975131
finite-mode-spin-boson-dephasing,-i,10.524335389525806,120,45,0.375,3.6232517648956036e-05,0.0,0.0001760764492975131
finite-mode-spin-boson-dephasing,cube_mmm,10.524335389525806,120,45,0.375,2.958372677877841e-05,0.0,0.0001437658188332974
finite-mode-spin-boson-dephasing,cube_mmp,10.524335389525806,120,45,0.375,2.958372677877841e-05,0.0,0.0001437658188332974
finite-mode-spin-boson-dephasing,cube_mpm,10.524335389525806,120,45,0.375,2.958372677877841e-05,0.0,0.0001437658188332974
finite-mode-spin-boson-dephasing,cube_mpp,10.524335389525806,120,45,0.375,2.958372677877841e-05,0.0,0.0001437658188332974
finite-mode-spin-boson-dephasing,cube_pmm,10.524335389525806,120,45,0.375,2.958372677877841e-05,0.0,0.0001437658188332974
finite-mode-spin-boson-dephasing,cube_pmp,10.524335389525806,120,45,0.375,2.958372677877841e-05,0.0,0.0001437658188332974
finite-mode-spin-boson-dephasing,cube_ppm,10.524335389525806,120,45,0.375,2.958372677877841e-05,0.0,0.0001437658188332974
finite-mode-spin-boson-dephasing,cube_ppp,10.524335389525806,120,45,0.375,2.958372677877841e-05,0.0,0.0001437658188332974
finite-mode-spin-boson-dephasing,0,10.681415022205297,120,120,1.0,5.828670879282072e-17,0.0,1.1102230246251565e-16
finite-mode-spin-boson-dephasing,1,10.681415022205297,120,120,1.0,5.828670879282072e-17,0.0,1.1102230246251565e-16
finite-mode-spin-boson-dephasing,+,10.681415022205297,120,45,0.375,7.795295044499319e-05,0.0,0.0004533834926799818
finite-mode-spin-boson-dephasing,-,10.681415022205297,120,45,0.375,7.795295044499319e-05,0.0,0.0004533834926799818
finite-mode-spin-boson-dephasing,+i,10.681415022205297,120,45,0.375,7.795295044499319e-05,0.0,0.0004533834926799818
finite-mode-spin-boson-dephasing,-i,10.681415022205297,120,45,0.375,7.795295044499319e-05,0.0,0.0004533834926799818
finite-mode-spin-boson-dephasing,cube_mmm,10.681415022205297,120,45,0.375,6.364831751156763e-05,0.0,0.00037018607162225993
finite-mode-spin-boson-dephasing,cube_mmp,10.681415022205297,120,45,0.375,6.364831751156763e-05,0.0,0.00037018607162225993
finite-mode-spin-boson-dephasing,cube_mpm,10.681415022205297,120,45,0.375,6.364831751156763e-05,0.0,0.00037018607162225993
finite-mode-spin-boson-dephasing,cube_mpp,10.681415022205297,120,45,0.375,6.364831751156763e-05,0.0,0.00037018607162225993
finite-mode-spin-boson-dephasing,cube_pmm,10.681415022205297,120,45,0.375,6.364831751156763e-05,0.0,0.00037018607162225993
finite-mode-spin-boson-dephasing,cube_pmp,10.681415022205297,120,45,0.375,6.364831751156763e-05,0.0,0.00037018607162225993
finite-mode-spin-boson-dephasing,cube_ppm,10.681415022205297,120,45,0.375,6.364831751156763e-05,0.0,0.00037018607162225993
finite-mode-spin-boson-dephasing,cube_ppp,10.681415022205297,120,45,0.375,6.364831751156763e-05,0.0,0.00037018607162225993
finite-mode-spin-boson-dephasing,0,10.838494654884787,120,120,1.0,5.551115123125783e-17,0.0,1.1102230246251565e-16
finite-mode-spin-boson-dephasing,1,10.838494654884787,120,120,1.0,5.551115123125783e-17,0.0,1.1102230246251565e-16
finite-mode-spin-boson-dephasing,+,10.838494654884787,120,45,0.375,0.00018167588612347287,0.0,0.0011542112525377846
finite-mode-spin-boson-dephasing,-,10.838494654884787,120,45,0.375,0.00018167588612347287,0.0,0.0011542112525377846
finite-mode-spin-boson-dephasing,+i,10.838494654884787,120,45,0.375,0.00018167588612347287,0.0,0.0011542112525377846
finite-mode-spin-boson-dephasing,-i,10.838494654884787,120,45,0.375,0.00018167588612347287,0.0,0.0011542112525377846
finite-mode-spin-boson-dephasing,cube_mmm,10.838494654884787,120,45,0.375,0.00014833773985682846,0.0,0.0009424095413653926
finite-mode-spin-boson-dephasing,cube_mmp,10.838494654884787,120,45,0.375,0.00014833773985682846,0.0,0.0009424095413653926
finite-mode-spin-boson-dephasing,cube_mpm,10.838494654884787,120,45,0.375,0.00014833773985682846,0.0,0.0009424095413653926
finite-mode-spin-boson-dephasing,cube_mpp,10.838494654884787,120,45,0.375,0.00014833773985682846,0.0,0.0009424095413653926
finite-mode-spin-boson-dephasing,cube_pmm,10.838494654884787,120,45,0.375,0.00014833773985682846,0.0,0.0009424095413653926
finite-mode-spin-boson-dephasing,cube_pmp,10.838494654884787,120,45,0.375,0.00014833773985682846,0.0,0.0009424095413653926
finite-mode-spin-boson-dephasing,cube_ppm,10.838494654884787,120,45,0.375,0.00014833773985682846,0.0,0.0009424095413653926
finite-mode-spin-boson-dephasing,cube_ppp,10.838494654884787,120,45,0.375,0.00014833773985682846,0.0,0.0009424095413653926
finite-mode-spin-boson-dephasing,0,10.995574287564276,120,120,1.0,5.551115123125783e-17,0.0,1.1102230246251565e-16
finite-mode-spin-boson-dephasing,1,10.995574287564276,120,120,1.0,5.551115123125783e-17,0.0,1.1102230246251565e-16
finite-mode-spin-boson-dephasing,+,10.995574287564276,120,45,0.375,0.00043596387523706185,0.0,0.002867121040624032
finite-mode-spin-boson-dephasing,-,10.995574287564276,120,45,0.375,0.00043596387523706185,0.0,0.002867121040624032
finite-mode-spin-boson-dephasing,+i,10.995574287564276,120,45,0.375,0.00043596387523706185,0.0,0.002867121040624032
finite-mode-spin-boson-dephasing,-i,10.995574287564276,120,45,0.375,0.00043596387523706185,0.0,0.002867121040624032
finite-mode-spin-boson-dephasing,cube_mmm,10.995574287564276,120,45,0.375,0.0003559630135390664,0.0,0.002340994526775472
finite-mode-spin-boson-dephasing,cube_mmp,10.995574287564276,120,45,0.375,0.0003559630135390664,0.0,0.002340994526775472
finite-mode-spin-boson-dephasing,cube_mpm,10.995574287564276,120,45,0.375,0.0003559630135390664,0.0,0.002340994526775472
finite-mode-spin-boson-dephasing,cube_mpp,10.995574287564276,120,45,0.375,0.0003559630135390664,0.0,0.002340994526775472
finite-mode-spin-boson-dephasing,cube_pmm,10.995574287564276,120,45,0.375,0.0003559630135390664,0.0,0.002340994526775472
finite-mode-spin-boson-dephasing,cube_pmp,10.995574287564276,120,45,0.375,0.0003559630135390664,0.0,0.002340994526775472
finite-mode-spin-boson-dephasing,cube_ppm,10.995574287564276,120,45,0.375,0.0003559630135390664,0.0,0.002340994526775472
finite-mode-spin-boson-dephasing,cube_ppp,10.995574287564276,120,45,0.375,0.0003559630135390664,0.0,0.002340994526775472
finite-mode-spin-boson-dephasing,0,11.152653920243765,120,120,1.0,7.540264708912522e-17,0.0,2.220446049250313e-16
finite-mode-spin-boson-dephasing,1,11.152653920243765,120,120,1.0,7.540264708912522e-17,0.0,2.220446049250313e-16
finite-mode-spin-boson-dephasing,+,11.152653920243765,120,45,0.375,0.0010444931705719555,0.0,0.006858331274843615
finite-mode-spin-boson-dephasing,-,11.152653920243765,120,45,0.375,0.0010444931705719555,0.0,0.006858331274843615
finite-mode-spin-boson-dephasing,+i,11.152653920243765,120,45,0.375,0.0010444931705719555,0.0,0.006858331274843615
finite-mode-spin-boson-dephasing,-i,11.152653920243765,120,45,0.375,0.0010444931705719555,0.0,0.006858331274843615
finite-mode-spin-boson-dephasing,cube_mmm,11.152653920243765,120,45,0.375,0.0008528251025743497,0.0,0.0055998040367794925
finite-mode-spin-boson-dephasing,cube_mmp,11.152653920243765,120,45,0.375,0.0008528251025743497,0.0,0.0055998040367794925
finite-mode-spin-boson-dephasing,cube_mpm,11.152653920243765,120,45,0.375,0.0008528251025743497,0.0,0.0055998040367794925
finite-mode-spin-boson-dephasing,cube_mpp,11.152653920243765,120,45,0.375,0.0008528251025743497,0.0,0.0055998040367794925
finite-mode-spin-boson-dephasing,cube_pmm,11.152653920243765,120,45,0.375,0.0008528251025743497,0.0,0.0055998040367794925
finite-mode-spin-boson-dephasing,cube_pmp,11.152653920243765,120,45,0.375,0.0008528251025743497,0.0,0.0055998040367794925
finite-mode-spin-boson-dephasing,cube_ppm,11.152653920243765,120,45,0.375,0.0008528251025743497,0.0,0.0055998040367794925
finite-mode-spin-boson-dephasing,cube_ppp,11.152653920243765,120,45,0.375,0.0008528251025743497,0.0,0.0055998040367794925
finite-mode-spin-boson-dephasing,0,11.309733552923255,120,120,1.0,5.828670879282072e-17,0.0,1.1102230246251565e-16
finite-mode-spin-boson-dephasing,1,11.309733552923255,120,120,1.0,5.828670879282072e-17,0.0,1.1102230246251565e-16
finite-mode-spin-boson-dephasing,+,11.309733552923255,120,45,0.375,0.002455276565776566,0.0,0.015594599280343069
finite-mode-spin-boson-dephasing,-,11.309733552923255,120,45,0.375,0.002455276565776566,0.0,0.015594599280343069
finite-mode-spin-boson-dephasing,+i,11.309733552923255,120,45,0.375,0.002455276565776566,0.0,0.015594599280343069
finite-mode-spin-boson-dephasing,-i,11.309733552923255,120,45,0.375,0.002455276565776566,0.0,0.015594599280343069
finite-mode-spin-boson-dephasing,cube_mmm,11.309733552923255,120,45,0.375,0.002004724921188527,0.0,0.012732936993338051
finite-mode-spin-boson-dephasing,cube_mmp,11.309733552923255,120,45,0.375,0.002004724921188527,0.0,0.012732936993338051
finite-mode-spin-boson-dephasing,cube_mpm,11.309733552923255,120,45,0.375,0.002004724921188527,0.0,0.012732936993338051
finite-mode-spin-boson-dephasing,cube_mpp,11.309733552923255,120,45,0.375,0.002004724921188527,0.0,0.012732936993338051
finite-mode-spin-boson-dephasing,cube_pmm,11.309733552923255,120,45,0.375,0.002004724921188527,0.0,0.012732936993338051
finite-mode-spin-boson-dephasing,cube_pmp,11.309733552923255,120,45,0.375,0.002004724921188527,0.0,0.012732936993338051
finite-mode-spin-boson-dephasing,cube_ppm,11.309733552923255,120,45,0.375,0.002004724921188527,0.0,0.012732936993338051
finite-mode-spin-boson-dephasing,cube_ppp,11.309733552923255,120,45,0.375,0.002004724921188527,0.0,0.012732936993338051
finite-mode-spin-boson-dephasing,0,11.466813185602746,120,120,1.0,6.522560269672795e-17,0.0,1.6653345369377348e-16
finite-mode-spin-boson-dephasing,1,11.466813185602746,120,120,1.0,6.522560269672795e-17,0.0,1.6653345369377348e-16
finite-mode-spin-boson-dephasing,+,11.466813185602746,120,45,0.375,0.005608943509836504,0.0,0.033289077518248084
finite-mode-spin-boson-dephasing,-,11.466813185602746,120,45,0.375,0.005608943509836504,0.0,0.033289077518248084
finite-mode-spin-boson-dephasing,+i,11.466813185602746,120,45,0.375,0.005608943509836504,0.0,0.033289077518248084
finite-mode-spin-boson-dephasing,-i,11.466813185602746,120,45,0.375,0.005608943509836504,0.0,0.033289077518248084
finite-mode-spin-boson-dephasing,cube_mmm,11.466813185602746,120,45,0.375,0.004579683198398265,0.0,0.027180417975887564
finite-mode-spin-boson-dephasing,cube_mmp,11.466813185602746,120,45,0.375,0.004579683198398265,0.0,0.027180417975887564
finite-mode-spin-boson-dephasing,cube_mpm,11.466813185602746,120,45,0.375,0.004579683198398265,0.0,0.027180417975887564
finite-mode-spin-boson-dephasing,cube_mpp,11.466813185602746,120,45,0.375,0.004579683198398265,0.0,0.027180417975887564
finite-mode-spin-boson-dephasing,cube_pmm,11.466813185602746,120,45,0.375,0.004579683198398265,0.0,0.027180417975887564
finite-mode-spin-boson-dephasing,cube_pmp,11.466813185602746,120,45,0.375,0.004579683198398265,0.0,0.027180417975887564
finite-mode-spin-boson-dephasing,cube_ppm,11.466813185602746,120,45,0.375,0.004579683198398265,0.0,0.027180417975887564
finite-mode-spin-boson-dephasing,cube_ppp,11.466813185602746,120,45,0.375,0.004579683198398265,0.0,0.027180417975887564
finite-mode-spin-boson-dephasing,0,11.623892818282235,120,120,1.0,6.522560269672795e-17,0.0,1.6653345369377348e-16
finite-mode-spin-boson-dephasing,1,11.623892818282235,120,120,1.0,6.522560269672795e-17,0.0,1.6653345369377348e-16
finite-mode-spin-boson-dephasing,+,11.623892818282235,120,45,0.375,0.012375604449350874,0.0,0.06593542568069205
finite-mode-spin-boson-dephasing,-,11.623892818282235,120,45,0.375,0.012375604449350874,0.0,0.06593542568069205
finite-mode-spin-boson-dephasing,+i,11.623892818282235,120,45,0.375,0.012375604449350874,0.0,0.06593542568069205
finite-mode-spin-boson-dephasing,-i,11.623892818282235,120,45,0.375,0.012375604449350874,0.0,0.06593542568069205
finite-mode-spin-boson-dephasing,cube_mmm,11.623892818282235,120,45,0.375,0.01010463871980895,0.0,0.053836049630299296
finite-mode-spin-boson-dephasing,cube_mmp,11.623892818282235,120,45,0.375,0.01010463871980895,0.0,0.053836049630299296
finite-mode-spin-boson-dephasing,cube_mpm,11.623892818282235,120,45,0.375,0.01010463871980895,0.0,0.053836049630299296
finite-mode-spin-boson-dephasing,cube_mpp,11.623892818282235,120,45,0.375,0.01010463871980895,0.0,0.053836049630299296
finite-mode-spin-boson-dephasing,cube_pmm,11.623892818282235,120,45,0.375,0.01010463871980895,0.0,0.053836049630299296
finite-mode-spin-boson-dephasing,cube_pmp,11.623892818282235,120,45,0.375,0.01010463871980895,0.0,0.053836049630299296
finite-mode-spin-boson-dephasing,cube_ppm,11.623892818282235,120,45,0.375,0.01010463871980895,0.0,0.053836049630299296
finite-mode-spin-boson-dephasing,cube_ppp,11.623892818282235,120,45,0.375,0.01010463871980895,0.0,0.053836049630299296
finite-mode-spin-boson-dephasing,0,11.780972450961723,120,120,1.0,6.522560269672795e-17,0.0,1.6653345369377348e-16
finite-mode-spin-boson-dephasing,1,11.780972450961723,120,120,1.0,6.522560269672795e-17,0.0,1.6653345369377348e-16
finite-mode-spin-boson-dephasing,+,11.780972450961723,120,45,0.375,0.026273385544967325,0.0,0.11988887285001765
finite-mode-spin-boson-dephasing,-,11.780972450961723,120,45,0.375,0.026273385544967325,0.0,0.11988887285001765
finite-mode-spin-boson-dephasing,+i,11.780972450961723,120,45,0.375,0.026273385544967325,0.0,0.11988887285001765
finite-mode-spin-boson-dephasing,-i,11.780972450961723,120,45,0.375,0.026273385544967325,0.0,0.11988887285001765
finite-mode-spin-boson-dephasing,cube_mmm,11.780972450961723,120,45,0.375,0.021452129466861775,0.0,0.09788885477331837
finite-mode-spin-boson-dephasing,cube_mmp,11.780972450961723,120,45,0.375,0.021452129466861775,0.0,0.09788885477331837
finite-mode-spin-boson-dephasing,cube_mpm,11.780972450961723,120,45,0.375,0.021452129466861775,0.0,0.09788885477331837
finite-mode-spin-boson-dephasing,cube_mpp,11.780972450961723,120,45,0.375,0.021452129466861775,0.0,0.09788885477331837
finite-mode-spin-boson-dephasing,cube_pmm,11.780972450961723,120,45,0.375,0.021452129466861775,0.0,0.09788885477331837
finite-mode-spin-boson-dephasing,cube_pmp,11.780972450961723,120,45,0.375,0.021452129466861775,0.0,0.09788885477331837
finite-mode-spin-boson-dephasing,cube_ppm,11.780972450961723,120,45,0.375,0.021452129466861775,0.0,0.09788885477331837
finite-mode-spin-boson-dephasing,cube_ppp,11.780972450961723,120,45,0.375,0.021452129466861775,0.0,0.09788885477331837
finite-mode-spin-boson-dephasing,0,11.938052083641214,120,120,1.0,5.828670879282072e-17,0.0,1.1102230246251565e-16
finite-mode-spin-boson-dephasing,1,11.938052083641214,120,120,1.0,5.828670879282072e-17,0.0,1.1102230246251565e-16
finite-mode-spin-boson-dephasing,+,11.938052083641214,120,45,0.375,0.05276782224703466,0.0,0.19822992080986426
finite-mode-spin-boson-dephasing,-,11.938052083641214,120,45,0.375,0.05276782224703466,0.0,0.19822992080986426
finite-mode-spin-boson-dephasing,+i,11.938052083641214,120,45,0.375,0.05276782224703466,0.0,0.19822992080986426
finite-mode-spin-boson-dephasing,-i,11.938052083641214,120,45,0.375,0.05276782224703466,0.0,0.19822992080986426
finite-mode-spin-boson-dephasing,cube_mmm,11.938052083641214,120,45,0.375,0.04308474644770583,0.0,0.16185405257882815
finite-mode-spin-boson-dephasing,cube_mmp,11.938052083641214,120,45,0.375,0.04308474644770583,0.0,0.16185405257882815
finite-mode-spin-boson-dephasing,cube_mpm,11.938052083641214,120,45,0.375,0.04308474644770583,0.0,0.16185405257882815
finite-mode-spin-boson-dephasing,cube_mpp,11.938052083641214,120,45,0.375,0.04308474644770583,0.0,0.16185405257882815
finite-mode-spin-boson-dephasing,cube_pmm,11.938052083641214,120,45,0.375,0.04308474644770583,0.0,0.16185405257882815
finite-mode-spin-boson-dephasing,cube_pmp,11.938052083641214,120,45,0.375,0.04308474644770583,0.0,0.16185405257882815
finite-mode-spin-boson-dephasing,cube_ppm,11.938052083641214,120,45,0.375,0.04308474644770583,0.0,0.16185405257882815
finite-mode-spin-boson-dephasing,cube_ppp,11.938052083641214,120,45,0.375,0.04308474644770583,0.0,0.16185405257882815
finite-mode-spin-boson-dephasing,0,12.095131716320704,120,120,1.0,7.123931074678088e-17,0.0,1.6653345369377348e-16
finite-mode-spin-boson-dephasing,1,12.095131716320704,120,120,1.0,7.123931074678088e-17,0.0,1.6653345369377348e-16
finite-mode-spin-boson-dephasing,+,12.095131716320704,120,45,0.375,0.0976574244903195,0.0,0.29566371746895836
finite-mode-spin-boson-dephasing,-,12.095131716320704,120,45,0.375,0.0976574244903195,0.0,0.29566371746895836
finite-mode-spin-boson-dephasing,+i,12.095131716320704,120,45,0.375,0.0976574244903195,0.0,0.29566371746895836
finite-mode-spin-boson-dephasing,-i,12.095131716320704,120,45,0.375,0.0976574244903195,0.0,0.29566371746895836
finite-mode-spin-boson-dephasing,cube_mmm,12.095131716320704,120,45,0.375,0.0797369531985535,0.0,0.2414084144177858
finite-mode-spin-boson-dephasing,cube_mmp,12.095131716320704,120,45,0.375,0.0797369531985535,0.0,0.2414084144177858
finite-mode-spin-boson-dephasing,cube_mpm,12.095131716320704,120,45,0.375,0.0797369531985535,0.0,0.2414084144177858
finite-mode-spin-boson-dephasing,cube_mpp,12.095131716320704,120,45,0.375,0.0797369531985535,0.0,0.2414084144177858
finite-mode-spin-boson-dephasing,cube_pmm,12.095131716320704,120,45,0.375,0.0797369531985535,0.0,0.2414084144177858
finite-mode-spin-boson-dephasing,cube_pmp,12.095131716320704,120,45,0.375,0.0797369531985535,0.0,0.2414084144177858
finite-mode-spin-boson-dephasing,cube_ppm,12.095131716320704,120,45,0.375,0.0797369531985535,0.0,0.2414084144177858
finite-mode-spin-boson-dephasing,cube_ppp,12.095131716320704,120,45,0.375,0.0797369531985535,0.0,0.2414084144177858
finite-mode-spin-boson-dephasing,0,12.252211349000193,120,120,1.0,7.123931074678088e-17,0.0,1.6653345369377348e-16
finite-mode-spin-boson-dephasing,1,12.252211349000193,120,120,1.0,7.123931074678088e-17,0.0,1.6653345369377348e-16
finite-mode-spin-boson-dephasing,+,12.252211349000193,120,45,0.375,0.16044778214616232,0.0,0.3952472927607608
finite-mode-spin-boson-dephasing,-,12.252211349000193,120,45,0.375,0.16044778214616232,0.0,0.3952472927607608
finite-mode-spin-boson-dephasing,+i,12.252211349000193,120,45,0.375,0.16044778214616232,0.0,0.3952472927607608
finite-mode-spin-boson-dephasing,-i,12.252211349000193,120,45,0.375,0.16044778214616232,0.0,0.3952472927607608
finite-mode-spin-boson-dephasing,cube_mmm,12.252211349000193,120,45,0.375,0.13100506553977823,0.0,0.32271806316010127
finite-mode-spin-boson-dephasing,cube_mmp,12.252211349000193,120,45,0.375,0.13100506553977823,0.0,0.32271806316010127
finite-mode-spin-boson-dephasing,cube_mpm,12.252211349000193,120,45,0.375,0.13100506553977823,0.0,0.32271806316010127
finite-mode-spin-boson-dephasing,cube_mpp,12.252211349000193,120,45,0.375,0.13100506553977823,0.0,0.32271806316010127
finite-mode-spin-boson-dephasing,cube_pmm,12.252211349000193,120,45,0.375,0.13100506553977823,0.0,0.32271806316010127
finite-mode-spin-boson-dephasing,cube_pmp,12.252211349000193,120,45,0.375,0.13100506553977823,0.0,0.32271806316010127
finite-mode-spin-boson-dephasing,cube_ppm,12.252211349000193,120,45,0.375,0.13100506553977823,0.0,0.32271806316010127
finite-mode-spin-boson-dephasing,cube_ppp,12.252211349000193,120,45,0.375,0.13100506553977823,0.0,0.32271806316010127
finite-mode-spin-boson-dephasing,0,12.409290981679682,120,120,1.0,6.522560269672795e-17,0.0,1.6653345369377348e-16
finite-mode-spin-boson-dephasing,1,12.409290981679682,120,120,1.0,6.522560269672795e-17,0.0,1.6653345369377348e-16
finite-mode-spin-boson-dephasing,+,12.409290981679682,120,45,0.375,0.22275884543419358,0.0,0.47134665784354235
finite-mode-spin-boson-dephasing,-,12.409290981679682,120,45,0.375,0.22275884543419358,0.0,0.47134665784354235
finite-mode-spin-boson-dephasing,+i,12.409290981679682,120,45,0.375,0.22275884543419358,0.0,0.47134665784354235
finite-mode-spin-boson-dephasing,-i,12.409290981679682,120,45,0.375,0.22275884543419358,0.0,0.47134665784354235
finite-mode-spin-boson-dephasing,cube_mmm,12.409290981679682,120,45,0.375,0.18188183566842694,0.0,0.3848529345609632
finite-mode-spin-boson-dephasing,cube_mmp,12.409290981679682,120,45,0.375,0.18188183566842694,0.0,0.3848529345609632
finite-mode-spin-boson-dephasing,cube_mpm,12.409290981679682,120,45,0.375,0.18188183566842694,0.0,0.3848529345609632
finite-mode-spin-boson-dephasing,cube_mpp,12.409290981679682,120,45,0.375,0.18188183566842694,0.0,0.3848529345609632
finite-mode-spin-boson-dephasing,cube_pmm,12.409290981679682,120,45,0.375,0.18188183566842694,0.0,0.3848529345609632
finite-mode-spin-boson-dephasing,cube_pmp,12.409290981679682,120,45,0.375,0.18188183566842694,0.0,0.3848529345609632
finite-mode-spin-boson-dephasing,cube_ppm,12.409290981679682,120,45,0.375,0.18188183566842694,0.0,0.3848529345609632
finite-mode-spin-boson-dephasing,cube_ppp,12.409290981679682,120,45,0.375,0.18188183566842694,0.0,0.3848529345609632
finite-mode-spin-boson-dephasing,0,12.566370614359172,120,120,1.0,5.828670879282072e-17,0.0,1.1102230246251565e-16
finite-mode-spin-boson-dephasing,1,12.566370614359172,120,120,1.0,5.828670879282072e-17,0.0,1.1102230246251565e-16
finite-mode-spin-boson-dephasing,+,12.566370614359172,120,60,0.5,0.24999999999999994,0.0,0.4999999999999999
finite-mode-spin-boson-dephasing,-,12.566370614359172,120,60,0.5,0.24999999999999994,0.0,0.4999999999999999
finite-mode-spin-boson-dephasing,+i,12.566370614359172,120,60,0.5,0.24999999999999994,0.0,0.4999999999999999
finite-mode-spin-boson-dephasing,-i,12.566370614359172,120,60,0.5,0.24999999999999994,0.0,0.4999999999999999
finite-mode-spin-boson-dephasing,cube_mmm,12.566370614359172,120,60,0.5,0.20412414523193154,0.0,0.4082482904638631
finite-mode-spin-boson-dephasing,cube_mmp,12.566370614359172,120,60,0.5,0.20412414523193154,0.0,0.4082482904638631
finite-mode-spin-boson-dephasing,cube_mpm,12.566370614359172,120,60,0.5,0.20412414523193154,0.0,0.4082482904638631
finite-mode-spin-boson-dephasing,cube_mpp,12.566370614359172,120,60,0.5,0.20412414523193154,0.0,0.4082482904638631
finite-mode-spin-boson-dephasing,cube_pmm,12.566370614359172,120,60,0.5,0.20412414523193154,0.0,0.4082482904638631
finite-mode-spin-boson-dephasing,cube_pmp,12.566370614359172,120,60,0.5,0.20412414523193154,0.0,0.4082482904638631
finite-mode-spin-boson-dephasing,cube_ppm,12.566370614359172,120,60,0.5,0.20412414523193154,0.0,0.4082482904638631
finite-mode-spin-boson-dephasing,cube_ppp,12.566370614359172,120,60,0.5,0.20412414523193154,0.0,0.4082482904638631
