agent_model_id,parameter_point_id,time_s,reversibility_class,linear_invertible,analytical_linear_invertible,numerical_linear_invertible_at_tolerance,inverse_cptp,direct_unitary_inverse,choi_rank,condition_number
coherent-longitudinal-detuning,coherent_rate_00,0.0,class_I_direct_unitary_reversible,True,True,True,True,True,1,1.0
coherent-longitudinal-detuning,coherent_rate_00,0.15707963267948966,class_I_direct_unitary_reversible,True,True,True,True,True,1,1.0000000000000002
coherent-longitudinal-detuning,coherent_rate_00,0.3141592653589793,class_I_direct_unitary_reversible,True,True,True,True,True,1,1.0000000000000002
coherent-longitudinal-detuning,coherent_rate_00,0.47123889803846897,class_I_direct_unitary_reversible,True,True,True,True,True,1,1.0000000000000002
coherent-longitudinal-detuning,coherent_rate_00,0.6283185307179586,class_I_direct_unitary_reversible,True,True,True,True,True,1,1.0000000000000002
coherent-longitudinal-detuning,coherent_rate_00,0.7853981633974483,class_I_direct_unitary_reversible,True,True,True,True,True,1,1.0000000000000002
coherent-longitudinal-detuning,coherent_rate_00,0.9424777960769379,class_I_direct_unitary_reversible,True,True,True,True,True,1,1.0
coherent-longitudinal-detuning,coherent_rate_00,1.0995574287564276,class_I_direct_unitary_reversible,True,True,True,True,True,1,1.0
coherent-longitudinal-detuning,coherent_rate_00,1.2566370614359172,class_I_direct_unitary_reversible,True,True,True,True,True,1,1.0
coherent-longitudinal-detuning,coherent_rate_00,1.413716694115407,class_I_direct_unitary_reversible,True,True,True,True,True,1,1.0
coherent-longitudinal-detuning,coherent_rate_00,1.5707963267948966,class_I_direct_unitary_reversible,True,True,True,True,True,1,1.0
coherent-longitudinal-detuning,coherent_rate_00,1.7278759594743862,class_I_direct_unitary_reversible,True,True,True,True,True,1,1.0
coherent-longitudinal-detuning,coherent_rate_00,1.8849555921538759,class_I_direct_unitary_reversible,True,True,True,True,True,1,1.0
coherent-longitudinal-detuning,coherent_rate_00,2.0420352248333655,class_I_direct_unitary_reversible,True,True,True,True,True,1,1.0
coherent-longitudinal-detuning,coherent_rate_00,2.199114857512855,class_I_direct_unitary_reversible,True,True,True,True,True,1,1.0
coherent-longitudinal-detuning,coherent_rate_00,2.356194490192345,class_I_direct_unitary_reversible,True,True,True,True,True,1,1.0000000000000002
coherent-longitudinal-detuning,coherent_rate_00,2.5132741228718345,class_I_direct_unitary_reversible,True,True,True,True,True,1,1.0000000000000002
coherent-longitudinal-detuning,coherent_rate_00,2.670353755551324,class_I_direct_unitary_reversible,True,True,True,True,True,1,1.0
coherent-longitudinal-detuning,coherent_rate_00,2.827433388230814,class_I_direct_unitary_reversible,True,True,True,True,True,1,1.0000000000000002
coherent-longitudinal-detuning,coherent_rate_00,2.9845130209103035,class_I_direct_unitary_reversible,True,True,True,True,True,1,1.0
coherent-longitudinal-detuning,coherent_rate_00,3.141592653589793,class_I_direct_unitary_reversible,True,True,True,True,True,1,1.0
coherent-longitudinal-detuning,coherent_rate_00,3.2986722862692828,class_I_direct_unitary_reversible,True,True,True,True,True,1,1.0
coherent-longitudinal-detuning,coherent_rate_00,3.4557519189487724,class_I_direct_unitary_reversible,True,True,True,True,True,1,1.0000000000000002
coherent-longitudinal-detuning,coherent_rate_00,3.612831551628262,class_I_direct_unitary_reversible,True,True,True,True,True,1,1.0000000000000002
coherent-longitudinal-detuning,coherent_rate_00,3.7699111843077517,class_I_direct_unitary_reversible,True,True,True,True,True,1,1.0
coherent-longitudinal-detuning,coherent_rate_00,3.9269908169872414,class_I_direct_unitary_reversible,True,True,True,True,True,1,1.0
coherent-longitudinal-detuning,coherent_rate_00,4.084070449666731,class_I_direct_unitary_reversible,True,True,True,True,True,1,1.0
coherent-longitudinal-detuning,coherent_rate_00,4.241150082346221,class_I_direct_unitary_reversible,True,True,True,True,True,1,1.0
coherent-longitudinal-detuning,coherent_rate_00,4.39822971502571,class_I_direct_unitary_reversible,True,True,True,True,True,1,1.0000000000000002
coherent-longitudinal-detuning,coherent_rate_00,4.5553093477052,class_I_direct_unitary_reversible,True,True,True,True,True,1,1.0000000000000002
coherent-longitudinal-detuning,coherent_rate_00,4.71238898038469,class_I_direct_unitary_reversible,True,True,True,True,True,1,1.0000000000000002
coherent-longitudinal-detuning,coherent_rate_00,4.869468613064179,class_I_direct_unitary_reversible,True,True,True,True,True,1,1.0
coherent-longitudinal-detuning,coherent_rate_00,5.026548245743669,class_I_direct_unitary_reversible,True,True,True,True,True,1,1.0
coherent-longitudinal-detuning,coherent_rate_00,5.183627878423159,class_I_direct_unitary_reversible,True,True,True,True,True,1,1.0
coherent-longitudinal-detuning,coherent_rate_00,5.340707511102648,class_I_direct_unitary_reversible,True,True,True,True,True,1,1.0
coherent-longitudinal-detuning,coherent_rate_00,5.497787143782138,class_I_direct_unitary_reversible,True,True,True,True,True,1,1.0
coherent-longitudinal-detuning,coherent_rate_00,5.654866776461628,class_I_direct_unitary_reversible,True,True,True,True,True,1,1.0
coherent-longitudinal-detuning,coherent_rate_00,5.811946409141117,class_I_direct_unitary_reversible,True,True,True,True,True,1,1.0
coherent-longitudinal-detuning,coherent_rate_00,5.969026041820607,class_I_direct_unitary_reversible,True,True,True,True,True,1,1.0000000000000002
coherent-longitudinal-detuning,coherent_rate_00,6.126105674500097,class_I_direct_unitary_reversible,True,True,True,True,True,1,1.0
coherent-longitudinal-detuning,coherent_rate_00,6.283185307179586,class_I_direct_unitary_reversible,True,True,True,True,True,1,1.0
coherent-longitudinal-detuning,coherent_rate_00,6.440264939859076,class_I_direct_unitary_reversible,True,True,True,True,True,1,1.0
coherent-longitudinal-detuning,coherent_rate_00,6.5973445725385655,class_I_direct_unitary_reversible,True,True,True,True,True,1,1.0000000000000002
coherent-longitudinal-detuning,coherent_rate_00,6.754424205218055,class_I_direct_unitary_reversible,True,True,True,True,True,1,1.0000000000000002
coherent-longitudinal-detuning,coherent_rate_00,6.911503837897545,class_I_direct_unitary_reversible,True,True,True,True,True,1,1.0
coherent-longitudinal-detuning,coherent_rate_00,7.0685834705770345,class_I_direct_unitary_reversible,True,True,True,True,True,1,1.0
coherent-longitudinal-detuning,coherent_rate_00,7.225663103256524,class_I_direct_unitary_reversible,True,True,True,True,True,1,1.0
coherent-longitudinal-detuning,coherent_rate_00,7.382742735936014,class_I_direct_unitary_reversible,True,True,True,True,True,1,1.0
coherent-longitudinal-detuning,coherent_rate_00,7.5398223686155035,class_I_direct_unitary_reversible,True,True,True,True,True,1,1.0
coherent-longitudinal-detuning,coherent_rate_00,7.696902001294993,class_I_direct_unitary_reversible,True,True,True,True,True,1,1.0000000000000002
coherent-longitudinal-detuning,coherent_rate_00,7.853981633974483,class_I_direct_unitary_reversible,True,True,True,True,True,1,1.0000000000000002
coherent-longitudinal-detuning,coherent_rate_00,8.011061266653972,class_I_direct_unitary_reversible,True,True,True,True,True,1,1.0
coherent-longitudinal-detuning,coherent_rate_00,8.168140899333462,class_I_direct_unitary_reversible,True,True,True,True,True,1,1.0
coherent-longitudinal-detuning,coherent_rate_00,8.325220532012953,class_I_direct_unitary_reversible,True,True,True,True,True,1,1.0
coherent-longitudinal-detuning,coherent_rate_00,8.482300164692441,class_I_direct_unitary_reversible,True,True,True,True,True,1,1.0
coherent-longitudinal-detuning,coherent_rate_00,8.63937979737193,class_I_direct_unitary_reversible,True,True,True,True,True,1,1.0
coherent-longitudinal-detuning,coherent_rate_00,8.79645943005142,class_I_direct_unitary_reversible,True,True,True,True,True,1,1.0000000000000002
coherent-longitudinal-detuning,coherent_rate_00,8.953539062730911,class_I_direct_unitary_reversible,True,True,True,True,True,1,1.0
coherent-longitudinal-detuning,coherent_rate_00,9.1106186954104,class_I_direct_unitary_reversible,True,True,True,True,True,1,1.0000000000000002
coherent-longitudinal-detuning,coherent_rate_00,9.267698328089889,class_I_direct_unitary_reversible,True,True,True,True,True,1,1.0
coherent-longitudinal-detuning,coherent_rate_00,9.42477796076938,class_I_direct_unitary_reversible,True,True,True,True,True,1,1.0000000000000002
coherent-longitudinal-detuning,coherent_rate_00,9.58185759344887,class_I_direct_unitary_reversible,True,True,True,True,True,1,1.0
coherent-longitudinal-detuning,coherent_rate_00,9.738937226128359,class_I_direct_unitary_reversible,True,True,True,True,True,1,1.0
coherent-longitudinal-detuning,coherent_rate_00,9.896016858807847,class_I_direct_unitary_reversible,True,True,True,True,True,1,1.0000000000000002
coherent-longitudinal-detuning,coherent_rate_00,10.053096491487338,class_I_direct_unitary_reversible,True,True,True,True,True,1,1.0000000000000002
coherent-longitudinal-detuning,coherent_rate_00,10.210176124166829,class_I_direct_unitary_reversible,True,True,True,True,True,1,1.0000000000000002
coherent-longitudinal-detuning,coherent_rate_00,10.367255756846317,class_I_direct_unitary_reversible,True,True,True,True,True,1,1.0
coherent-longitudinal-detuning,coherent_rate_00,10.524335389525806,class_I_direct_unitary_reversible,True,True,True,True,True,1,1.0
coherent-longitudinal-detuning,coherent_rate_00,10.681415022205297,class_I_direct_unitary_reversible,True,True,True,True,True,1,1.0
coherent-longitudinal-detuning,coherent_rate_00,10.838494654884787,class_I_direct_unitary_reversible,True,True,True,True,True,1,1.0
coherent-longitudinal-detuning,coherent_rate_00,10.995574287564276,class_I_direct_unitary_reversible,True,True,True,True,True,1,1.0
coherent-longitudinal-detuning,coherent_rate_00,11.152653920243765,class_I_direct_unitary_reversible,True,True,True,True,True,1,1.0000000000000002
coherent-longitudinal-detuning,coherent_rate_00,11.309733552923255,class_I_direct_unitary_reversible,True,True,True,True,True,1,1.0
coherent-longitudinal-detuning,coherent_rate_00,11.466813185602746,class_I_direct_unitary_reversible,True,True,True,True,True,1,1.0000000000000002
coherent-longitudinal-detuning,coherent_rate_00,11.623892818282235,class_I_direct_unitary_reversible,True,True,True,True,True,1,1.0
coherent-longitudinal-detuning,coherent_rate_00,11.780972450961723,class_I_direct_unitary_reversible,True,True,True,True,True,1,1.0
coherent-longitudinal-detuning,coherent_rate_00,11.938052083641214,class_I_direct_unitary_reversible,True,True,True,True,True,1,1.0000000000000002
coherent-longitudinal-detuning,coherent_rate_00,12.095131716320704,class_I_direct_unitary_reversible,True,True,True,True,True,1,1.0
coherent-longitudinal-detuning,coherent_rate_00,12.252211349000193,class_I_direct_unitary_reversible,True,True,True,True,True,1,1.0000000000000002
coherent-longitudinal-detuning,coherent_rate_00,12.409290981679682,class_I_direct_unitary_reversible,True,True,True,True,True,1,1.0000000000000002
coherent-longitudinal-detuning,coherent_rate_00,12.566370614359172,class_I_direct_unitary_reversible,True,True,True,True,True,1,1.0
coherent-longitudinal-detuning,coherent_rate_01,0.0,class_I_direct_unitary_reversible,True,True,True,True,True,1,1.0
coherent-longitudinal-detuning,coherent_rate_01,0.15707963267948966,class_I_direct_unitary_reversible,True,True,True,True,True,1,1.0000000000000002
coherent-longitudinal-detuning,coherent_rate_01,0.3141592653589793,class_I_direct_unitary_reversible,True,True,True,True,True,1,1.0000000000000002
coherent-longitudinal-detuning,coherent_rate_01,0.47123889803846897,class_I_direct_unitary_reversible,True,True,True,True,True,1,1.0
coherent-longitudinal-detuning,coherent_rate_01,0.6283185307179586,class_I_direct_unitary_reversible,True,True,True,True,True,1,1.0
coherent-longitudinal-detuning,coherent_rate_01,0.7853981633974483,class_I_direct_unitary_reversible,True,True,True,True,True,1,1.0
coherent-longitudinal-detuning,coherent_rate_01,0.9424777960769379,class_I_direct_unitary_reversible,True,True,True,True,True,1,1.0
coherent-longitudinal-detuning,coherent_rate_01,1.0995574287564276,class_I_direct_unitary_reversible,True,True,True,True,True,1,1.0
coherent-longitudinal-detuning,coherent_rate_01,1.2566370614359172,class_I_direct_unitary_reversible,True,True,True,True,True,1,1.0000000000000002
coherent-longitudinal-detuning,coherent_rate_01,1.413716694115407,class_I_direct_unitary_reversible,True,True,True,True,True,1,1.0000000000000002
coherent-longitudinal-detuning,coherent_rate_01,1.5707963267948966,class_I_direct_unitary_reversible,True,True,True,True,True,1,1.0
coherent-longitudinal-detuning,coherent_rate_01,1.7278759594743862,class_I_direct_unitary_reversible,True,True,True,True,True,1,1.0000000000000002
coherent-longitudinal-detuning,coherent_rate_01,1.8849555921538759,class_I_direct_unitary_reversible,True,True,True,True,True,1,1.0
coherent-longitudinal-detuning,coherent_rate_01,2.0420352248333655,class_I_direct_unitary_reversible,True,True,True,True,True,1,1.0
coherent-longitudinal-detuning,coherent_rate_01,2.199114857512855,class_I_direct_unitary_reversible,True,True,True,True,True,1,1.0000000000000002
coherent-longitudinal-detuning,coherent_rate_01,2.356194490192345,class_I_direct_unitary_reversible,True,True,True,True,True,1,1.0000000000000002
coherent-longitudinal-detuning,coherent_rate_01,2.5132741228718345,class_I_direct_unitary_reversible,True,True,True,True,True,1,1.0
coherent-longitudinal-detuning,coherent_rate_01,2.670353755551324,class_I_direct_unitary_reversible,True,True,True,True,True,1,1.0
coherent-longitudinal-detuning,coherent_rate_01,2.827433388230814,class_I_direct_unitary_reversible,True,True,True,True,True,1,1.0
coherent-longitudinal-detuning,coherent_rate_01,2.9845130209103035,class_I_direct_unitary_reversible,True,True,True,True,True,1,1.0000000000000002
coherent-longitudinal-detuning,coherent_rate_01,3.141592653589793,class_I_direct_unitary_reversible,True,True,True,True,True,1,1.0
coherent-longitudinal-detuning,coherent_rate_01,3.2986722862692828,class_I_direct_unitary_reversible,True,True,True,True,True,1,1.0000000000000002
coherent-longitudinal-detuning,coherent_rate_01,3.4557519189487724,class_I_direct_unitary_reversible,True,True,True,True,True,1,1.0
coherent-longitudinal-detuning,coherent_rate_01,3.612831551628262,class_I_direct_unitary_reversible,True,True,True,True,True,1,1.0
coherent-longitudinal-detuning,coherent_rate_01,3.7699111843077517,class_I_direct_unitary_reversible,True,True,True,True,True,1,1.0
coherent-longitudinal-detuning,coherent_rate_01,3.9269908169872414,class_I_direct_unitary_reversible,True,True,True,True,True,1,1.0000000000000002
coherent-longitudinal-detuning,coherent_rate_01,4.084070449666731,class_I_direct_unitary_reversible,True,True,True,True,True,1,1.0
coherent-longitudinal-detuning,coherent_rate_01,4.241150082346221,class_I_direct_unitary_reversible,True,True,True,True,True,1,1.0
coherent-longitudinal-detuning,coherent_rate_01,4.39822971502571,class_I_direct_unitary_reversible,True,True,True,True,True,1,1.0000000000000002
coherent-longitudinal-detuning,coherent_rate_01,4.5553093477052,class_I_direct_unitary_reversible,True,True,True,True,True,1,1.0000000000000002
coherent-longitudinal-detuning,coherent_rate_01,4.71238898038469,class_I_direct_unitary_reversible,True,True,True,True,True,1,1.0000000000000002
coherent-longitudinal-detuning,coherent_rate_01,4.869468613064179,class_I_direct_unitary_reversible,True,True,True,True,True,1,1.0
coherent-longitudinal-detuning,coherent_rate_01,5.026548245743669,class_I_direct_unitary_reversible,True,True,True,True,True,1,1.0000000000000002
coherent-longitudinal-detuning,coherent_rate_01,5.183627878423159,class_I_direct_unitary_reversible,True,True,True,True,True,1,1.0
coherent-longitudinal-detuning,coherent_rate_01,5.340707511102648,class_I_direct_unitary_reversible,True,True,True,True,True,1,1.0
coherent-longitudinal-detuning,coherent_rate_01,5.497787143782138,class_I_direct_unitary_reversible,True,True,True,True,True,1,1.0
coherent-longitudinal-detuning,coherent_rate_01,5.654866776461628,class_I_direct_unitary_reversible,True,True,True,True,True,1,1.0
coherent-longitudinal-detuning,coherent_rate_01,5.811946409141117,class_I_direct_unitary_reversible,True,True,True,True,True,1,1.0
coherent-longitudinal-detuning,coherent_rate_01,5.969026041820607,class_I_direct_unitary_reversible,True,True,True,True,True,1,1.0000000000000002
coherent-longitudinal-detuning,coherent_rate_01,6.126105674500097,class_I_direct_unitary_reversible,True,True,True,True,True,1,1.0000000000000002
coherent-longitudinal-detuning,coherent_rate_01,6.283185307179586,class_I_direct_unitary_reversible,True,True,True,True,True,1,1.0
coherent-longitudinal-detuning,coherent_rate_01,6.440264939859076,class_I_direct_unitary_reversible,True,True,True,True,True,1,1.0000000000000002
coherent-longitudinal-detuning,coherent_rate_01,6.5973445725385655,class_I_direct_unitary_reversible,True,True,True,True,True,1,1.0
coherent-longitudinal-detuning,coherent_rate_01,6.754424205218055,class_I_direct_unitary_reversible,True,True,True,True,True,1,1.0
coherent-longitudinal-detuning,coherent_rate_01,6.911503837897545,class_I_direct_unitary_reversible,True,True,True,True,True,1,1.0
coherent-longitudinal-detuning,coherent_rate_01,7.0685834705770345,class_I_direct_unitary_reversible,True,True,True,True,True,1,1.0000000000000002
coherent-longitudinal-detuning,coherent_rate_01,7.225663103256524,class_I_direct_unitary_reversible,True,True,True,True,True,1,1.0000000000000002
coherent-longitudinal-detuning,coherent_rate_01,7.382742735936014,class_I_direct_unitary_reversible,True,True,True,True,True,1,1.0
coherent-longitudinal-detuning,coherent_rate_01,7.5398223686155035,class_I_direct_unitary_reversible,True,True,True,True,True,1,1.0
coherent-longitudinal-detuning,coherent_rate_01,7.696902001294993,class_I_direct_unitary_reversible,True,True,True,True,True,1,1.0
coherent-longitudinal-detuning,coherent_rate_01,7.853981633974483,class_I_direct_unitary_reversible,True,True,True,True,True,1,1.0000000000000002
coherent-longitudinal-detuning,coherent_rate_01,8.011061266653972,class_I_direct_unitary_reversible,True,True,True,True,True,1,1.0
coherent-longitudinal-detuning,coherent_rate_01,8.168140899333462,class_I_direct_unitary_reversible,True,True,True,True,True,1,1.0
coherent-longitudinal-detuning,coherent_rate_01,8.325220532012953,class_I_direct_unitary_reversible,True,True,True,True,True,1,1.0
coherent-longitudinal-detuning,coherent_rate_01,8.482300164692441,class_I_direct_unitary_reversible,True,True,True,True,True,1,1.0
coherent-longitudinal-detuning,coherent_rate_01,8.63937979737193,class_I_direct_unitary_reversible,True,True,True,True,True,1,1.0
coherent-longitudinal-detuning,coherent_rate_01,8.79645943005142,class_I_direct_unitary_reversible,True,True,True,True,True,1,1.0000000000000002
coherent-longitudinal-detuning,coherent_rate_01,8.953539062730911,class_I_direct_unitary_reversible,True,True,True,True,True,1,1.0000000000000002
coherent-longitudinal-detuning,coherent_rate_01,9.1106186954104,class_I_direct_unitary_reversible,True,True,True,True,True,1,1.0
coherent-longitudinal-detuning,coherent_rate_01,9.267698328089889,class_I_direct_unitary_reversible,True,True,True,True,True,1,1.0
coherent-longitudinal-detuning,coherent_rate_01,9.42477796076938,class_I_direct_unitary_reversible,True,True,True,True,True,1,1.0
coherent-longitudinal-detuning,coherent_rate_01,9.58185759344887,class_I_direct_unitary_reversible,True,True,True,True,True,1,1.0000000000000002
coherent-longitudinal-detuning,coherent_rate_01,9.738937226128359,class_I_direct_unitary_reversible,True,True,True,True,True,1,1.0000000000000002
coherent-longitudinal-detuning,coherent_rate_01,9.896016858807847,class_I_direct_unitary_reversible,True,True,True,True,True,1,1.0000000000000002
coherent-longitudinal-detuning,coherent_rate_01,10.053096491487338,class_I_direct_unitary_reversible,True,True,True,True,True,1,1.0000000000000002
coherent-longitudinal-detuning,coherent_rate_01,10.210176124166829,class_I_direct_unitary_reversible,True,True,True,True,True,1,1.0
coherent-longitudinal-detuning,coherent_rate_01,10.367255756846317,class_I_direct_unitary_reversible,True,True,True,True,True,1,1.0
coherent-longitudinal-detuning,coherent_rate_01,10.524335389525806,class_I_direct_unitary_reversible,True,True,True,True,True,1,1.0000000000000002
coherent-longitudinal-detuning,coherent_rate_01,10.681415022205297,class_I_direct_unitary_reversible,True,True,True,True,True,1,1.0
coherent-longitudinal-detuning,coherent_rate_01,10.838494654884787,class_I_direct_unitary_reversible,True,True,True,True,True,1,1.0
coherent-longitudinal-detuning,coherent_rate_01,10.995574287564276,class_I_direct_unitary_reversible,True,True,True,True,True,1,1.0
coherent-longitudinal-detuning,coherent_rate_01,11.152653920243765,class_I_direct_unitary_reversible,True,True,True,True,True,1,1.0
coherent-longitudinal-detuning,coherent_rate_01,11.309733552923255,class_I_direct_unitary_reversible,True,True,True,True,True,1,1.0
coherent-longitudinal-detuning,coherent_rate_01,11.466813185602746,class_I_direct_unitary_reversible,True,True,True,True,True,1,1.0
coherent-longitudinal-detuning,coherent_rate_01,11.623892818282235,class_I_direct_unitary_reversible,True,True,True,True,True,1,1.0
coherent-longitudinal-detuning,coherent_rate_01,11.780972450961723,class_I_direct_unitary_reversible,True,True,True,True,True,1,1.0000000000000002
coherent-longitudinal-detuning,coherent_rate_01,11.938052083641214,class_I_direct_unitary_reversible,True,True,True,True,True,1,1.0000000000000002
coherent-longitudinal-detuning,coherent_rate_01,12.095131716320704,class_I_direct_unitary_reversible,True,True,True,True,True,1,1.0000000000000002
coherent-longitudinal-detuning,coherent_rate_01,12.252211349000193,class_I_direct_unitary_reversible,True,True,True,True,True,1,1.0
coherent-longitudinal-detuning,coherent_rate_01,12.409290981679682,class_I_direct_unitary_reversible,True,True,True,True,True,1,1.0
coherent-longitudinal-detuning,coherent_rate_01,12.566370614359172,class_I_direct_unitary_reversible,True,True,True,True,True,1,1.0
coherent-longitudinal-detuning,coherent_rate_02,0.0,class_I_direct_unitary_reversible,True,True,True,True,True,1,1.0
coherent-longitudinal-detuning,coherent_rate_02,0.15707963267948966,class_I_direct_unitary_reversible,True,True,True,True,True,1,1.0000000000000002
coherent-longitudinal-detuning,coherent_rate_02,0.3141592653589793,class_I_direct_unitary_reversible,True,True,True,True,True,1,1.0
coherent-longitudinal-detuning,coherent_rate_02,0.47123889803846897,class_I_direct_unitary_reversible,True,True,True,True,True,1,1.0
coherent-longitudinal-detuning,coherent_rate_02,0.6283185307179586,class_I_direct_unitary_reversible,True,True,True,True,True,1,1.0
coherent-longitudinal-detuning,coherent_rate_02,0.7853981633974483,class_I_direct_unitary_reversible,True,True,True,True,True,1,1.0000000000000002
coherent-longitudinal-detuning,coherent_rate_02,0.9424777960769379,class_I_direct_unitary_reversible,True,True,True,True,True,1,1.0000000000000002
coherent-longitudinal-detuning,coherent_rate_02,1.0995574287564276,class_I_direct_unitary_reversible,True,True,True,True,True,1,1.0
coherent-longitudinal-detuning,coherent_rate_02,1.2566370614359172,class_I_direct_unitary_reversible,True,True,True,True,True,1,1.0
coherent-longitudinal-detuning,coherent_rate_02,1.413716694115407,class_I_direct_unitary_reversible,True,True,True,True,True,1,1.0
coherent-longitudinal-detuning,coherent_rate_02,1.5707963267948966,class_I_direct_unitary_reversible,True,True,True,True,True,1,1.0000000000000002
coherent-longitudinal-detuning,coherent_rate_02,1.7278759594743862,class_I_direct_unitary_reversible,True,True,True,True,True,1,1.0
coherent-longitudinal-detuning,coherent_rate_02,1.8849555921538759,class_I_direct_unitary_reversible,True,True,True,True,True,1,1.0
coherent-longitudinal-detuning,coherent_rate_02,2.0420352248333655,class_I_direct_unitary_reversible,True,True,True,True,True,1,1.0
coherent-longitudinal-detuning,coherent_rate_02,2.199114857512855,class_I_direct_unitary_reversible,True,True,True,True,True,1,1.0000000000000002
coherent-longitudinal-detuning,coherent_rate_02,2.356194490192345,class_I_direct_unitary_reversible,True,True,True,True,True,1,1.0
coherent-longitudinal-detuning,coherent_rate_02,2.5132741228718345,class_I_direct_unitary_reversible,True,True,True,True,True,1,1.0
coherent-longitudinal-detuning,coherent_rate_02,2.670353755551324,class_I_direct_unitary_reversible,True,True,True,True,True,1,1.0
coherent-longitudinal-detuning,coherent_rate_02,2.827433388230814,class_I_direct_unitary_reversible,True,True,True,True,True,1,1.0
coherent-longitudinal-detuning,coherent_rate_02,2.9845130209103035,class_I_direct_unitary_reversible,True,True,True,True,True,1,1.0
coherent-longitudinal-detuning,coherent_rate_02,3.141592653589793,class_I_direct_unitary_reversible,True,True,True,True,True,1,1.0000000000000002
coherent-longitudinal-detuning,coherent_rate_02,3.2986722862692828,class_I_direct_unitary_reversible,True,True,True,True,True,1,1.0000000000000002
coherent-longitudinal-detuning,coherent_rate_02,3.4557519189487724,class_I_direct_unitary_reversible,True,True,True,True,True,1,1.0
coherent-longitudinal-detuning,coherent_rate_02,3.612831551628262,class_I_direct_unitary_reversible,True,True,True,True,True,1,1.0
coherent-longitudinal-detuning,coherent_rate_02,3.7699111843077517,class_I_direct_unitary_reversible,True,True,True,True,True,1,1.0
coherent-longitudinal-detuning,coherent_rate_02,3.9269908169872414,class_I_direct_unitary_reversible,True,True,True,True,True,1,1.0
coherent-longitudinal-detuning,coherent_rate_02,4.084070449666731,class_I_direct_unitary_reversible,True,True,True,True,True,1,1.0000000000000002
coherent-longitudinal-detuning,coherent_rate_02,4.241150082346221,class_I_direct_unitary_reversible,True,True,True,True,True,1,1.0000000000000002
coherent-longitudinal-detuning,coherent_rate_02,4.39822971502571,class_I_direct_unitary_reversible,True,True,True,True,True,1,1.0
coherent-longitudinal-detuning,coherent_rate_02,4.5553093477052,class_I_direct_unitary_reversible,True,True,True,True,True,1,1.0000000000000002
coherent-longitudinal-detuning,coherent_rate_02,4.71238898038469,class_I_direct_unitary_reversible,True,True,True,True,True,1,1.0000000000000002
coherent-longitudinal-detuning,coherent_rate_02,4.869468613064179,class_I_direct_unitary_reversible,True,True,True,True,True,1,1.0000000000000002
coherent-longitudinal-detuning,coherent_rate_02,5.026548245743669,class_I_direct_unitary_reversible,True,True,True,True,True,1,1.0
coherent-longitudinal-detuning,coherent_rate_02,5.183627878423159,class_I_direct_unitary_reversible,True,True,True,True,True,1,1.0
coherent-longitudinal-detuning,coherent_rate_02,5.340707511102648,class_I_direct_unitary_reversible,True,True,True,True,True,1,1.0
coherent-longitudinal-detuning,coherent_rate_02,5.497787143782138,class_I_direct_unitary_reversible,True,True,True,True,True,1,1.0
coherent-longitudinal-detuning,coherent_rate_02,5.654866776461628,class_I_direct_unitary_reversible,True,True,True,True,True,1,1.0
coherent-longitudinal-detuning,coherent_rate_02,5.811946409141117,class_I_direct_unitary_reversible,True,True,True,True,True,1,1.0000000000000002
coherent-longitudinal-detuning,coherent_rate_02,5.969026041820607,class_I_direct_unitary_reversible,True,True,True,True,True,1,1.0000000000000002
coherent-longitudinal-detuning,coherent_rate_02,6.126105674500097,class_I_direct_unitary_reversible,True,True,True,True,True,1,1.0000000000000002
coherent-longitudinal-detuning,coherent_rate_02,6.283185307179586,class_I_direct_unitary_reversible,True,True,True,True,True,1,1.0
coherent-longitudinal-detuning,coherent_rate_02,6.440264939859076,class_I_direct_unitary_reversible,True,True,True,True,True,1,1.0
coherent-longitudinal-detuning,coherent_rate_02,6.5973445725385655,class_I_direct_unitary_reversible,True,True,True,True,True,1,1.0000000000000002
coherent-longitudinal-detuning,coherent_rate_02,6.754424205218055,class_I_direct_unitary_reversible,True,True,True,True,True,1,1.0
coherent-longitudinal-detuning,coherent_rate_02,6.911503837897545,class_I_direct_unitary_reversible,True,True,True,True,True,1,1.0
coherent-longitudinal-detuning,coherent_rate_02,7.0685834705770345,class_I_direct_unitary_reversible,True,True,True,True,True,1,1.0
coherent-longitudinal-detuning,coherent_rate_02,7.225663103256524,class_I_direct_unitary_reversible,True,True,True,True,True,1,1.0
coherent-longitudinal-detuning,coherent_rate_02,7.382742735936014,class_I_direct_unitary_reversible,True,True,True,True,True,1,1.0
coherent-longitudinal-detuning,coherent_rate_02,7.5398223686155035,class_I_direct_unitary_reversible,True,True,True,True,True,1,1.0
coherent-longitudinal-detuning,coherent_rate_02,7.696902001294993,class_I_direct_unitary_reversible,True,True,True,True,True,1,1.0000000000000002
coherent-longitudinal-detuning,coherent_rate_02,7.853981633974483,class_I_direct_unitary_reversible,True,True,True,True,True,1,1.0000000000000002
coherent-longitudinal-detuning,coherent_rate_02,8.011061266653972,class_I_direct_unitary_reversible,True,True,True,True,True,1,1.0
coherent-longitudinal-detuning,coherent_rate_02,8.168140899333462,class_I_direct_unitary_reversible,True,True,True,True,True,1,1.0
coherent-longitudinal-detuning,coherent_rate_02,8.325220532012953,class_I_direct_unitary_reversible,True,True,True,True,True,1,1.0000000000000002
coherent-longitudinal-detuning,coherent_rate_02,8.482300164692441,class_I_direct_unitary_reversible,True,True,True,True,True,1,1.0000000000000002
coherent-longitudinal-detuning,coherent_rate_02,8.63937979737193,class_I_direct_unitary_reversible,True,True,True,True,True,1,1.0
coherent-longitudinal-detuning,coherent_rate_02,8.79645943005142,class_I_direct_unitary_reversible,True,True,True,True,True,1,1.0
coherent-longitudinal-detuning,coherent_rate_02,8.953539062730911,class_I_direct_unitary_reversible,True,True,True,True,True,1,1.0
coherent-longitudinal-detuning,coherent_rate_02,9.1106186954104,class_I_direct_unitary_reversible,True,True,True,True,True,1,1.0000000000000002
coherent-longitudinal-detuning,coherent_rate_02,9.267698328089889,class_I_direct_unitary_reversible,True,True,True,True,True,1,1.0
coherent-longitudinal-detuning,coherent_rate_02,9.42477796076938,class_I_direct_unitary_reversible,True,True,True,True,True,1,1.0000000000000002
coherent-longitudinal-detuning,coherent_rate_02,9.58185759344887,class_I_direct_unitary_reversible,True,True,True,True,True,1,1.0
coherent-longitudinal-detuning,coherent_rate_02,9.738937226128359,class_I_direct_unitary_reversible,True,True,True,True,True,1,1.0000000000000002
coherent-longitudinal-detuning,coherent_rate_02,9.896016858807847,class_I_direct_unitary_reversible,True,True,True,True,True,1,1.0
coherent-longitudinal-detuning,coherent_rate_02,10.053096491487338,class_I_direct_unitary_reversible,True,True,True,True,True,1,1.0000000000000002
coherent-longitudinal-detuning,coherent_rate_02,10.210176124166829,class_I_direct_unitary_reversible,True,True,True,True,True,1,1.0000000000000002
coherent-longitudinal-detuning,coherent_rate_02,10.367255756846317,class_I_direct_unitary_reversible,True,True,True,True,True,1,1.0
coherent-longitudinal-detuning,coherent_rate_02,10.524335389525806,class_I_direct_unitary_reversible,True,True,True,True,True,1,1.0
coherent-longitudinal-detuning,coherent_rate_02,10.681415022205297,class_I_direct_unitary_reversible,True,True,True,True,True,1,1.0000000000000002
coherent-longitudinal-detuning,coherent_rate_02,10.838494654884787,class_I_direct_unitary_reversible,True,True,True,True,True,1,1.0
coherent-longitudinal-detuning,coherent_rate_02,10.995574287564276,class_I_direct_unitary_reversible,True,True,True,True,True,1,1.0000000000000002
coherent-longitudinal-detuning,coherent_rate_02,11.152653920243765,class_I_direct_unitary_reversible,True,True,True,True,True,1,1.0000000000000002
coherent-longitudinal-detuning,coherent_rate_02,11.309733552923255,class_I_direct_unitary_reversible,True,True,True,True,True,1,1.0000000000000002
coherent-longitudinal-detuning,coherent_rate_02,11.466813185602746,class_I_direct_unitary_reversible,True,True,True,True,True,1,1.0
coherent-longitudinal-detuning,coherent_rate_02,11.623892818282235,class_I_direct_unitary_reversible,True,True,True,True,True,1,1.0
coherent-longitudinal-detuning,coherent_rate_02,11.780972450961723,class_I_direct_unitary_reversible,True,True,True,True,True,1,1.0
coherent-longitudinal-detuning,coherent_rate_02,11.938052083641214,class_I_direct_unitary_reversible,True,True,True,True,True,1,1.0
coherent-longitudinal-detuning,coherent_rate_02,12.095131716320704,class_I_direct_unitary_reversible,True,True,True,True,True,1,1.0
coherent-longitudinal-detuning,coherent_rate_02,12.252211349000193,class_I_direct_unitary_reversible,True,True,True,True,True,1,1.0
coherent-longitudinal-detuning,coherent_rate_02,12.409290981679682,class_I_direct_unitary_reversible,True,True,True,True,True,1,1.0
coherent-longitudinal-detuning,coherent_rate_02,12.566370614359172,class_I_direct_unitary_reversible,True,True,True,True,True,1,1.0
coherent-longitudinal-detuning,coherent_rate_03,0.0,class_I_direct_unitary_reversible,True,True,True,True,True,1,1.0
coherent-longitudinal-detuning,coherent_rate_03,0.15707963267948966,class_I_direct_unitary_reversible,True,True,True,True,True,1,1.0000000000000002
coherent-longitudinal-detuning,coherent_rate_03,0.3141592653589793,class_I_direct_unitary_reversible,True,True,True,True,True,1,1.0
coherent-longitudinal-detuning,coherent_rate_03,0.47123889803846897,class_I_direct_unitary_reversible,True,True,True,True,True,1,1.0
coherent-longitudinal-detuning,coherent_rate_03,0.6283185307179586,class_I_direct_unitary_reversible,True,True,True,True,True,1,1.0000000000000002
coherent-longitudinal-detuning,coherent_rate_03,0.7853981633974483,class_I_direct_unitary_reversible,True,True,True,True,True,1,1.0
coherent-longitudinal-detuning,coherent_rate_03,0.9424777960769379,class_I_direct_unitary_reversible,True,True,True,True,True,1,1.0
coherent-longitudinal-detuning,coherent_rate_03,1.0995574287564276,class_I_direct_unitary_reversible,True,True,True,True,True,1,1.0000000000000002
coherent-longitudinal-detuning,coherent_rate_03,1.2566370614359172,class_I_direct_unitary_reversible,True,True,True,True,True,1,1.0
coherent-longitudinal-detuning,coherent_rate_03,1.413716694115407,class_I_direct_unitary_reversible,True,True,True,True,True,1,1.0
coherent-longitudinal-detuning,coherent_rate_03,1.5707963267948966,class_I_direct_unitary_reversible,True,True,True,True,True,1,1.0
coherent-longitudinal-detuning,coherent_rate_03,1.7278759594743862,class_I_direct_unitary_reversible,True,True,True,True,True,1,1.0
coherent-longitudinal-detuning,coherent_rate_03,1.8849555921538759,class_I_direct_unitary_reversible,True,True,True,True,True,1,1.0
coherent-longitudinal-detuning,coherent_rate_03,2.0420352248333655,class_I_direct_unitary_reversible,True,True,True,True,True,1,1.0
coherent-longitudinal-detuning,coherent_rate_03,2.199114857512855,class_I_direct_unitary_reversible,True,True,True,True,True,1,1.0000000000000002
coherent-longitudinal-detuning,coherent_rate_03,2.356194490192345,class_I_direct_unitary_reversible,True,True,True,True,True,1,1.0000000000000002
coherent-longitudinal-detuning,coherent_rate_03,2.5132741228718345,class_I_direct_unitary_reversible,True,True,True,True,True,1,1.0000000000000002
coherent-longitudinal-detuning,coherent_rate_03,2.670353755551324,class_I_direct_unitary_reversible,True,True,True,True,True,1,1.0
coherent-longitudinal-detuning,coherent_rate_03,2.827433388230814,class_I_direct_unitary_reversible,True,True,True,True,True,1,1.0
coherent-longitudinal-detuning,coherent_rate_03,2.9845130209103035,class_I_direct_unitary_reversible,True,True,True,True,True,1,1.0000000000000002
coherent-longitudinal-detuning,coherent_rate_03,3.141592653589793,class_I_direct_unitary_reversible,True,True,True,True,True,1,1.0
coherent-longitudinal-detuning,coherent_rate_03,3.2986722862692828,class_I_direct_unitary_reversible,True,True,True,True,True,1,1.0
coherent-longitudinal-detuning,coherent_rate_03,3.4557519189487724,class_I_direct_unitary_reversible,True,True,True,True,True,1,1.0
coherent-longitudinal-detuning,coherent_rate_03,3.612831551628262,class_I_direct_unitary_reversible,True,True,True,True,True,1,1.0000000000000002
coherent-longitudinal-detuning,coherent_rate_03,3.7699111843077517,class_I_direct_unitary_reversible,True,True,True,True,True,1,1.0
coherent-longitudinal-detuning,coherent_rate_03,3.9269908169872414,class_I_direct_unitary_reversible,True,True,True,True,True,1,1.0000000000000002
coherent-longitudinal-detuning,coherent_rate_03,4.084070449666731,class_I_direct_unitary_reversible,True,True,True,True,True,1,1.0
coherent-longitudinal-detuning,coherent_rate_03,4.241150082346221,class_I_direct_unitary_reversible,True,True,True,True,True,1,1.0
coherent-longitudinal-detuning,coherent_rate_03,4.39822971502571,class_I_direct_unitary_reversible,True,True,True,True,True,1,1.0000000000000002
coherent-longitudinal-detuning,coherent_rate_03,4.5553093477052,class_I_direct_unitary_reversible,True,True,True,True,True,1,1.0
coherent-longitudinal-detuning,coherent_rate_03,4.71238898038469,class_I_direct_unitary_reversible,True,True,True,True,True,1,1.0
coherent-longitudinal-detuning,coherent_rate_03,4.869468613064179,class_I_direct_unitary_reversible,True,True,True,True,True,1,1.0000000000000002
coherent-longitudinal-detuning,coherent_rate_03,5.026548245743669,class_I_direct_unitary_reversible,True,True,True,True,True,1,1.0000000000000002
coherent-longitudinal-detuning,coherent_rate_03,5.183627878423159,class_I_direct_unitary_reversible,True,True,True,True,True,1,1.0
coherent-longitudinal-detuning,coherent_rate_03,5.340707511102648,class_I_direct_unitary_reversible,True,True,True,True,True,1,1.0
coherent-longitudinal-detuning,coherent_rate_03,5.497787143782138,class_I_direct_unitary_reversible,True,True,True,True,True,1,1.0
coherent-longitudinal-detuning,coherent_rate_03,5.654866776461628,class_I_direct_unitary_reversible,True,True,True,True,True,1,1.0
coherent-longitudinal-detuning,coherent_rate_03,5.811946409141117,class_I_direct_unitary_reversible,True,True,True,True,True,1,1.0
coherent-longitudinal-detuning,coherent_rate_03,5.969026041820607,class_I_direct_unitary_reversible,True,True,True,True,True,1,1.0000000000000002
coherent-longitudinal-detuning,coherent_rate_03,6.126105674500097,class_I_direct_unitary_reversible,True,True,True,True,True,1,1.0
coherent-longitudinal-detuning,coherent_rate_03,6.283185307179586,class_I_direct_unitary_reversible,True,True,True,True,True,1,1.0
coherent-longitudinal-detuning,coherent_rate_03,6.440264939859076,class_I_direct_unitary_reversible,True,True,True,True,True,1,1.0
coherent-longitudinal-detuning,coherent_rate_03,6.5973445725385655,class_I_direct_unitary_reversible,True,True,True,True,True,1,1.0
coherent-longitudinal-detuning,coherent_rate_03,6.754424205218055,class_I_direct_unitary_reversible,True,True,True,True,True,1,1.0
coherent-longitudinal-detuning,coherent_rate_03,6.911503837897545,class_I_direct_unitary_reversible,True,True,True,True,True,1,1.0
coherent-longitudinal-detuning,coherent_rate_03,7.0685834705770345,class_I_direct_unitary_reversible,True,True,True,True,True,1,1.0000000000000002
coherent-longitudinal-detuning,coherent_rate_03,7.225663103256524,class_I_direct_unitary_reversible,True,True,True,True,True,1,1.0000000000000002
coherent-longitudinal-detuning,coherent_rate_03,7.382742735936014,class_I_direct_unitary_reversible,True,True,True,True,True,1,1.0000000000000002
coherent-longitudinal-detuning,coherent_rate_03,7.5398223686155035,class_I_direct_unitary_reversible,True,True,True,True,True,1,1.0000000000000002
coherent-longitudinal-detuning,coherent_rate_03,7.696902001294993,class_I_direct_unitary_reversible,True,True,True,True,True,1,1.0
coherent-longitudinal-detuning,coherent_rate_03,7.853981633974483,class_I_direct_unitary_reversible,True,True,True,True,True,1,1.0
coherent-longitudinal-detuning,coherent_rate_03,8.011061266653972,class_I_direct_unitary_reversible,True,True,True,True,True,1,1.0000000000000002
coherent-longitudinal-detuning,coherent_rate_03,8.168140899333462,class_I_direct_unitary_reversible,True,True,True,True,True,1,1.0
coherent-longitudinal-detuning,coherent_rate_03,8.325220532012953,class_I_direct_unitary_reversible,True,True,True,True,True,1,1.0
coherent-longitudinal-detuning,coherent_rate_03,8.482300164692441,class_I_direct_unitary_reversible,True,True,True,True,True,1,1.0000000000000002
coherent-longitudinal-detuning,coherent_rate_03,8.63937979737193,class_I_direct_unitary_reversible,True,True,True,True,True,1,1.0000000000000002
coherent-longitudinal-detuning,coherent_rate_03,8.79645943005142,class_I_direct_unitary_reversible,True,True,True,True,True,1,1.0
coherent-longitudinal-detuning,coherent_rate_03,8.953539062730911,class_I_direct_unitary_reversible,True,True,True,True,True,1,1.0
coherent-longitudinal-detuning,coherent_rate_03,9.1106186954104,class_I_direct_unitary_reversible,True,True,True,True,True,1,1.0
coherent-longitudinal-detuning,coherent_rate_03,9.267698328089889,class_I_direct_unitary_reversible,True,True,True,True,True,1,1.0000000000000002
coherent-longitudinal-detuning,coherent_rate_03,9.42477796076938,class_I_direct_unitary_reversible,True,True,True,True,True,1,1.0
coherent-longitudinal-detuning,coherent_rate_03,9.58185759344887,class_I_direct_unitary_reversible,True,True,True,True,True,1,1.0
coherent-longitudinal-detuning,coherent_rate_03,9.738937226128359,class_I_direct_unitary_reversible,True,True,True,True,True,1,1.0000000000000002
coherent-longitudinal-detuning,coherent_rate_03,9.896016858807847,class_I_direct_unitary_reversible,True,True,True,True,True,1,1.0
coherent-longitudinal-detuning,coherent_rate_03,10.053096491487338,class_I_direct_unitary_reversible,True,True,True,True,True,1,1.0000000000000002
coherent-longitudinal-detuning,coherent_rate_03,10.210176124166829,class_I_direct_unitary_reversible,True,True,True,True,True,1,1.0000000000000002
coherent-longitudinal-detuning,coherent_rate_03,10.367255756846317,class_I_direct_unitary_reversible,True,True,True,True,True,1,1.0
coherent-longitudinal-detuning,coherent_rate_03,10.524335389525806,class_I_direct_unitary_reversible,True,True,True,True,True,1,1.0
coherent-longitudinal-detuning,coherent_rate_03,10.681415022205297,class_I_direct_unitary_reversible,True,True,True,True,True,1,1.0
coherent-longitudinal-detuning,coherent_rate_03,10.838494654884787,class_I_direct_unitary_reversible,True,True,True,True,True,1,1.0000000000000002
coherent-longitudinal-detuning,coherent_rate_03,10.995574287564276,class_I_direct_unitary_reversible,True,True,True,True,True,1,1.0
coherent-longitudinal-detuning,coherent_rate_03,11.152653920243765,class_I_direct_unitary_reversible,True,True,True,True,True,1,1.0
coherent-longitudinal-detuning,coherent_rate_03,11.309733552923255,class_I_direct_unitary_reversible,True,True,True,True,True,1,1.0000000000000002
coherent-longitudinal-detuning,coherent_rate_03,11.466813185602746,class_I_direct_unitary_reversible,True,True,True,True,True,1,1.0000000000000002
coherent-longitudinal-detuning,coherent_rate_03,11.623892818282235,class_I_direct_unitary_reversible,True,True,True,True,True,1,1.0000000000000002
coherent-longitudinal-detuning,coherent_rate_03,11.780972450961723,class_I_direct_unitary_reversible,True,True,True,True,True,1,1.0
coherent-longitudinal-detuning,coherent_rate_03,11.938052083641214,class_I_direct_unitary_reversible,True,True,True,True,True,1,1.0
coherent-longitudinal-detuning,coherent_rate_03,12.095131716320704,class_I_direct_unitary_reversible,True,True,True,True,True,1,1.0
coherent-longitudinal-detuning,coherent_rate_03,12.252211349000193,class_I_direct_unitary_reversible,True,True,True,True,True,1,1.0000000000000002
coherent-longitudinal-detuning,coherent_rate_03,12.409290981679682,class_I_direct_unitary_reversible,True,True,True,True,True,1,1.0
coherent-longitudinal-detuning,coherent_rate_03,12.566370614359172,class_I_direct_unitary_reversible,True,True,True,True,True,1,1.0
coherent-longitudinal-detuning,coherent_rate_04,0.0,class_I_direct_unitary_reversible,True,True,True,True,True,1,1.0
coherent-longitudinal-detuning,coherent_rate_04,0.15707963267948966,class_I_direct_unitary_reversible,True,True,True,True,True,1,1.0
coherent-longitudinal-detuning,coherent_rate_04,0.3141592653589793,class_I_direct_unitary_reversible,True,True,True,True,True,1,1.0
coherent-longitudinal-detuning,coherent_rate_04,0.47123889803846897,class_I_direct_unitary_reversible,True,True,True,True,True,1,1.0000000000000002
coherent-longitudinal-detuning,coherent_rate_04,0.6283185307179586,class_I_direct_unitary_reversible,True,True,True,True,True,1,1.0
coherent-longitudinal-detuning,coherent_rate_04,0.7853981633974483,class_I_direct_unitary_reversible,True,True,True,True,True,1,1.0000000000000002
coherent-longitudinal-detuning,coherent_rate_04,0.9424777960769379,class_I_direct_unitary_reversible,True,True,True,True,True,1,1.0
coherent-longitudinal-detuning,coherent_rate_04,1.0995574287564276,class_I_direct_unitary_reversible,True,True,True,True,True,1,1.0000000000000002
coherent-longitudinal-detuning,coherent_rate_04,1.2566370614359172,class_I_direct_unitary_reversible,True,True,True,True,True,1,1.0
coherent-longitudinal-detuning,coherent_rate_04,1.413716694115407,class_I_direct_unitary_reversible,True,True,True,True,True,1,1.0
coherent-longitudinal-detuning,coherent_rate_04,1.5707963267948966,class_I_direct_unitary_reversible,True,True,True,True,True,1,1.0000000000000002
coherent-longitudinal-detuning,coherent_rate_04,1.7278759594743862,class_I_direct_unitary_reversible,True,True,True,True,True,1,1.0
coherent-longitudinal-detuning,coherent_rate_04,1.8849555921538759,class_I_direct_unitary_reversible,True,True,True,True,True,1,1.0
coherent-longitudinal-detuning,coherent_rate_04,2.0420352248333655,class_I_direct_unitary_reversible,True,True,True,True,True,1,1.0000000000000002
coherent-longitudinal-detuning,coherent_rate_04,2.199114857512855,class_I_direct_unitary_reversible,True,True,True,True,True,1,1.0
coherent-longitudinal-detuning,coherent_rate_04,2.356194490192345,class_I_direct_unitary_reversible,True,True,True,True,True,1,1.0000000000000002
coherent-longitudinal-detuning,coherent_rate_04,2.5132741228718345,class_I_direct_unitary_reversible,True,True,True,True,True,1,1.0
coherent-longitudinal-detuning,coherent_rate_04,2.670353755551324,class_I_direct_unitary_reversible,True,True,True,True,True,1,1.0
coherent-longitudinal-detuning,coherent_rate_04,2.827433388230814,class_I_direct_unitary_reversible,True,True,True,True,True,1,1.0
coherent-longitudinal-detuning,coherent_rate_04,2.9845130209103035,class_I_direct_unitary_reversible,True,True,True,True,True,1,1.0000000000000002
coherent-longitudinal-detuning,coherent_rate_04,3.141592653589793,class_I_direct_unitary_reversible,True,True,True,True,True,1,1.0
coherent-longitudinal-detuning,coherent_rate_04,3.2986722862692828,class_I_direct_unitary_reversible,True,True,True,True,True,1,1.0000000000000002
coherent-longitudinal-detuning,coherent_rate_04,3.4557519189487724,class_I_direct_unitary_reversible,True,True,True,True,True,1,1.0
coherent-longitudinal-detuning,coherent_rate_04,3.612831551628262,class_I_direct_unitary_reversible,True,True,True,True,True,1,1.0
coherent-longitudinal-detuning,coherent_rate_04,3.7699111843077517,class_I_direct_unitary_reversible,True,True,True,True,True,1,1.0
coherent-longitudinal-detuning,coherent_rate_04,3.9269908169872414,class_I_direct_unitary_reversible,True,True,True,True,True,1,1.0000000000000002
coherent-longitudinal-detuning,coherent_rate_04,4.084070449666731,class_I_direct_unitary_reversible,True,True,True,True,True,1,1.0
coherent-longitudinal-detuning,coherent_rate_04,4.241150082346221,class_I_direct_unitary_reversible,True,True,True,True,True,1,1.0000000000000002
coherent-longitudinal-detuning,coherent_rate_04,4.39822971502571,class_I_direct_unitary_reversible,True,True,True,True,True,1,1.0
coherent-longitudinal-detuning,coherent_rate_04,4.5553093477052,class_I_direct_unitary_reversible,True,True,True,True,True,1,1.0000000000000002
coherent-longitudinal-detuning,coherent_rate_04,4.71238898038469,class_I_direct_unitary_reversible,True,True,True,True,True,1,1.0000000000000002
coherent-longitudinal-detuning,coherent_rate_04,4.869468613064179,class_I_direct_unitary_reversible,True,True,True,True,True,1,1.0000000000000002
coherent-longitudinal-detuning,coherent_rate_04,5.026548245743669,class_I_direct_unitary_reversible,True,True,True,True,True,1,1.0000000000000002
coherent-longitudinal-detuning,coherent_rate_04,5.183627878423159,class_I_direct_unitary_reversible,True,True,True,True,True,1,1.0
coherent-longitudinal-detuning,coherent_rate_04,5.340707511102648,class_I_direct_unitary_reversible,True,True,True,True,True,1,1.0000000000000002
coherent-longitudinal-detuning,coherent_rate_04,5.497787143782138,class_I_direct_unitary_reversible,True,True,True,True,True,1,1.0000000000000002
coherent-longitudinal-detuning,coherent_rate_04,5.654866776461628,class_I_direct_unitary_reversible,True,True,True,True,True,1,1.0000000000000002
coherent-longitudinal-detuning,coherent_rate_04,5.811946409141117,class_I_direct_unitary_reversible,True,True,True,True,True,1,1.0
coherent-longitudinal-detuning,coherent_rate_04,5.969026041820607,class_I_direct_unitary_reversible,True,True,True,True,True,1,1.0
coherent-longitudinal-detuning,coherent_rate_04,6.126105674500097,class_I_direct_unitary_reversible,True,True,True,True,True,1,1.0
coherent-longitudinal-detuning,coherent_rate_04,6.283185307179586,class_I_direct_unitary_reversible,True,True,True,True,True,1,1.0
coherent-longitudinal-detuning,coherent_rate_04,6.440264939859076,class_I_direct_unitary_reversible,True,True,True,True,True,1,1.0
coherent-longitudinal-detuning,coherent_rate_04,6.5973445725385655,class_I_direct_unitary_reversible,True,True,True,True,True,1,1.0
coherent-longitudinal-detuning,coherent_rate_04,6.754424205218055,class_I_direct_unitary_reversible,True,True,True,True,True,1,1.0
coherent-longitudinal-detuning,coherent_rate_04,6.911503837897545,class_I_direct_unitary_reversible,True,True,True,True,True,1,1.0
coherent-longitudinal-detuning,coherent_rate_04,7.0685834705770345,class_I_direct_unitary_reversible,True,True,True,True,True,1,1.0
coherent-longitudinal-detuning,coherent_rate_04,7.225663103256524,class_I_direct_unitary_reversible,True,True,True,True,True,1,1.0000000000000002
coherent-longitudinal-detuning,coherent_rate_04,7.382742735936014,class_I_direct_unitary_reversible,True,True,True,True,True,1,1.0000000000000002
coherent-longitudinal-detuning,coherent_rate_04,7.5398223686155035,class_I_direct_unitary_reversible,True,True,True,True,True,1,1.0000000000000002
coherent-longitudinal-detuning,coherent_rate_04,7.696902001294993,class_I_direct_unitary_reversible,True,True,True,True,True,1,1.0
coherent-longitudinal-detuning,coherent_rate_04,7.853981633974483,class_I_direct_unitary_reversible,True,True,True,True,True,1,1.0
coherent-longitudinal-detuning,coherent_rate_04,8.011061266653972,class_I_direct_unitary_reversible,True,True,True,True,True,1,1.0000000000000002
coherent-longitudinal-detuning,coherent_rate_04,8.168140899333462,class_I_direct_unitary_reversible,True,True,True,True,True,1,1.0000000000000002
coherent-longitudinal-detuning,coherent_rate_04,8.325220532012953,class_I_direct_unitary_reversible,True,True,True,True,True,1,1.0
coherent-longitudinal-detuning,coherent_rate_04,8.482300164692441,class_I_direct_unitary_reversible,True,True,True,True,True,1,1.0
coherent-longitudinal-detuning,coherent_rate_04,8.63937979737193,class_I_direct_unitary_reversible,True,True,True,True,True,1,1.0
coherent-longitudinal-detuning,coherent_rate_04,8.79645943005142,class_I_direct_unitary_reversible,True,True,True,True,True,1,1.0000000000000002
coherent-longitudinal-detuning,coherent_rate_04,8.953539062730911,class_I_direct_unitary_reversible,True,True,True,True,True,1,1.0
coherent-longitudinal-detuning,coherent_rate_04,9.1106186954104,class_I_direct_unitary_reversible,True,True,True,True,True,1,1.0
coherent-longitudinal-detuning,coherent_rate_04,9.267698328089889,class_I_direct_unitary_reversible,True,True,True,True,True,1,1.0000000000000002
coherent-longitudinal-detuning,coherent_rate_04,9.42477796076938,class_I_direct_unitary_reversible,True,True,True,True,True,1,1.0
coherent-longitudinal-detuning,coherent_rate_04,9.58185759344887,class_I_direct_unitary_reversible,True,True,True,True,True,1,1.0
coherent-longitudinal-detuning,coherent_rate_04,9.738937226128359,class_I_direct_unitary_reversible,True,True,True,True,True,1,1.0000000000000002
coherent-longitudinal-detuning,coherent_rate_04,9.896016858807847,class_I_direct_unitary_reversible,True,True,True,True,True,1,1.0
coherent-longitudinal-detuning,coherent_rate_04,10.053096491487338,class_I_direct_unitary_reversible,True,True,True,True,True,1,1.0
coherent-longitudinal-detuning,coherent_rate_04,10.210176124166829,class_I_direct_unitary_reversible,True,True,True,True,True,1,1.0
coherent-longitudinal-detuning,coherent_rate_04,10.367255756846317,class_I_direct_unitary_reversible,True,True,True,True,True,1,1.0
coherent-longitudinal-detuning,coherent_rate_04,10.524335389525806,class_I_direct_unitary_reversible,True,True,True,True,True,1,1.0
coherent-longitudinal-detuning,coherent_rate_04,10.681415022205297,class_I_direct_unitary_reversible,True,True,True,True,True,1,1.0000000000000002
coherent-longitudinal-detuning,coherent_rate_04,10.838494654884787,class_I_direct_unitary_reversible,True,True,True,True,True,1,1.0000000000000002
coherent-longitudinal-detuning,coherent_rate_04,10.995574287564276,class_I_direct_unitary_reversible,True,True,True,True,True,1,1.0
coherent-longitudinal-detuning,coherent_rate_04,11.152653920243765,class_I_direct_unitary_reversible,True,True,True,True,True,1,1.0000000000000002
coherent-longitudinal-detuning,coherent_rate_04,11.309733552923255,class_I_direct_unitary_reversible,True,True,True,True,True,1,1.0
coherent-longitudinal-detuning,coherent_rate_04,11.466813185602746,class_I_direct_unitary_reversible,True,True,True,True,True,1,1.0
coherent-longitudinal-detuning,coherent_rate_04,11.623892818282235,class_I_direct_unitary_reversible,True,True,True,True,True,1,1.0
coherent-longitudinal-detuning,coherent_rate_04,11.780972450961723,class_I_direct_unitary_reversible,True,True,True,True,True,1,1.0000000000000002
coherent-longitudinal-detuning,coherent_rate_04,11.938052083641214,class_I_direct_unitary_reversible,True,True,True,True,True,1,1.0
coherent-longitudinal-detuning,coherent_rate_04,12.095131716320704,class_I_direct_unitary_reversible,True,True,True,True,True,1,1.0
coherent-longitudinal-detuning,coherent_rate_04,12.252211349000193,class_I_direct_unitary_reversible,True,True,True,True,True,1,1.0000000000000002
coherent-longitudinal-detuning,coherent_rate_04,12.409290981679682,class_I_direct_unitary_reversible,True,True,True,True,True,1,1.0
coherent-longitudinal-detuning,coherent_rate_04,12.566370614359172,class_I_direct_unitary_reversible,True,True,True,True,True,1,1.0
finite-two-level-exchange-relaxation,exchange_rate_00,0.0,class_I_direct_unitary_reversible,True,True,True,True,True,1,1.0
finite-two-level-exchange-relaxation,exchange_rate_00,0.15707963267948966,class_II_linearly_invertible_without_CPTP_inverse,True,True,True,False,False,2,1.0021838367178566
finite-two-level-exchange-relaxation,exchange_rate_00,0.3141592653589793,class_II_linearly_invertible_without_CPTP_inverse,True,True,True,False,False,2,1.0087707896701348
finite-two-level-exchange-relaxation,exchange_rate_00,0.47123889803846897,class_II_linearly_invertible_without_CPTP_inverse,True,True,True,False,False,2,1.019868267121806
finite-two-level-exchange-relaxation,exchange_rate_00,0.6283185307179586,class_II_linearly_invertible_without_CPTP_inverse,True,True,True,False,False,2,1.035658931940721
finite-two-level-exchange-relaxation,exchange_rate_00,0.7853981633974483,class_II_linearly_invertible_without_CPTP_inverse,True,True,True,False,False,2,1.0564063517757252
finite-two-level-exchange-relaxation,exchange_rate_00,0.9424777960769379,class_II_linearly_invertible_without_CPTP_inverse,True,True,True,False,False,2,1.082463274142307
finite-two-level-exchange-relaxation,exchange_rate_00,1.0995574287564276,class_II_linearly_invertible_without_CPTP_inverse,True,True,True,False,False,2,1.114282919824583
finite-two-level-exchange-relaxation,exchange_rate_00,1.2566370614359172,class_II_linearly_invertible_without_CPTP_inverse,True,True,True,False,False,2,1.1524338443088116
finite-two-level-exchange-relaxation,exchange_rate_00,1.413716694115407,class_II_linearly_invertible_without_CPTP_inverse,True,True,True,False,False,2,1.1976191120885051
finite-two-level-exchange-relaxation,exchange_rate_00,1.5707963267948966,class_II_linearly_invertible_without_CPTP_inverse,True,True,True,False,False,2,1.2507007788789988
finite-two-level-exchange-relaxation,exchange_rate_00,1.7278759594743862,class_II_linearly_invertible_without_CPTP_inverse,True,True,True,False,False,2,1.3127310046476095
finite-two-level-exchange-relaxation,exchange_rate_00,1.8849555921538759,class_II_linearly_invertible_without_CPTP_inverse,True,True,True,False,False,2,1.3849915580778125
finite-two-level-exchange-relaxation,exchange_rate_00,2.0420352248333655,class_II_linearly_invertible_without_CPTP_inverse,True,True,True,False,False,2,1.4690440673532097
finite-two-level-exchange-relaxation,exchange_rate_00,2.199114857512855,class_II_linearly_invertible_without_CPTP_inverse,True,True,True,False,False,2,1.5667941919386434
finite-two-level-exchange-relaxation,exchange_rate_00,2.356194490192345,class_II_linearly_invertible_without_CPTP_inverse,True,True,True,False,False,2,1.6805740387411319
finite-two-level-exchange-relaxation,exchange_rate_00,2.5132741228718345,class_II_linearly_invertible_without_CPTP_inverse,True,True,True,False,False,2,1.8132487808590492
finite-two-level-exchange-relaxation,exchange_rate_00,2.670353755551324,class_II_linearly_invertible_without_CPTP_inverse,True,True,True,False,False,2,1.968355800456537
finite-two-level-exchange-relaxation,exchange_rate_00,2.827433388230814,class_II_linearly_invertible_without_CPTP_inverse,True,True,True,False,False,2,2.150288148186352
finite-two-level-exchange-relaxation,exchange_rate_00,2.9845130209103035,class_II_linearly_invertible_without_CPTP_inverse,True,True,True,False,False,2,2.3645392918846824
finite-two-level-exchange-relaxation,exchange_rate_00,3.141592653589793,class_II_linearly_invertible_without_CPTP_inverse,True,True,True,False,False,2,2.618033988749894
finite-two-level-exchange-relaxation,exchange_rate_00,3.2986722862692828,class_II_linearly_invertible_without_CPTP_inverse,True,True,True,False,False,2,2.91958225687815
finite-two-level-exchange-relaxation,exchange_rate_00,3.4557519189487724,class_II_linearly_invertible_without_CPTP_inverse,True,True,True,False,False,2,3.28051253182095
finite-two-level-exchange-relaxation,exchange_rate_00,3.612831551628262,class_II_linearly_invertible_without_CPTP_inverse,True,True,True,False,False,2,3.7155708007580768
finite-two-level-exchange-relaxation,exchange_rate_00,3.7699111843077517,class_II_linearly_invertible_without_CPTP_inverse,True,True,True,False,False,2,4.244223000770455
finite-two-level-exchange-relaxation,exchange_rate_00,3.9269908169872414,class_II_linearly_invertible_without_CPTP_inverse,True,True,True,False,False,2,4.89258317888694
finite-two-level-exchange-relaxation,exchange_rate_00,4.084070449666731,class_II_linearly_invertible_without_CPTP_inverse,True,True,True,False,False,2,5.696337976554443
finite-two-level-exchange-relaxation,exchange_rate_00,4.241150082346221,class_II_linearly_invertible_without_CPTP_inverse,True,True,True,False,False,2,6.705303935667597
finite-two-level-exchange-relaxation,exchange_rate_00,4.39822971502571,class_II_linearly_invertible_without_CPTP_inverse,True,True,True,False,False,2,7.990750042453047
finite-two-level-exchange-relaxation,exchange_rate_00,4.5553093477052,class_II_linearly_invertible_without_CPTP_inverse,True,True,True,False,False,2,9.657583272391333
finite-two-level-exchange-relaxation,exchange_rate_00,4.71238898038469,class_II_linearly_invertible_without_CPTP_inverse,True,True,True,False,False,2,11.865469301586687
finite-two-level-exchange-relaxation,exchange_rate_00,4.869468613064179,class_II_linearly_invertible_without_CPTP_inverse,True,True,True,False,False,2,14.867238538301129
finite-two-level-exchange-relaxation,exchange_rate_00,5.026548245743669,class_II_linearly_invertible_without_CPTP_inverse,True,True,True,False,False,2,19.08285184673115
finite-two-level-exchange-relaxation,exchange_rate_00,5.183627878423159,class_II_linearly_invertible_without_CPTP_inverse,True,True,True,False,False,2,25.252197848952267
finite-two-level-exchange-relaxation,exchange_rate_00,5.340707511102648,class_II_linearly_invertible_without_CPTP_inverse,True,True,True,False,False,2,34.779685408759754
finite-two-level-exchange-relaxation,exchange_rate_00,5.497787143782138,class_II_linearly_invertible_without_CPTP_inverse,True,True,True,False,False,2,50.60464417352399
finite-two-level-exchange-relaxation,exchange_rate_00,5.654866776461628,class_II_linearly_invertible_without_CPTP_inverse,True,True,True,False,False,2,79.76332277127968
finite-two-level-exchange-relaxation,exchange_rate_00,5.811946409141117,class_II_linearly_invertible_without_CPTP_inverse,True,True,True,False,False,2,142.7903870672898
finite-two-level-exchange-relaxation,exchange_rate_00,5.969026041820607,class_II_linearly_invertible_without_CPTP_inverse,True,True,True,False,False,2,322.90449236363344
finite-two-level-exchange-relaxation,exchange_rate_00,6.126105674500097,class_II_linearly_invertible_without_CPTP_inverse,True,True,True,False,False,2,1295.5803337670282
finite-two-level-exchange-relaxation,exchange_rate_00,6.283185307179586,class_II_reduced_nonunitary_noninvertible,False,False,False,,False,2,
finite-two-level-exchange-relaxation,exchange_rate_00,6.440264939859076,class_II_linearly_invertible_without_CPTP_inverse,True,True,True,False,False,2,1295.5803337670282
finite-two-level-exchange-relaxation,exchange_rate_00,6.5973445725385655,class_II_linearly_invertible_without_CPTP_inverse,True,True,True,False,False,2,322.90449236363344
finite-two-level-exchange-relaxation,exchange_rate_00,6.754424205218055,class_II_linearly_invertible_without_CPTP_inverse,True,True,True,False,False,2,142.7903870672898
finite-two-level-exchange-relaxation,exchange_rate_00,6.911503837897545,class_II_linearly_invertible_without_CPTP_inverse,True,True,True,False,False,2,79.76332277127968
finite-two-level-exchange-relaxation,exchange_rate_00,7.0685834705770345,class_II_linearly_invertible_without_CPTP_inverse,True,True,True,False,False,2,50.60464417352399
finite-two-level-exchange-relaxation,exchange_rate_00,7.225663103256524,class_II_linearly_invertible_without_CPTP_inverse,True,True,True,False,False,2,34.77968540875983
finite-two-level-exchange-relaxation,exchange_rate_00,7.382742735936014,class_II_linearly_invertible_without_CPTP_inverse,True,True,True,False,False,2,25.252197848952267
finite-two-level-exchange-relaxation,exchange_rate_00,7.5398223686155035,class_II_linearly_invertible_without_CPTP_inverse,True,True,True,False,False,2,19.08285184673119
finite-two-level-exchange-relaxation,exchange_rate_00,7.696902001294993,class_II_linearly_invertible_without_CPTP_inverse,True,True,True,False,False,2,14.867238538301129
finite-two-level-exchange-relaxation,exchange_rate_00,7.853981633974483,class_II_linearly_invertible_without_CPTP_inverse,True,True,True,False,False,2,11.865469301586687
finite-two-level-exchange-relaxation,exchange_rate_00,8.011061266653972,class_II_linearly_invertible_without_CPTP_inverse,True,True,True,False,False,2,9.657583272391362
finite-two-level-exchange-relaxation,exchange_rate_00,8.168140899333462,class_II_linearly_invertible_without_CPTP_inverse,True,True,True,False,False,2,7.990750042453056
finite-two-level-exchange-relaxation,exchange_rate_00,8.325220532012953,class_II_linearly_invertible_without_CPTP_inverse,True,True,True,False,False,2,6.705303935667597
finite-two-level-exchange-relaxation,exchange_rate_00,8.482300164692441,class_II_linearly_invertible_without_CPTP_inverse,True,True,True,False,False,2,5.696337976554447
finite-two-level-exchange-relaxation,exchange_rate_00,8.63937979737193,class_II_linearly_invertible_without_CPTP_inverse,True,True,True,False,False,2,4.892583178886948
finite-two-level-exchange-relaxation,exchange_rate_00,8.79645943005142,class_II_linearly_invertible_without_CPTP_inverse,True,True,True,False,False,2,4.244223000770455
finite-two-level-exchange-relaxation,exchange_rate_00,8.953539062730911,class_II_linearly_invertible_without_CPTP_inverse,True,True,True,False,False,2,3.7155708007580746
finite-two-level-exchange-relaxation,exchange_rate_00,9.1106186954104,class_II_linearly_invertible_without_CPTP_inverse,True,True,True,False,False,2,3.2805125318209516
finite-two-level-exchange-relaxation,exchange_rate_00,9.267698328089889,class_II_linearly_invertible_without_CPTP_inverse,True,True,True,False,False,2,2.9195822568781526
finite-two-level-exchange-relaxation,exchange_rate_00,9.42477796076938,class_II_linearly_invertible_without_CPTP_inverse,True,True,True,False,False,2,2.6180339887498953
finite-two-level-exchange-relaxation,exchange_rate_00,9.58185759344887,class_II_linearly_invertible_without_CPTP_inverse,True,True,True,False,False,2,2.3645392918846824
finite-two-level-exchange-relaxation,exchange_rate_00,9.738937226128359,class_II_linearly_invertible_without_CPTP_inverse,True,True,True,False,False,2,2.150288148186352
finite-two-level-exchange-relaxation,exchange_rate_00,9.896016858807847,class_II_linearly_invertible_without_CPTP_inverse,True,True,True,False,False,2,1.9683558004565385
finite-two-level-exchange-relaxation,exchange_rate_00,10.053096491487338,class_II_linearly_invertible_without_CPTP_inverse,True,True,True,False,False,2,1.8132487808590494
finite-two-level-exchange-relaxation,exchange_rate_00,10.210176124166829,class_II_linearly_invertible_without_CPTP_inverse,True,True,True,False,False,2,1.6805740387411319
finite-two-level-exchange-relaxation,exchange_rate_00,10.367255756846317,class_II_linearly_invertible_without_CPTP_inverse,True,True,True,False,False,2,1.5667941919386439
finite-two-level-exchange-relaxation,exchange_rate_00,10.524335389525806,class_II_linearly_invertible_without_CPTP_inverse,True,True,True,False,False,2,1.4690440673532104
finite-two-level-exchange-relaxation,exchange_rate_00,10.681415022205297,class_II_linearly_invertible_without_CPTP_inverse,True,True,True,False,False,2,1.3849915580778127
finite-two-level-exchange-relaxation,exchange_rate_00,10.838494654884787,class_II_linearly_invertible_without_CPTP_inverse,True,True,True,False,False,2,1.3127310046476088
finite-two-level-exchange-relaxation,exchange_rate_00,10.995574287564276,class_II_linearly_invertible_without_CPTP_inverse,True,True,True,False,False,2,1.2507007788789988
finite-two-level-exchange-relaxation,exchange_rate_00,11.152653920243765,class_II_linearly_invertible_without_CPTP_inverse,True,True,True,False,False,2,1.1976191120885056
finite-two-level-exchange-relaxation,exchange_rate_00,11.309733552923255,class_II_linearly_invertible_without_CPTP_inverse,True,True,True,False,False,2,1.1524338443088118
finite-two-level-exchange-relaxation,exchange_rate_00,11.466813185602746,class_II_linearly_invertible_without_CPTP_inverse,True,True,True,False,False,2,1.1142829198245827
finite-two-level-exchange-relaxation,exchange_rate_00,11.623892818282235,class_II_linearly_invertible_without_CPTP_inverse,True,True,True,False,False,2,1.082463274142307
finite-two-level-exchange-relaxation,exchange_rate_00,11.780972450961723,class_II_linearly_invertible_without_CPTP_inverse,True,True,True,False,False,2,1.0564063517757254
finite-two-level-exchange-relaxation,exchange_rate_00,11.938052083641214,class_II_linearly_invertible_without_CPTP_inverse,True,True,True,False,False,2,1.0356589319407212
finite-two-level-exchange-relaxation,exchange_rate_00,12.095131716320704,class_II_linearly_invertible_without_CPTP_inverse,True,True,True,False,False,2,1.0198682671218058
finite-two-level-exchange-relaxation,exchange_rate_00,12.252211349000193,class_II_linearly_invertible_without_CPTP_inverse,True,True,True,False,False,2,1.0087707896701348
finite-two-level-exchange-relaxation,exchange_rate_00,12.409290981679682,class_II_linearly_invertible_without_CPTP_inverse,True,True,True,False,False,2,1.0021838367178568
finite-two-level-exchange-relaxation,exchange_rate_00,12.566370614359172,class_I_direct_unitary_reversible,True,True,True,True,True,1,1.0
finite-two-level-exchange-relaxation,exchange_rate_01,0.0,class_I_direct_unitary_reversible,True,True,True,True,True,1,1.0
finite-two-level-exchange-relaxation,exchange_rate_01,0.15707963267948966,class_II_linearly_invertible_without_CPTP_inverse,True,True,True,False,False,2,1.0087707896701348
finite-two-level-exchange-relaxation,exchange_rate_01,0.3141592653589793,class_II_linearly_invertible_without_CPTP_inverse,True,True,True,False,False,2,1.035658931940721
finite-two-level-exchange-relaxation,exchange_rate_01,0.47123889803846897,class_II_linearly_invertible_without_CPTP_inverse,True,True,True,False,False,2,1.082463274142307
finite-two-level-exchange-relaxation,exchange_rate_01,0.6283185307179586,class_II_linearly_invertible_without_CPTP_inverse,True,True,True,False,False,2,1.1524338443088116
finite-two-level-exchange-relaxation,exchange_rate_01,0.7853981633974483,class_II_linearly_invertible_without_CPTP_inverse,True,True,True,False,False,2,1.2507007788789988
finite-two-level-exchange-relaxation,exchange_rate_01,0.9424777960769379,class_II_linearly_invertible_without_CPTP_inverse,True,True,True,False,False,2,1.3849915580778125
finite-two-level-exchange-relaxation,exchange_rate_01,1.0995574287564276,class_II_linearly_invertible_without_CPTP_inverse,True,True,True,False,False,2,1.5667941919386434
finite-two-level-exchange-relaxation,exchange_rate_01,1.2566370614359172,class_II_linearly_invertible_without_CPTP_inverse,True,True,True,False,False,2,1.8132487808590492
finite-two-level-exchange-relaxation,exchange_rate_01,1.413716694115407,class_II_linearly_invertible_without_CPTP_inverse,True,True,True,False,False,2,2.150288148186352
finite-two-level-exchange-relaxation,exchange_rate_01,1.5707963267948966,class_II_linearly_invertible_without_CPTP_inverse,True,True,True,False,False,2,2.618033988749894
finite-two-level-exchange-relaxation,exchange_rate_01,1.7278759594743862,class_II_linearly_invertible_without_CPTP_inverse,True,True,True,False,False,2,3.28051253182095
finite-two-level-exchange-relaxation,exchange_rate_01,1.8849555921538759,class_II_linearly_invertible_without_CPTP_inverse,True,True,True,False,False,2,4.244223000770455
finite-two-level-exchange-relaxation,exchange_rate_01,2.0420352248333655,class_II_linearly_invertible_without_CPTP_inverse,True,True,True,False,False,2,5.696337976554443
finite-two-level-exchange-relaxation,exchange_rate_01,2.199114857512855,class_II_linearly_invertible_without_CPTP_inverse,True,True,True,False,False,2,7.990750042453047
finite-two-level-exchange-relaxation,exchange_rate_01,2.356194490192345,class_II_linearly_invertible_without_CPTP_inverse,True,True,True,False,False,2,11.865469301586687
finite-two-level-exchange-relaxation,exchange_rate_01,2.5132741228718345,class_II_linearly_invertible_without_CPTP_inverse,True,True,True,False,False,2,19.08285184673115
finite-two-level-exchange-relaxation,exchange_rate_01,2.670353755551324,class_II_linearly_invertible_without_CPTP_inverse,True,True,True,False,False,2,34.779685408759754
finite-two-level-exchange-relaxation,exchange_rate_01,2.827433388230814,class_II_linearly_invertible_without_CPTP_inverse,True,True,True,False,False,2,79.76332277127968
finite-two-level-exchange-relaxation,exchange_rate_01,2.9845130209103035,class_II_linearly_invertible_without_CPTP_inverse,True,True,True,False,False,2,322.90449236363344
finite-two-level-exchange-relaxation,exchange_rate_01,3.141592653589793,class_II_reduced_nonunitary_noninvertible,False,False,False,,False,2,
finite-two-level-exchange-relaxation,exchange_rate_01,3.2986722862692828,class_II_linearly_invertible_without_CPTP_inverse,True,True,True,False,False,2,322.90449236363344
finite-two-level-exchange-relaxation,exchange_rate_01,3.4557519189487724,class_II_linearly_invertible_without_CPTP_inverse,True,True,True,False,False,2,79.76332277127968
finite-two-level-exchange-relaxation,exchange_rate_01,3.612831551628262,class_II_linearly_invertible_without_CPTP_inverse,True,True,True,False,False,2,34.77968540875983
finite-two-level-exchange-relaxation,exchange_rate_01,3.7699111843077517,class_II_linearly_invertible_without_CPTP_inverse,True,True,True,False,False,2,19.08285184673119
finite-two-level-exchange-relaxation,exchange_rate_01,3.9269908169872414,class_II_linearly_invertible_without_CPTP_inverse,True,True,True,False,False,2,11.865469301586687
finite-two-level-exchange-relaxation,exchange_rate_01,4.084070449666731,class_II_linearly_invertible_without_CPTP_inverse,True,True,True,False,False,2,7.990750042453056
finite-two-level-exchange-relaxation,exchange_rate_01,4.241150082346221,class_II_linearly_invertible_without_CPTP_inverse,True,True,True,False,False,2,5.696337976554447
finite-two-level-exchange-relaxation,exchange_rate_01,4.39822971502571,class_II_linearly_invertible_without_CPTP_inverse,True,True,True,False,False,2,4.244223000770455
finite-two-level-exchange-relaxation,exchange_rate_01,4.5553093477052,class_II_linearly_invertible_without_CPTP_inverse,True,True,True,False,False,2,3.2805125318209516
finite-two-level-exchange-relaxation,exchange_rate_01,4.71238898038469,class_II_linearly_invertible_without_CPTP_inverse,True,True,True,False,False,2,2.6180339887498953
finite-two-level-exchange-relaxation,exchange_rate_01,4.869468613064179,class_II_linearly_invertible_without_CPTP_inverse,True,True,True,False,False,2,2.150288148186352
finite-two-level-exchange-relaxation,exchange_rate_01,5.026548245743669,class_II_linearly_invertible_without_CPTP_inverse,True,True,True,False,False,2,1.8132487808590494
finite-two-level-exchange-relaxation,exchange_rate_01,5.183627878423159,class_II_linearly_invertible_without_CPTP_inverse,True,True,True,False,False,2,1.5667941919386439
finite-two-level-exchange-relaxation,exchange_rate_01,5.340707511102648,class_II_linearly_invertible_without_CPTP_inverse,True,True,True,False,False,2,1.3849915580778127
finite-two-level-exchange-relaxation,exchange_rate_01,5.497787143782138,class_II_linearly_invertible_without_CPTP_inverse,True,True,True,False,False,2,1.2507007788789988
finite-two-level-exchange-relaxation,exchange_rate_01,5.654866776461628,class_II_linearly_invertible_without_CPTP_inverse,True,True,True,False,False,2,1.1524338443088118
finite-two-level-exchange-relaxation,exchange_rate_01,5.811946409141117,class_II_linearly_invertible_without_CPTP_inverse,True,True,True,False,False,2,1.082463274142307
finite-two-level-exchange-relaxation,exchange_rate_01,5.969026041820607,class_II_linearly_invertible_without_CPTP_inverse,True,True,True,False,False,2,1.0356589319407212
finite-two-level-exchange-relaxation,exchange_rate_01,6.126105674500097,class_II_linearly_invertible_without_CPTP_inverse,True,True,True,False,False,2,1.0087707896701348
finite-two-level-exchange-relaxation,exchange_rate_01,6.283185307179586,class_I_direct_unitary_reversible,True,True,True,True,True,1,1.0
finite-two-level-exchange-relaxation,exchange_rate_01,6.440264939859076,class_II_linearly_invertible_without_CPTP_inverse,True,True,True,False,False,2,1.0087707896701348
finite-two-level-exchange-relaxation,exchange_rate_01,6.5973445725385655,class_II_linearly_invertible_without_CPTP_inverse,True,True,True,False,False,2,1.035658931940721
finite-two-level-exchange-relaxation,exchange_rate_01,6.754424205218055,class_II_linearly_invertible_without_CPTP_inverse,True,True,True,False,False,2,1.082463274142307
finite-two-level-exchange-relaxation,exchange_rate_01,6.911503837897545,class_II_linearly_invertible_without_CPTP_inverse,True,True,True,False,False,2,1.1524338443088114
finite-two-level-exchange-relaxation,exchange_rate_01,7.0685834705770345,class_II_linearly_invertible_without_CPTP_inverse,True,True,True,False,False,2,1.2507007788789988
finite-two-level-exchange-relaxation,exchange_rate_01,7.225663103256524,class_II_linearly_invertible_without_CPTP_inverse,True,True,True,False,False,2,1.3849915580778125
finite-two-level-exchange-relaxation,exchange_rate_01,7.382742735936014,class_II_linearly_invertible_without_CPTP_inverse,True,True,True,False,False,2,1.5667941919386434
finite-two-level-exchange-relaxation,exchange_rate_01,7.5398223686155035,class_II_linearly_invertible_without_CPTP_inverse,True,True,True,False,False,2,1.8132487808590487
finite-two-level-exchange-relaxation,exchange_rate_01,7.696902001294993,class_II_linearly_invertible_without_CPTP_inverse,True,True,True,False,False,2,2.150288148186351
finite-two-level-exchange-relaxation,exchange_rate_01,7.853981633974483,class_II_linearly_invertible_without_CPTP_inverse,True,True,True,False,False,2,2.618033988749894
finite-two-level-exchange-relaxation,exchange_rate_01,8.011061266653972,class_II_linearly_invertible_without_CPTP_inverse,True,True,True,False,False,2,3.280512531820945
finite-two-level-exchange-relaxation,exchange_rate_01,8.168140899333462,class_II_linearly_invertible_without_CPTP_inverse,True,True,True,False,False,2,4.244223000770452
finite-two-level-exchange-relaxation,exchange_rate_01,8.325220532012953,class_II_linearly_invertible_without_CPTP_inverse,True,True,True,False,False,2,5.696337976554452
finite-two-level-exchange-relaxation,exchange_rate_01,8.482300164692441,class_II_linearly_invertible_without_CPTP_inverse,True,True,True,False,False,2,7.990750042453047
finite-two-level-exchange-relaxation,exchange_rate_01,8.63937979737193,class_II_linearly_invertible_without_CPTP_inverse,True,True,True,False,False,2,11.865469301586648
finite-two-level-exchange-relaxation,exchange_rate_01,8.79645943005142,class_II_linearly_invertible_without_CPTP_inverse,True,True,True,False,False,2,19.08285184673115
finite-two-level-exchange-relaxation,exchange_rate_01,8.953539062730911,class_II_linearly_invertible_without_CPTP_inverse,True,True,True,False,False,2,34.77968540875983
finite-two-level-exchange-relaxation,exchange_rate_01,9.1106186954104,class_II_linearly_invertible_without_CPTP_inverse,True,True,True,False,False,2,79.76332277127891
finite-two-level-exchange-relaxation,exchange_rate_01,9.267698328089889,class_II_linearly_invertible_without_CPTP_inverse,True,True,True,False,False,2,322.90449236363344
finite-two-level-exchange-relaxation,exchange_rate_01,9.42477796076938,class_II_reduced_nonunitary_noninvertible,False,False,False,,False,2,
finite-two-level-exchange-relaxation,exchange_rate_01,9.58185759344887,class_II_linearly_invertible_without_CPTP_inverse,True,True,True,False,False,2,322.90449236363344
finite-two-level-exchange-relaxation,exchange_rate_01,9.738937226128359,class_II_linearly_invertible_without_CPTP_inverse,True,True,True,False,False,2,79.76332277127968
finite-two-level-exchange-relaxation,exchange_rate_01,9.896016858807847,class_II_linearly_invertible_without_CPTP_inverse,True,True,True,False,False,2,34.77968540875999
finite-two-level-exchange-relaxation,exchange_rate_01,10.053096491487338,class_II_linearly_invertible_without_CPTP_inverse,True,True,True,False,False,2,19.08285184673119
finite-two-level-exchange-relaxation,exchange_rate_01,10.210176124166829,class_II_linearly_invertible_without_CPTP_inverse,True,True,True,False,False,2,11.86546930158667
finite-two-level-exchange-relaxation,exchange_rate_01,10.367255756846317,class_II_linearly_invertible_without_CPTP_inverse,True,True,True,False,False,2,7.990750042453062
finite-two-level-exchange-relaxation,exchange_rate_01,10.524335389525806,class_II_linearly_invertible_without_CPTP_inverse,True,True,True,False,False,2,5.6963379765544575
finite-two-level-exchange-relaxation,exchange_rate_01,10.681415022205297,class_II_linearly_invertible_without_CPTP_inverse,True,True,True,False,False,2,4.244223000770458
finite-two-level-exchange-relaxation,exchange_rate_01,10.838494654884787,class_II_linearly_invertible_without_CPTP_inverse,True,True,True,False,False,2,3.2805125318209485
finite-two-level-exchange-relaxation,exchange_rate_01,10.995574287564276,class_II_linearly_invertible_without_CPTP_inverse,True,True,True,False,False,2,2.6180339887498962
finite-two-level-exchange-relaxation,exchange_rate_01,11.152653920243765,class_II_linearly_invertible_without_CPTP_inverse,True,True,True,False,False,2,2.150288148186356
finite-two-level-exchange-relaxation,exchange_rate_01,11.309733552923255,class_II_linearly_invertible_without_CPTP_inverse,True,True,True,False,False,2,1.8132487808590498
finite-two-level-exchange-relaxation,exchange_rate_01,11.466813185602746,class_II_linearly_invertible_without_CPTP_inverse,True,True,True,False,False,2,1.5667941919386434
finite-two-level-exchange-relaxation,exchange_rate_01,11.623892818282235,class_II_linearly_invertible_without_CPTP_inverse,True,True,True,False,False,2,1.3849915580778127
finite-two-level-exchange-relaxation,exchange_rate_01,11.780972450961723,class_II_linearly_invertible_without_CPTP_inverse,True,True,True,False,False,2,1.2507007788789994
finite-two-level-exchange-relaxation,exchange_rate_01,11.938052083641214,class_II_linearly_invertible_without_CPTP_inverse,True,True,True,False,False,2,1.1524338443088116
finite-two-level-exchange-relaxation,exchange_rate_01,12.095131716320704,class_II_linearly_invertible_without_CPTP_inverse,True,True,True,False,False,2,1.082463274142307
finite-two-level-exchange-relaxation,exchange_rate_01,12.252211349000193,class_II_linearly_invertible_without_CPTP_inverse,True,True,True,False,False,2,1.0356589319407212
finite-two-level-exchange-relaxation,exchange_rate_01,12.409290981679682,class_II_linearly_invertible_without_CPTP_inverse,True,True,True,False,False,2,1.008770789670135
finite-two-level-exchange-relaxation,exchange_rate_01,12.566370614359172,class_I_direct_unitary_reversible,True,True,True,True,True,1,1.0
finite-two-level-exchange-relaxation,exchange_rate_02,0.0,class_I_direct_unitary_reversible,True,True,True,True,True,1,1.0
finite-two-level-exchange-relaxation,exchange_rate_02,0.15707963267948966,class_II_linearly_invertible_without_CPTP_inverse,True,True,True,False,False,2,1.019868267121806
finite-two-level-exchange-relaxation,exchange_rate_02,0.3141592653589793,class_II_linearly_invertible_without_CPTP_inverse,True,True,True,False,False,2,1.082463274142307
finite-two-level-exchange-relaxation,exchange_rate_02,0.47123889803846897,class_II_linearly_invertible_without_CPTP_inverse,True,True,True,False,False,2,1.1976191120885051
finite-two-level-exchange-relaxation,exchange_rate_02,0.6283185307179586,class_II_linearly_invertible_without_CPTP_inverse,True,True,True,False,False,2,1.3849915580778125
finite-two-level-exchange-relaxation,exchange_rate_02,0.7853981633974483,class_II_linearly_invertible_without_CPTP_inverse,True,True,True,False,False,2,1.6805740387411319
finite-two-level-exchange-relaxation,exchange_rate_02,0.9424777960769379,class_II_linearly_invertible_without_CPTP_inverse,True,True,True,False,False,2,2.150288148186352
finite-two-level-exchange-relaxation,exchange_rate_02,1.0995574287564276,class_II_linearly_invertible_without_CPTP_inverse,True,True,True,False,False,2,2.91958225687815
finite-two-level-exchange-relaxation,exchange_rate_02,1.2566370614359172,class_II_linearly_invertible_without_CPTP_inverse,True,True,True,False,False,2,4.244223000770455
finite-two-level-exchange-relaxation,exchange_rate_02,1.413716694115407,class_II_linearly_invertible_without_CPTP_inverse,True,True,True,False,False,2,6.705303935667597
finite-two-level-exchange-relaxation,exchange_rate_02,1.5707963267948966,class_II_linearly_invertible_without_CPTP_inverse,True,True,True,False,False,2,11.865469301586687
finite-two-level-exchange-relaxation,exchange_rate_02,1.7278759594743862,class_II_linearly_invertible_without_CPTP_inverse,True,True,True,False,False,2,25.252197848952267
finite-two-level-exchange-relaxation,exchange_rate_02,1.8849555921538759,class_II_linearly_invertible_without_CPTP_inverse,True,True,True,False,False,2,79.76332277127968
finite-two-level-exchange-relaxation,exchange_rate_02,2.0420352248333655,class_II_linearly_invertible_without_CPTP_inverse,True,True,True,False,False,2,1295.5803337670282
finite-two-level-exchange-relaxation,exchange_rate_02,2.199114857512855,class_II_linearly_invertible_without_CPTP_inverse,True,True,True,False,False,2,322.90449236363344
finite-two-level-exchange-relaxation,exchange_rate_02,2.356194490192345,class_II_linearly_invertible_without_CPTP_inverse,True,True,True,False,False,2,50.60464417352399
finite-two-level-exchange-relaxation,exchange_rate_02,2.5132741228718345,class_II_linearly_invertible_without_CPTP_inverse,True,True,True,False,False,2,19.08285184673119
finite-two-level-exchange-relaxation,exchange_rate_02,2.670353755551324,class_II_linearly_invertible_without_CPTP_inverse,True,True,True,False,False,2,9.657583272391362
finite-two-level-exchange-relaxation,exchange_rate_02,2.827433388230814,class_II_linearly_invertible_without_CPTP_inverse,True,True,True,False,False,2,5.696337976554447
finite-two-level-exchange-relaxation,exchange_rate_02,2.9845130209103035,class_II_linearly_invertible_without_CPTP_inverse,True,True,True,False,False,2,3.7155708007580746
finite-two-level-exchange-relaxation,exchange_rate_02,3.141592653589793,class_II_linearly_invertible_without_CPTP_inverse,True,True,True,False,False,2,2.6180339887498953
finite-two-level-exchange-relaxation,exchange_rate_02,3.2986722862692828,class_II_linearly_invertible_without_CPTP_inverse,True,True,True,False,False,2,1.9683558004565385
finite-two-level-exchange-relaxation,exchange_rate_02,3.4557519189487724,class_II_linearly_invertible_without_CPTP_inverse,True,True,True,False,False,2,1.5667941919386439
finite-two-level-exchange-relaxation,exchange_rate_02,3.612831551628262,class_II_linearly_invertible_without_CPTP_inverse,True,True,True,False,False,2,1.3127310046476088
finite-two-level-exchange-relaxation,exchange_rate_02,3.7699111843077517,class_II_linearly_invertible_without_CPTP_inverse,True,True,True,False,False,2,1.1524338443088118
finite-two-level-exchange-relaxation,exchange_rate_02,3.9269908169872414,class_II_linearly_invertible_without_CPTP_inverse,True,True,True,False,False,2,1.0564063517757254
finite-two-level-exchange-relaxation,exchange_rate_02,4.084070449666731,class_II_linearly_invertible_without_CPTP_inverse,True,True,True,False,False,2,1.0087707896701348
finite-two-level-exchange-relaxation,exchange_rate_02,4.241150082346221,class_II_linearly_invertible_without_CPTP_inverse,True,True,True,False,False,2,1.0021838367178568
finite-two-level-exchange-relaxation,exchange_rate_02,4.39822971502571,class_II_linearly_invertible_without_CPTP_inverse,True,True,True,False,False,2,1.035658931940721
finite-two-level-exchange-relaxation,exchange_rate_02,4.5553093477052,class_II_linearly_invertible_without_CPTP_inverse,True,True,True,False,False,2,1.1142829198245827
finite-two-level-exchange-relaxation,exchange_rate_02,4.71238898038469,class_II_linearly_invertible_without_CPTP_inverse,True,True,True,False,False,2,1.2507007788789988
finite-two-level-exchange-relaxation,exchange_rate_02,4.869468613064179,class_II_linearly_invertible_without_CPTP_inverse,True,True,True,False,False,2,1.46904406735321
finite-two-level-exchange-relaxation,exchange_rate_02,5.026548245743669,class_II_linearly_invertible_without_CPTP_inverse,True,True,True,False,False,2,1.8132487808590487
finite-two-level-exchange-relaxation,exchange_rate_02,5.183627878423159,class_II_linearly_invertible_without_CPTP_inverse,True,True,True,False,False,2,2.3645392918846806
finite-two-level-exchange-relaxation,exchange_rate_02,5.340707511102648,class_II_linearly_invertible_without_CPTP_inverse,True,True,True,False,False,2,3.280512531820945
finite-two-level-exchange-relaxation,exchange_rate_02,5.497787143782138,class_II_linearly_invertible_without_CPTP_inverse,True,True,True,False,False,2,4.89258317888694
finite-two-level-exchange-relaxation,exchange_rate_02,5.654866776461628,class_II_linearly_invertible_without_CPTP_inverse,True,True,True,False,False,2,7.990750042453047
finite-two-level-exchange-relaxation,exchange_rate_02,5.811946409141117,class_II_linearly_invertible_without_CPTP_inverse,True,True,True,False,False,2,14.867238538301093
finite-two-level-exchange-relaxation,exchange_rate_02,5.969026041820607,class_II_linearly_invertible_without_CPTP_inverse,True,True,True,False,False,2,34.77968540875983
finite-two-level-exchange-relaxation,exchange_rate_02,6.126105674500097,class_II_linearly_invertible_without_CPTP_inverse,True,True,True,False,False,2,142.7903870672898
finite-two-level-exchange-relaxation,exchange_rate_02,6.283185307179586,class_II_reduced_nonunitary_noninvertible,False,False,False,,False,2,
finite-two-level-exchange-relaxation,exchange_rate_02,6.440264939859076,class_II_linearly_invertible_without_CPTP_inverse,True,True,True,False,False,2,142.7903870672898
finite-two-level-exchange-relaxation,exchange_rate_02,6.5973445725385655,class_II_linearly_invertible_without_CPTP_inverse,True,True,True,False,False,2,34.77968540875999
finite-two-level-exchange-relaxation,exchange_rate_02,6.754424205218055,class_II_linearly_invertible_without_CPTP_inverse,True,True,True,False,False,2,14.867238538301129
finite-two-level-exchange-relaxation,exchange_rate_02,6.911503837897545,class_II_linearly_invertible_without_CPTP_inverse,True,True,True,False,False,2,7.990750042453062
finite-two-level-exchange-relaxation,exchange_rate_02,7.0685834705770345,class_II_linearly_invertible_without_CPTP_inverse,True,True,True,False,False,2,4.892583178886948
finite-two-level-exchange-relaxation,exchange_rate_02,7.225663103256524,class_II_linearly_invertible_without_CPTP_inverse,True,True,True,False,False,2,3.2805125318209485
finite-two-level-exchange-relaxation,exchange_rate_02,7.382742735936014,class_II_linearly_invertible_without_CPTP_inverse,True,True,True,False,False,2,2.364539291884684
finite-two-level-exchange-relaxation,exchange_rate_02,7.5398223686155035,class_II_linearly_invertible_without_CPTP_inverse,True,True,True,False,False,2,1.8132487808590498
finite-two-level-exchange-relaxation,exchange_rate_02,7.696902001294993,class_II_linearly_invertible_without_CPTP_inverse,True,True,True,False,False,2,1.4690440673532106
finite-two-level-exchange-relaxation,exchange_rate_02,7.853981633974483,class_II_linearly_invertible_without_CPTP_inverse,True,True,True,False,False,2,1.2507007788789994
finite-two-level-exchange-relaxation,exchange_rate_02,8.011061266653972,class_II_linearly_invertible_without_CPTP_inverse,True,True,True,False,False,2,1.1142829198245836
finite-two-level-exchange-relaxation,exchange_rate_02,8.168140899333462,class_II_linearly_invertible_without_CPTP_inverse,True,True,True,False,False,2,1.0356589319407212
finite-two-level-exchange-relaxation,exchange_rate_02,8.325220532012953,class_II_linearly_invertible_without_CPTP_inverse,True,True,True,False,False,2,1.0021838367178566
finite-two-level-exchange-relaxation,exchange_rate_02,8.482300164692441,class_II_linearly_invertible_without_CPTP_inverse,True,True,True,False,False,2,1.008770789670135
finite-two-level-exchange-relaxation,exchange_rate_02,8.63937979737193,class_II_linearly_invertible_without_CPTP_inverse,True,True,True,False,False,2,1.0564063517757247
finite-two-level-exchange-relaxation,exchange_rate_02,8.79645943005142,class_II_linearly_invertible_without_CPTP_inverse,True,True,True,False,False,2,1.1524338443088114
finite-two-level-exchange-relaxation,exchange_rate_02,8.953539062730911,class_II_linearly_invertible_without_CPTP_inverse,True,True,True,False,False,2,1.3127310046476097
finite-two-level-exchange-relaxation,exchange_rate_02,9.1106186954104,class_II_linearly_invertible_without_CPTP_inverse,True,True,True,False,False,2,1.5667941919386412
finite-two-level-exchange-relaxation,exchange_rate_02,9.267698328089889,class_II_linearly_invertible_without_CPTP_inverse,True,True,True,False,False,2,1.9683558004565331
finite-two-level-exchange-relaxation,exchange_rate_02,9.42477796076938,class_II_linearly_invertible_without_CPTP_inverse,True,True,True,False,False,2,2.6180339887498936
finite-two-level-exchange-relaxation,exchange_rate_02,9.58185759344887,class_II_linearly_invertible_without_CPTP_inverse,True,True,True,False,False,2,3.7155708007580817
finite-two-level-exchange-relaxation,exchange_rate_02,9.738937226128359,class_II_linearly_invertible_without_CPTP_inverse,True,True,True,False,False,2,5.696337976554447
finite-two-level-exchange-relaxation,exchange_rate_02,9.896016858807847,class_II_linearly_invertible_without_CPTP_inverse,True,True,True,False,False,2,9.6575832723913
finite-two-level-exchange-relaxation,exchange_rate_02,10.053096491487338,class_II_linearly_invertible_without_CPTP_inverse,True,True,True,False,False,2,19.08285184673115
finite-two-level-exchange-relaxation,exchange_rate_02,10.210176124166829,class_II_linearly_invertible_without_CPTP_inverse,True,True,True,False,False,2,50.60464417352431
finite-two-level-exchange-relaxation,exchange_rate_02,10.367255756846317,class_II_linearly_invertible_without_CPTP_inverse,True,True,True,False,False,2,322.90449236363344
finite-two-level-exchange-relaxation,exchange_rate_02,10.524335389525806,class_II_linearly_invertible_without_CPTP_inverse,True,True,True,False,False,2,1295.5803337672146
finite-two-level-exchange-relaxation,exchange_rate_02,10.681415022205297,class_II_linearly_invertible_without_CPTP_inverse,True,True,True,False,False,2,79.76332277128043
finite-two-level-exchange-relaxation,exchange_rate_02,10.838494654884787,class_II_linearly_invertible_without_CPTP_inverse,True,True,True,False,False,2,25.25219784895202
finite-two-level-exchange-relaxation,exchange_rate_02,10.995574287564276,class_II_linearly_invertible_without_CPTP_inverse,True,True,True,False,False,2,11.865469301586687
finite-two-level-exchange-relaxation,exchange_rate_02,11.152653920243765,class_II_linearly_invertible_without_CPTP_inverse,True,True,True,False,False,2,6.705303935667627
finite-two-level-exchange-relaxation,exchange_rate_02,11.309733552923255,class_II_linearly_invertible_without_CPTP_inverse,True,True,True,False,False,2,4.244223000770462
finite-two-level-exchange-relaxation,exchange_rate_02,11.466813185602746,class_II_linearly_invertible_without_CPTP_inverse,True,True,True,False,False,2,2.9195822568781464
finite-two-level-exchange-relaxation,exchange_rate_02,11.623892818282235,class_II_linearly_invertible_without_CPTP_inverse,True,True,True,False,False,2,2.150288148186356
finite-two-level-exchange-relaxation,exchange_rate_02,11.780972450961723,class_II_linearly_invertible_without_CPTP_inverse,True,True,True,False,False,2,1.6805740387411383
finite-two-level-exchange-relaxation,exchange_rate_02,11.938052083641214,class_II_linearly_invertible_without_CPTP_inverse,True,True,True,False,False,2,1.3849915580778114
finite-two-level-exchange-relaxation,exchange_rate_02,12.095131716320704,class_II_linearly_invertible_without_CPTP_inverse,True,True,True,False,False,2,1.1976191120885062
finite-two-level-exchange-relaxation,exchange_rate_02,12.252211349000193,class_II_linearly_invertible_without_CPTP_inverse,True,True,True,False,False,2,1.082463274142307
finite-two-level-exchange-relaxation,exchange_rate_02,12.409290981679682,class_II_linearly_invertible_without_CPTP_inverse,True,True,True,False,False,2,1.0198682671218062
finite-two-level-exchange-relaxation,exchange_rate_02,12.566370614359172,class_I_direct_unitary_reversible,True,True,True,True,True,1,1.0
finite-two-level-exchange-relaxation,exchange_rate_03,0.0,class_I_direct_unitary_reversible,True,True,True,True,True,1,1.0
finite-two-level-exchange-relaxation,exchange_rate_03,0.15707963267948966,class_II_linearly_invertible_without_CPTP_inverse,True,True,True,False,False,2,1.035658931940721
finite-two-level-exchange-relaxation,exchange_rate_03,0.3141592653589793,class_II_linearly_invertible_without_CPTP_inverse,True,True,True,False,False,2,1.1524338443088116
finite-two-level-exchange-relaxation,exchange_rate_03,0.47123889803846897,class_II_linearly_invertible_without_CPTP_inverse,True,True,True,False,False,2,1.3849915580778125
finite-two-level-exchange-relaxation,exchange_rate_03,0.6283185307179586,class_II_linearly_invertible_without_CPTP_inverse,True,True,True,False,False,2,1.8132487808590492
finite-two-level-exchange-relaxation,exchange_rate_03,0.7853981633974483,class_II_linearly_invertible_without_CPTP_inverse,True,True,True,False,False,2,2.618033988749894
finite-two-level-exchange-relaxation,exchange_rate_03,0.9424777960769379,class_II_linearly_invertible_without_CPTP_inverse,True,True,True,False,False,2,4.244223000770455
finite-two-level-exchange-relaxation,exchange_rate_03,1.0995574287564276,class_II_linearly_invertible_without_CPTP_inverse,True,True,True,False,False,2,7.990750042453047
finite-two-level-exchange-relaxation,exchange_rate_03,1.2566370614359172,class_II_linearly_invertible_without_CPTP_inverse,True,True,True,False,False,2,19.08285184673115
finite-two-level-exchange-relaxation,exchange_rate_03,1.413716694115407,class_II_linearly_invertible_without_CPTP_inverse,True,True,True,False,False,2,79.76332277127968
finite-two-level-exchange-relaxation,exchange_rate_03,1.5707963267948966,class_II_reduced_nonunitary_noninvertible,False,False,False,,False,2,
finite-two-level-exchange-relaxation,exchange_rate_03,1.7278759594743862,class_II_linearly_invertible_without_CPTP_inverse,True,True,True,False,False,2,79.76332277127968
finite-two-level-exchange-relaxation,exchange_rate_03,1.8849555921538759,class_II_linearly_invertible_without_CPTP_inverse,True,True,True,False,False,2,19.08285184673119
finite-two-level-exchange-relaxation,exchange_rate_03,2.0420352248333655,class_II_linearly_invertible_without_CPTP_inverse,True,True,True,False,False,2,7.990750042453056
finite-two-level-exchange-relaxation,exchange_rate_03,2.199114857512855,class_II_linearly_invertible_without_CPTP_inverse,True,True,True,False,False,2,4.244223000770455
finite-two-level-exchange-relaxation,exchange_rate_03,2.356194490192345,class_II_linearly_invertible_without_CPTP_inverse,True,True,True,False,False,2,2.6180339887498953
finite-two-level-exchange-relaxation,exchange_rate_03,2.5132741228718345,class_II_linearly_invertible_without_CPTP_inverse,True,True,True,False,False,2,1.8132487808590494
finite-two-level-exchange-relaxation,exchange_rate_03,2.670353755551324,class_II_linearly_invertible_without_CPTP_inverse,True,True,True,False,False,2,1.3849915580778127
finite-two-level-exchange-relaxation,exchange_rate_03,2.827433388230814,class_II_linearly_invertible_without_CPTP_inverse,True,True,True,False,False,2,1.1524338443088118
finite-two-level-exchange-relaxation,exchange_rate_03,2.9845130209103035,class_II_linearly_invertible_without_CPTP_inverse,True,True,True,False,False,2,1.0356589319407212
finite-two-level-exchange-relaxation,exchange_rate_03,3.141592653589793,class_I_direct_unitary_reversible,True,True,True,True,True,1,1.0
finite-two-level-exchange-relaxation,exchange_rate_03,3.2986722862692828,class_II_linearly_invertible_without_CPTP_inverse,True,True,True,False,False,2,1.035658931940721
finite-two-level-exchange-relaxation,exchange_rate_03,3.4557519189487724,class_II_linearly_invertible_without_CPTP_inverse,True,True,True,False,False,2,1.1524338443088114
finite-two-level-exchange-relaxation,exchange_rate_03,3.612831551628262,class_II_linearly_invertible_without_CPTP_inverse,True,True,True,False,False,2,1.3849915580778125
finite-two-level-exchange-relaxation,exchange_rate_03,3.7699111843077517,class_II_linearly_invertible_without_CPTP_inverse,True,True,True,False,False,2,1.8132487808590487
finite-two-level-exchange-relaxation,exchange_rate_03,3.9269908169872414,class_II_linearly_invertible_without_CPTP_inverse,True,True,True,False,False,2,2.618033988749894
finite-two-level-exchange-relaxation,exchange_rate_03,4.084070449666731,class_II_linearly_invertible_without_CPTP_inverse,True,True,True,False,False,2,4.244223000770452
finite-two-level-exchange-relaxation,exchange_rate_03,4.241150082346221,class_II_linearly_invertible_without_CPTP_inverse,True,True,True,False,False,2,7.990750042453047
finite-two-level-exchange-relaxation,exchange_rate_03,4.39822971502571,class_II_linearly_invertible_without_CPTP_inverse,True,True,True,False,False,2,19.08285184673115
finite-two-level-exchange-relaxation,exchange_rate_03,4.5553093477052,class_II_linearly_invertible_without_CPTP_inverse,True,True,True,False,False,2,79.76332277127891
finite-two-level-exchange-relaxation,exchange_rate_03,4.71238898038469,class_II_reduced_nonunitary_noninvertible,False,False,False,,False,2,
finite-two-level-exchange-relaxation,exchange_rate_03,4.869468613064179,class_II_linearly_invertible_without_CPTP_inverse,True,True,True,False,False,2,79.76332277127968
finite-two-level-exchange-relaxation,exchange_rate_03,5.026548245743669,class_II_linearly_invertible_without_CPTP_inverse,True,True,True,False,False,2,19.08285184673119
finite-two-level-exchange-relaxation,exchange_rate_03,5.183627878423159,class_II_linearly_invertible_without_CPTP_inverse,True,True,True,False,False,2,7.990750042453062
finite-two-level-exchange-relaxation,exchange_rate_03,5.340707511102648,class_II_linearly_invertible_without_CPTP_inverse,True,True,True,False,False,2,4.244223000770458
finite-two-level-exchange-relaxation,exchange_rate_03,5.497787143782138,class_II_linearly_invertible_without_CPTP_inverse,True,True,True,False,False,2,2.6180339887498962
finite-two-level-exchange-relaxation,exchange_rate_03,5.654866776461628,class_II_linearly_invertible_without_CPTP_inverse,True,True,True,False,False,2,1.8132487808590498
finite-two-level-exchange-relaxation,exchange_rate_03,5.811946409141117,class_II_linearly_invertible_without_CPTP_inverse,True,True,True,False,False,2,1.3849915580778127
finite-two-level-exchange-relaxation,exchange_rate_03,5.969026041820607,class_II_linearly_invertible_without_CPTP_inverse,True,True,True,False,False,2,1.1524338443088116
finite-two-level-exchange-relaxation,exchange_rate_03,6.126105674500097,class_II_linearly_invertible_without_CPTP_inverse,True,True,True,False,False,2,1.0356589319407212
finite-two-level-exchange-relaxation,exchange_rate_03,6.283185307179586,class_I_direct_unitary_reversible,True,True,True,True,True,1,1.0
finite-two-level-exchange-relaxation,exchange_rate_03,6.440264939859076,class_II_linearly_invertible_without_CPTP_inverse,True,True,True,False,False,2,1.035658931940721
finite-two-level-exchange-relaxation,exchange_rate_03,6.5973445725385655,class_II_linearly_invertible_without_CPTP_inverse,True,True,True,False,False,2,1.1524338443088114
finite-two-level-exchange-relaxation,exchange_rate_03,6.754424205218055,class_II_linearly_invertible_without_CPTP_inverse,True,True,True,False,False,2,1.3849915580778123
finite-two-level-exchange-relaxation,exchange_rate_03,6.911503837897545,class_II_linearly_invertible_without_CPTP_inverse,True,True,True,False,False,2,1.8132487808590485
finite-two-level-exchange-relaxation,exchange_rate_03,7.0685834705770345,class_II_linearly_invertible_without_CPTP_inverse,True,True,True,False,False,2,2.6180339887498936
finite-two-level-exchange-relaxation,exchange_rate_03,7.225663103256524,class_II_linearly_invertible_without_CPTP_inverse,True,True,True,False,False,2,4.24422300077045
finite-two-level-exchange-relaxation,exchange_rate_03,7.382742735936014,class_II_linearly_invertible_without_CPTP_inverse,True,True,True,False,False,2,7.990750042453039
finite-two-level-exchange-relaxation,exchange_rate_03,7.5398223686155035,class_II_linearly_invertible_without_CPTP_inverse,True,True,True,False,False,2,19.08285184673115
finite-two-level-exchange-relaxation,exchange_rate_03,7.696902001294993,class_II_linearly_invertible_without_CPTP_inverse,True,True,True,False,False,2,79.76332277127891
finite-two-level-exchange-relaxation,exchange_rate_03,7.853981633974483,class_II_reduced_nonunitary_noninvertible,False,False,False,,False,2,
finite-two-level-exchange-relaxation,exchange_rate_03,8.011061266653972,class_II_linearly_invertible_without_CPTP_inverse,True,True,True,False,False,2,79.76332277128043
finite-two-level-exchange-relaxation,exchange_rate_03,8.168140899333462,class_II_linearly_invertible_without_CPTP_inverse,True,True,True,False,False,2,19.08285184673119
finite-two-level-exchange-relaxation,exchange_rate_03,8.325220532012953,class_II_linearly_invertible_without_CPTP_inverse,True,True,True,False,False,2,7.9907500424530244
finite-two-level-exchange-relaxation,exchange_rate_03,8.482300164692441,class_II_linearly_invertible_without_CPTP_inverse,True,True,True,False,False,2,4.244223000770462
finite-two-level-exchange-relaxation,exchange_rate_03,8.63937979737193,class_II_linearly_invertible_without_CPTP_inverse,True,True,True,False,False,2,2.618033988749904
finite-two-level-exchange-relaxation,exchange_rate_03,8.79645943005142,class_II_linearly_invertible_without_CPTP_inverse,True,True,True,False,False,2,1.8132487808590498
finite-two-level-exchange-relaxation,exchange_rate_03,8.953539062730911,class_II_linearly_invertible_without_CPTP_inverse,True,True,True,False,False,2,1.3849915580778114
finite-two-level-exchange-relaxation,exchange_rate_03,9.1106186954104,class_II_linearly_invertible_without_CPTP_inverse,True,True,True,False,False,2,1.1524338443088118
finite-two-level-exchange-relaxation,exchange_rate_03,9.267698328089889,class_II_linearly_invertible_without_CPTP_inverse,True,True,True,False,False,2,1.0356589319407217
finite-two-level-exchange-relaxation,exchange_rate_03,9.42477796076938,class_I_direct_unitary_reversible,True,True,True,True,True,1,1.0
finite-two-level-exchange-relaxation,exchange_rate_03,9.58185759344887,class_II_linearly_invertible_without_CPTP_inverse,True,True,True,False,False,2,1.0356589319407212
finite-two-level-exchange-relaxation,exchange_rate_03,9.738937226128359,class_II_linearly_invertible_without_CPTP_inverse,True,True,True,False,False,2,1.1524338443088114
finite-two-level-exchange-relaxation,exchange_rate_03,9.896016858807847,class_II_linearly_invertible_without_CPTP_inverse,True,True,True,False,False,2,1.3849915580778098
finite-two-level-exchange-relaxation,exchange_rate_03,10.053096491487338,class_II_linearly_invertible_without_CPTP_inverse,True,True,True,False,False,2,1.8132487808590474
finite-two-level-exchange-relaxation,exchange_rate_03,10.210176124166829,class_II_linearly_invertible_without_CPTP_inverse,True,True,True,False,False,2,2.6180339887498985
finite-two-level-exchange-relaxation,exchange_rate_03,10.367255756846317,class_II_linearly_invertible_without_CPTP_inverse,True,True,True,False,False,2,4.24422300077045
finite-two-level-exchange-relaxation,exchange_rate_03,10.524335389525806,class_II_linearly_invertible_without_CPTP_inverse,True,True,True,False,False,2,7.990750042452998
finite-two-level-exchange-relaxation,exchange_rate_03,10.681415022205297,class_II_linearly_invertible_without_CPTP_inverse,True,True,True,False,False,2,19.082851846731096
finite-two-level-exchange-relaxation,exchange_rate_03,10.838494654884787,class_II_linearly_invertible_without_CPTP_inverse,True,True,True,False,False,2,79.76332277127968
finite-two-level-exchange-relaxation,exchange_rate_03,10.995574287564276,class_II_reduced_nonunitary_noninvertible,False,False,False,,False,2,
finite-two-level-exchange-relaxation,exchange_rate_03,11.152653920243765,class_II_linearly_invertible_without_CPTP_inverse,True,True,True,False,False,2,79.76332277128043
finite-two-level-exchange-relaxation,exchange_rate_03,11.309733552923255,class_II_linearly_invertible_without_CPTP_inverse,True,True,True,False,False,2,19.08285184673125
finite-two-level-exchange-relaxation,exchange_rate_03,11.466813185602746,class_II_linearly_invertible_without_CPTP_inverse,True,True,True,False,False,2,7.990750042453039
finite-two-level-exchange-relaxation,exchange_rate_03,11.623892818282235,class_II_linearly_invertible_without_CPTP_inverse,True,True,True,False,False,2,4.244223000770462
finite-two-level-exchange-relaxation,exchange_rate_03,11.780972450961723,class_II_linearly_invertible_without_CPTP_inverse,True,True,True,False,False,2,2.6180339887499042
finite-two-level-exchange-relaxation,exchange_rate_03,11.938052083641214,class_II_linearly_invertible_without_CPTP_inverse,True,True,True,False,False,2,1.8132487808590512
finite-two-level-exchange-relaxation,exchange_rate_03,12.095131716320704,class_II_linearly_invertible_without_CPTP_inverse,True,True,True,False,False,2,1.3849915580778116
finite-two-level-exchange-relaxation,exchange_rate_03,12.252211349000193,class_II_linearly_invertible_without_CPTP_inverse,True,True,True,False,False,2,1.1524338443088118
finite-two-level-exchange-relaxation,exchange_rate_03,12.409290981679682,class_II_linearly_invertible_without_CPTP_inverse,True,True,True,False,False,2,1.0356589319407217
finite-two-level-exchange-relaxation,exchange_rate_03,12.566370614359172,class_I_direct_unitary_reversible,True,True,True,True,True,1,1.0
finite-two-level-exchange-relaxation,exchange_rate_04,0.0,class_I_direct_unitary_reversible,True,True,True,True,True,1,1.0
finite-two-level-exchange-relaxation,exchange_rate_04,0.15707963267948966,class_II_linearly_invertible_without_CPTP_inverse,True,True,True,False,False,2,1.082463274142307
finite-two-level-exchange-relaxation,exchange_rate_04,0.3141592653589793,class_II_linearly_invertible_without_CPTP_inverse,True,True,True,False,False,2,1.3849915580778125
finite-two-level-exchange-relaxation,exchange_rate_04,0.47123889803846897,class_II_linearly_invertible_without_CPTP_inverse,True,True,True,False,False,2,2.150288148186352
finite-two-level-exchange-relaxation,exchange_rate_04,0.6283185307179586,class_II_linearly_invertible_without_CPTP_inverse,True,True,True,False,False,2,4.244223000770455
finite-two-level-exchange-relaxation,exchange_rate_04,0.7853981633974483,class_II_linearly_invertible_without_CPTP_inverse,True,True,True,False,False,2,11.865469301586687
finite-two-level-exchange-relaxation,exchange_rate_04,0.9424777960769379,class_II_linearly_invertible_without_CPTP_inverse,True,True,True,False,False,2,79.76332277127968
finite-two-level-exchange-relaxation,exchange_rate_04,1.0995574287564276,class_II_linearly_invertible_without_CPTP_inverse,True,True,True,False,False,2,322.90449236363344
finite-two-level-exchange-relaxation,exchange_rate_04,1.2566370614359172,class_II_linearly_invertible_without_CPTP_inverse,True,True,True,False,False,2,19.08285184673119
finite-two-level-exchange-relaxation,exchange_rate_04,1.413716694115407,class_II_linearly_invertible_without_CPTP_inverse,True,True,True,False,False,2,5.696337976554447
finite-two-level-exchange-relaxation,exchange_rate_04,1.5707963267948966,class_II_linearly_invertible_without_CPTP_inverse,True,True,True,False,False,2,2.6180339887498953
finite-two-level-exchange-relaxation,exchange_rate_04,1.7278759594743862,class_II_linearly_invertible_without_CPTP_inverse,True,True,True,False,False,2,1.5667941919386439
finite-two-level-exchange-relaxation,exchange_rate_04,1.8849555921538759,class_II_linearly_invertible_without_CPTP_inverse,True,True,True,False,False,2,1.1524338443088118
finite-two-level-exchange-relaxation,exchange_rate_04,2.0420352248333655,class_II_linearly_invertible_without_CPTP_inverse,True,True,True,False,False,2,1.0087707896701348
finite-two-level-exchange-relaxation,exchange_rate_04,2.199114857512855,class_II_linearly_invertible_without_CPTP_inverse,True,True,True,False,False,2,1.035658931940721
finite-two-level-exchange-relaxation,exchange_rate_04,2.356194490192345,class_II_linearly_invertible_without_CPTP_inverse,True,True,True,False,False,2,1.2507007788789988
finite-two-level-exchange-relaxation,exchange_rate_04,2.5132741228718345,class_II_linearly_invertible_without_CPTP_inverse,True,True,True,False,False,2,1.8132487808590487
finite-two-level-exchange-relaxation,exchange_rate_04,2.670353755551324,class_II_linearly_invertible_without_CPTP_inverse,True,True,True,False,False,2,3.280512531820945
finite-two-level-exchange-relaxation,exchange_rate_04,2.827433388230814,class_II_linearly_invertible_without_CPTP_inverse,True,True,True,False,False,2,7.990750042453047
finite-two-level-exchange-relaxation,exchange_rate_04,2.9845130209103035,class_II_linearly_invertible_without_CPTP_inverse,True,True,True,False,False,2,34.77968540875983
finite-two-level-exchange-relaxation,exchange_rate_04,3.141592653589793,class_II_reduced_nonunitary_noninvertible,False,False,False,,False,2,
finite-two-level-exchange-relaxation,exchange_rate_04,3.2986722862692828,class_II_linearly_invertible_without_CPTP_inverse,True,True,True,False,False,2,34.77968540875999
finite-two-level-exchange-relaxation,exchange_rate_04,3.4557519189487724,class_II_linearly_invertible_without_CPTP_inverse,True,True,True,False,False,2,7.990750042453062
finite-two-level-exchange-relaxation,exchange_rate_04,3.612831551628262,class_II_linearly_invertible_without_CPTP_inverse,True,True,True,False,False,2,3.2805125318209485
finite-two-level-exchange-relaxation,exchange_rate_04,3.7699111843077517,class_II_linearly_invertible_without_CPTP_inverse,True,True,True,False,False,2,1.8132487808590498
finite-two-level-exchange-relaxation,exchange_rate_04,3.9269908169872414,class_II_linearly_invertible_without_CPTP_inverse,True,True,True,False,False,2,1.2507007788789994
finite-two-level-exchange-relaxation,exchange_rate_04,4.084070449666731,class_II_linearly_invertible_without_CPTP_inverse,True,True,True,False,False,2,1.0356589319407212
finite-two-level-exchange-relaxation,exchange_rate_04,4.241150082346221,class_II_linearly_invertible_without_CPTP_inverse,True,True,True,False,False,2,1.008770789670135
finite-two-level-exchange-relaxation,exchange_rate_04,4.39822971502571,class_II_linearly_invertible_without_CPTP_inverse,True,True,True,False,False,2,1.1524338443088114
finite-two-level-exchange-relaxation,exchange_rate_04,4.5553093477052,class_II_linearly_invertible_without_CPTP_inverse,True,True,True,False,False,2,1.5667941919386412
finite-two-level-exchange-relaxation,exchange_rate_04,4.71238898038469,class_II_linearly_invertible_without_CPTP_inverse,True,True,True,False,False,2,2.6180339887498936
finite-two-level-exchange-relaxation,exchange_rate_04,4.869468613064179,class_II_linearly_invertible_without_CPTP_inverse,True,True,True,False,False,2,5.696337976554447
finite-two-level-exchange-relaxation,exchange_rate_04,5.026548245743669,class_II_linearly_invertible_without_CPTP_inverse,True,True,True,False,False,2,19.08285184673115
finite-two-level-exchange-relaxation,exchange_rate_04,5.183627878423159,class_II_linearly_invertible_without_CPTP_inverse,True,True,True,False,False,2,322.90449236363344
finite-two-level-exchange-relaxation,exchange_rate_04,5.340707511102648,class_II_linearly_invertible_without_CPTP_inverse,True,True,True,False,False,2,79.76332277128043
finite-two-level-exchange-relaxation,exchange_rate_04,5.497787143782138,class_II_linearly_invertible_without_CPTP_inverse,True,True,True,False,False,2,11.865469301586687
finite-two-level-exchange-relaxation,exchange_rate_04,5.654866776461628,class_II_linearly_invertible_without_CPTP_inverse,True,True,True,False,False,2,4.244223000770462
finite-two-level-exchange-relaxation,exchange_rate_04,5.811946409141117,class_II_linearly_invertible_without_CPTP_inverse,True,True,True,False,False,2,2.150288148186356
finite-two-level-exchange-relaxation,exchange_rate_04,5.969026041820607,class_II_linearly_invertible_without_CPTP_inverse,True,True,True,False,False,2,1.3849915580778114
finite-two-level-exchange-relaxation,exchange_rate_04,6.126105674500097,class_II_linearly_invertible_without_CPTP_inverse,True,True,True,False,False,2,1.082463274142307
finite-two-level-exchange-relaxation,exchange_rate_04,6.283185307179586,class_I_direct_unitary_reversible,True,True,True,True,True,1,1.0
finite-two-level-exchange-relaxation,exchange_rate_04,6.440264939859076,class_II_linearly_invertible_without_CPTP_inverse,True,True,True,False,False,2,1.0824632741423066
finite-two-level-exchange-relaxation,exchange_rate_04,6.5973445725385655,class_II_linearly_invertible_without_CPTP_inverse,True,True,True,False,False,2,1.3849915580778098
finite-two-level-exchange-relaxation,exchange_rate_04,6.754424205218055,class_II_linearly_invertible_without_CPTP_inverse,True,True,True,False,False,2,2.150288148186352
finite-two-level-exchange-relaxation,exchange_rate_04,6.911503837897545,class_II_linearly_invertible_without_CPTP_inverse,True,True,True,False,False,2,4.24422300077045
finite-two-level-exchange-relaxation,exchange_rate_04,7.0685834705770345,class_II_linearly_invertible_without_CPTP_inverse,True,True,True,False,False,2,11.865469301586627
finite-two-level-exchange-relaxation,exchange_rate_04,7.225663103256524,class_II_linearly_invertible_without_CPTP_inverse,True,True,True,False,False,2,79.76332277127968
finite-two-level-exchange-relaxation,exchange_rate_04,7.382742735936014,class_II_linearly_invertible_without_CPTP_inverse,True,True,True,False,False,2,322.90449236363344
finite-two-level-exchange-relaxation,exchange_rate_04,7.5398223686155035,class_II_linearly_invertible_without_CPTP_inverse,True,True,True,False,False,2,19.08285184673125
finite-two-level-exchange-relaxation,exchange_rate_04,7.696902001294993,class_II_linearly_invertible_without_CPTP_inverse,True,True,True,False,False,2,5.696337976554466
finite-two-level-exchange-relaxation,exchange_rate_04,7.853981633974483,class_II_linearly_invertible_without_CPTP_inverse,True,True,True,False,False,2,2.6180339887499042
finite-two-level-exchange-relaxation,exchange_rate_04,8.011061266653972,class_II_linearly_invertible_without_CPTP_inverse,True,True,True,False,False,2,1.5667941919386483
finite-two-level-exchange-relaxation,exchange_rate_04,8.168140899333462,class_II_linearly_invertible_without_CPTP_inverse,True,True,True,False,False,2,1.1524338443088118
finite-two-level-exchange-relaxation,exchange_rate_04,8.325220532012953,class_II_linearly_invertible_without_CPTP_inverse,True,True,True,False,False,2,1.0087707896701346
finite-two-level-exchange-relaxation,exchange_rate_04,8.482300164692441,class_II_linearly_invertible_without_CPTP_inverse,True,True,True,False,False,2,1.0356589319407212
finite-two-level-exchange-relaxation,exchange_rate_04,8.63937979737193,class_II_linearly_invertible_without_CPTP_inverse,True,True,True,False,False,2,1.2507007788789961
finite-two-level-exchange-relaxation,exchange_rate_04,8.79645943005142,class_II_linearly_invertible_without_CPTP_inverse,True,True,True,False,False,2,1.8132487808590474
finite-two-level-exchange-relaxation,exchange_rate_04,8.953539062730911,class_II_linearly_invertible_without_CPTP_inverse,True,True,True,False,False,2,3.28051253182096
finite-two-level-exchange-relaxation,exchange_rate_04,9.1106186954104,class_II_linearly_invertible_without_CPTP_inverse,True,True,True,False,False,2,7.990750042452998
finite-two-level-exchange-relaxation,exchange_rate_04,9.267698328089889,class_II_linearly_invertible_without_CPTP_inverse,True,True,True,False,False,2,34.77968540875916
finite-two-level-exchange-relaxation,exchange_rate_04,9.42477796076938,class_II_reduced_nonunitary_noninvertible,False,False,False,,False,2,
finite-two-level-exchange-relaxation,exchange_rate_04,9.58185759344887,class_II_linearly_invertible_without_CPTP_inverse,True,True,True,False,False,2,34.779685408759605
finite-two-level-exchange-relaxation,exchange_rate_04,9.738937226128359,class_II_linearly_invertible_without_CPTP_inverse,True,True,True,False,False,2,7.990750042453039
finite-two-level-exchange-relaxation,exchange_rate_04,9.896016858807847,class_II_linearly_invertible_without_CPTP_inverse,True,True,True,False,False,2,3.28051253182097
finite-two-level-exchange-relaxation,exchange_rate_04,10.053096491487338,class_II_linearly_invertible_without_CPTP_inverse,True,True,True,False,False,2,1.8132487808590512
finite-two-level-exchange-relaxation,exchange_rate_04,10.210176124166829,class_II_linearly_invertible_without_CPTP_inverse,True,True,True,False,False,2,1.2507007788789974
finite-two-level-exchange-relaxation,exchange_rate_04,10.367255756846317,class_II_linearly_invertible_without_CPTP_inverse,True,True,True,False,False,2,1.0356589319407217
finite-two-level-exchange-relaxation,exchange_rate_04,10.524335389525806,class_II_linearly_invertible_without_CPTP_inverse,True,True,True,False,False,2,1.0087707896701343
finite-two-level-exchange-relaxation,exchange_rate_04,10.681415022205297,class_II_linearly_invertible_without_CPTP_inverse,True,True,True,False,False,2,1.1524338443088087
finite-two-level-exchange-relaxation,exchange_rate_04,10.838494654884787,class_II_linearly_invertible_without_CPTP_inverse,True,True,True,False,False,2,1.5667941919386499
finite-two-level-exchange-relaxation,exchange_rate_04,10.995574287564276,class_II_linearly_invertible_without_CPTP_inverse,True,True,True,False,False,2,2.6180339887498962
finite-two-level-exchange-relaxation,exchange_rate_04,11.152653920243765,class_II_linearly_invertible_without_CPTP_inverse,True,True,True,False,False,2,5.696337976554398
finite-two-level-exchange-relaxation,exchange_rate_04,11.309733552923255,class_II_linearly_invertible_without_CPTP_inverse,True,True,True,False,False,2,19.082851846731096
finite-two-level-exchange-relaxation,exchange_rate_04,11.466813185602746,class_II_linearly_invertible_without_CPTP_inverse,True,True,True,False,False,2,322.90449236364515
finite-two-level-exchange-relaxation,exchange_rate_04,11.623892818282235,class_II_linearly_invertible_without_CPTP_inverse,True,True,True,False,False,2,79.76332277128114
finite-two-level-exchange-relaxation,exchange_rate_04,11.780972450961723,class_II_linearly_invertible_without_CPTP_inverse,True,True,True,False,False,2,11.865469301586932
finite-two-level-exchange-relaxation,exchange_rate_04,11.938052083641214,class_II_linearly_invertible_without_CPTP_inverse,True,True,True,False,False,2,4.24422300077044
finite-two-level-exchange-relaxation,exchange_rate_04,12.095131716320704,class_II_linearly_invertible_without_CPTP_inverse,True,True,True,False,False,2,2.1502881481863576
finite-two-level-exchange-relaxation,exchange_rate_04,12.252211349000193,class_II_linearly_invertible_without_CPTP_inverse,True,True,True,False,False,2,1.3849915580778125
finite-two-level-exchange-relaxation,exchange_rate_04,12.409290981679682,class_II_linearly_invertible_without_CPTP_inverse,True,True,True,False,False,2,1.0824632741423086
finite-two-level-exchange-relaxation,exchange_rate_04,12.566370614359172,class_I_direct_unitary_reversible,True,True,True,True,True,1,1.0
markovian-photon-reservoir-decay,photon_decay_00,0.0,class_I_direct_unitary_reversible,True,True,True,True,True,1,1.0
markovian-photon-reservoir-decay,photon_decay_00,0.15707963267948966,class_II_linearly_invertible_without_CPTP_inverse,True,True,True,False,False,2,1.0111690925249597
markovian-photon-reservoir-decay,photon_decay_00,0.3141592653589793,class_II_linearly_invertible_without_CPTP_inverse,True,True,True,False,False,2,1.0224627585545347
markovian-photon-reservoir-decay,photon_decay_00,0.47123889803846897,class_II_linearly_invertible_without_CPTP_inverse,True,True,True,False,False,2,1.0338822085172041
markovian-photon-reservoir-decay,photon_decay_00,0.6283185307179586,class_II_linearly_invertible_without_CPTP_inverse,True,True,True,False,False,2,1.0454286604578993
markovian-photon-reservoir-decay,photon_decay_00,0.7853981633974483,class_II_linearly_invertible_without_CPTP_inverse,True,True,True,False,False,2,1.057103340041947
markovian-photon-reservoir-decay,photon_decay_00,0.9424777960769379,class_II_linearly_invertible_without_CPTP_inverse,True,True,True,False,False,2,1.0689074805596064
markovian-photon-reservoir-decay,photon_decay_00,1.0995574287564276,class_II_linearly_invertible_without_CPTP_inverse,True,True,True,False,False,2,1.0808423229312276
markovian-photon-reservoir-decay,photon_decay_00,1.2566370614359172,class_II_linearly_invertible_without_CPTP_inverse,True,True,True,False,False,2,1.092909115713079
markovian-photon-reservoir-decay,photon_decay_00,1.413716694115407,class_II_linearly_invertible_without_CPTP_inverse,True,True,True,False,False,2,1.1051091151038783
markovian-photon-reservoir-decay,photon_decay_00,1.5707963267948966,class_II_linearly_invertible_without_CPTP_inverse,True,True,True,False,False,2,1.1174435849520663
markovian-photon-reservoir-decay,photon_decay_00,1.7278759594743862,class_II_linearly_invertible_without_CPTP_inverse,True,True,True,False,False,2,1.129913796763864
markovian-photon-reservoir-decay,photon_decay_00,1.8849555921538759,class_II_linearly_invertible_without_CPTP_inverse,True,True,True,False,False,2,1.142521029712148
markovian-photon-reservoir-decay,photon_decay_00,2.0420352248333655,class_II_linearly_invertible_without_CPTP_inverse,True,True,True,False,False,2,1.155266570646184
markovian-photon-reservoir-decay,photon_decay_00,2.199114857512855,class_II_linearly_invertible_without_CPTP_inverse,True,True,True,False,False,2,1.168151714102257
markovian-photon-reservoir-decay,photon_decay_00,2.356194490192345,class_II_linearly_invertible_without_CPTP_inverse,True,True,True,False,False,2,1.1811777623152302
markovian-photon-reservoir-decay,photon_decay_00,2.5132741228718345,class_II_linearly_invertible_without_CPTP_inverse,True,True,True,False,False,2,1.1943460252310751
markovian-photon-reservoir-decay,photon_decay_00,2.670353755551324,class_II_linearly_invertible_without_CPTP_inverse,True,True,True,False,False,2,1.207657820520404
markovian-photon-reservoir-decay,photon_decay_00,2.827433388230814,class_II_linearly_invertible_without_CPTP_inverse,True,True,True,False,False,2,1.2211144735930435
markovian-photon-reservoir-decay,photon_decay_00,2.9845130209103035,class_II_linearly_invertible_without_CPTP_inverse,True,True,True,False,False,2,1.2347173176136848
markovian-photon-reservoir-decay,photon_decay_00,3.141592653589793,class_II_linearly_invertible_without_CPTP_inverse,True,True,True,False,False,2,1.248467693518637
markovian-photon-reservoir-decay,photon_decay_00,3.2986722862692828,class_II_linearly_invertible_without_CPTP_inverse,True,True,True,False,False,2,1.2623669500337287
markovian-photon-reservoir-decay,photon_decay_00,3.4557519189487724,class_II_linearly_invertible_without_CPTP_inverse,True,True,True,False,False,2,1.276416443693384
markovian-photon-reservoir-decay,photon_decay_00,3.612831551628262,class_II_linearly_invertible_without_CPTP_inverse,True,True,True,False,False,2,1.2906175388609065
markovian-photon-reservoir-decay,photon_decay_00,3.7699111843077517,class_II_linearly_invertible_without_CPTP_inverse,True,True,True,False,False,2,1.3049716077499982
markovian-photon-reservoir-decay,photon_decay_00,3.9269908169872414,class_II_linearly_invertible_without_CPTP_inverse,True,True,True,False,False,2,1.3194800304475591
markovian-photon-reservoir-decay,photon_decay_00,4.084070449666731,class_II_linearly_invertible_without_CPTP_inverse,True,True,True,False,False,2,1.334144194937777
markovian-photon-reservoir-decay,photon_decay_00,4.241150082346221,class_II_linearly_invertible_without_CPTP_inverse,True,True,True,False,False,2,1.3489654971275515
markovian-photon-reservoir-decay,photon_decay_00,4.39822971502571,class_II_linearly_invertible_without_CPTP_inverse,True,True,True,False,False,2,1.3639453408732773
markovian-photon-reservoir-decay,photon_decay_00,4.5553093477052,class_II_linearly_invertible_without_CPTP_inverse,True,True,True,False,False,2,1.3790851380090114
markovian-photon-reservoir-decay,photon_decay_00,4.71238898038469,class_II_linearly_invertible_without_CPTP_inverse,True,True,True,False,False,2,1.3943863083760548
markovian-photon-reservoir-decay,photon_decay_00,4.869468613064179,class_II_linearly_invertible_without_CPTP_inverse,True,True,True,False,False,2,1.409850279853969
markovian-photon-reservoir-decay,photon_decay_00,5.026548245743669,class_II_linearly_invertible_without_CPTP_inverse,True,True,True,False,False,2,1.4254784883930598
markovian-photon-reservoir-decay,photon_decay_00,5.183627878423159,class_II_linearly_invertible_without_CPTP_inverse,True,True,True,False,False,2,1.4412723780483492
markovian-photon-reservoir-decay,photon_decay_00,5.340707511102648,class_II_linearly_invertible_without_CPTP_inverse,True,True,True,False,False,2,1.457233401015054
markovian-photon-reservoir-decay,photon_decay_00,5.497787143782138,class_II_linearly_invertible_without_CPTP_inverse,True,True,True,False,False,2,1.4733630176656012
markovian-photon-reservoir-decay,photon_decay_00,5.654866776461628,class_II_linearly_invertible_without_CPTP_inverse,True,True,True,False,False,2,1.4896626965881952
markovian-photon-reservoir-decay,photon_decay_00,5.811946409141117,class_II_linearly_invertible_without_CPTP_inverse,True,True,True,False,False,2,1.506133914626964
markovian-photon-reservoir-decay,photon_decay_00,5.969026041820607,class_II_linearly_invertible_without_CPTP_inverse,True,True,True,False,False,2,1.5227781569236956
markovian-photon-reservoir-decay,photon_decay_00,6.126105674500097,class_II_linearly_invertible_without_CPTP_inverse,True,True,True,False,False,2,1.5395969169611854
markovian-photon-reservoir-decay,photon_decay_00,6.283185307179586,class_II_linearly_invertible_without_CPTP_inverse,True,True,True,False,False,2,1.5565916966082214
markovian-photon-reservoir-decay,photon_decay_00,6.440264939859076,class_II_linearly_invertible_without_CPTP_inverse,True,True,True,False,False,2,1.5737640061662097
markovian-photon-reservoir-decay,photon_decay_00,6.5973445725385655,class_II_linearly_invertible_without_CPTP_inverse,True,True,True,False,False,2,1.5911153644174638
markovian-photon-reservoir-decay,photon_decay_00,6.754424205218055,class_II_linearly_invertible_without_CPTP_inverse,True,True,True,False,False,2,1.6086472986751734
markovian-photon-reservoir-decay,photon_decay_00,6.911503837897545,class_II_linearly_invertible_without_CPTP_inverse,True,True,True,False,False,2,1.6263613448350585
markovian-photon-reservoir-decay,photon_decay_00,7.0685834705770345,class_II_linearly_invertible_without_CPTP_inverse,True,True,True,False,False,2,1.6442590474287362
markovian-photon-reservoir-decay,photon_decay_00,7.225663103256524,class_II_linearly_invertible_without_CPTP_inverse,True,True,True,False,False,2,1.662341959678791
markovian-photon-reservoir-decay,photon_decay_00,7.382742735936014,class_II_linearly_invertible_without_CPTP_inverse,True,True,True,False,False,2,1.6806116435555831
markovian-photon-reservoir-decay,photon_decay_00,7.5398223686155035,class_II_linearly_invertible_without_CPTP_inverse,True,True,True,False,False,2,1.699069669835784
markovian-photon-reservoir-decay,photon_decay_00,7.696902001294993,class_II_linearly_invertible_without_CPTP_inverse,True,True,True,False,False,2,1.7177176181626606
markovian-photon-reservoir-decay,photon_decay_00,7.853981633974483,class_II_linearly_invertible_without_CPTP_inverse,True,True,True,False,False,2,1.736557077108113
markovian-photon-reservoir-decay,photon_decay_00,8.011061266653972,class_II_linearly_invertible_without_CPTP_inverse,True,True,True,False,False,2,1.7555896442364727
markovian-photon-reservoir-decay,photon_decay_00,8.168140899333462,class_II_linearly_invertible_without_CPTP_inverse,True,True,True,False,False,2,1.774816926170068
markovian-photon-reservoir-decay,photon_decay_00,8.325220532012953,class_II_linearly_invertible_without_CPTP_inverse,True,True,True,False,False,2,1.794240538656556
markovian-photon-reservoir-decay,photon_decay_00,8.482300164692441,class_II_linearly_invertible_without_CPTP_inverse,True,True,True,False,False,2,1.8138621066380414
markovian-photon-reservoir-decay,photon_decay_00,8.63937979737193,class_II_linearly_invertible_without_CPTP_inverse,True,True,True,False,False,2,1.8336832643219672
markovian-photon-reservoir-decay,photon_decay_00,8.79645943005142,class_II_linearly_invertible_without_CPTP_inverse,True,True,True,False,False,2,1.8537056552537972
markovian-photon-reservoir-decay,photon_decay_00,8.953539062730911,class_II_linearly_invertible_without_CPTP_inverse,True,True,True,False,False,2,1.873930932391473
markovian-photon-reservoir-decay,photon_decay_00,9.1106186954104,class_II_linearly_invertible_without_CPTP_inverse,True,True,True,False,False,2,1.894360758181672
markovian-photon-reservoir-decay,photon_decay_00,9.267698328089889,class_II_linearly_invertible_without_CPTP_inverse,True,True,True,False,False,2,1.9149968046378398
markovian-photon-reservoir-decay,photon_decay_00,9.42477796076938,class_II_linearly_invertible_without_CPTP_inverse,True,True,True,False,False,2,1.9358407534200222
markovian-photon-reservoir-decay,photon_decay_00,9.58185759344887,class_II_linearly_invertible_without_CPTP_inverse,True,True,True,False,False,2,1.9568942959164755
markovian-photon-reservoir-decay,photon_decay_00,9.738937226128359,class_II_linearly_invertible_without_CPTP_inverse,True,True,True,False,False,2,1.9781591333270645
markovian-photon-reservoir-decay,photon_decay_00,9.896016858807847,class_II_linearly_invertible_without_CPTP_inverse,True,True,True,False,False,2,1.9996369767484488
markovian-photon-reservoir-decay,photon_decay_00,10.053096491487338,class_II_linearly_invertible_without_CPTP_inverse,True,True,True,False,False,2,2.0213295472610424
markovian-photon-reservoir-decay,photon_decay_00,10.210176124166829,class_II_linearly_invertible_without_CPTP_inverse,True,True,True,False,False,2,2.043238576017754
markovian-photon-reservoir-decay,photon_decay_00,10.367255756846317,class_II_linearly_invertible_without_CPTP_inverse,True,True,True,False,False,2,2.065365804334499
markovian-photon-reservoir-decay,photon_decay_00,10.524335389525806,class_II_linearly_invertible_without_CPTP_inverse,True,True,True,False,False,2,2.0877129837824815
markovian-photon-reservoir-decay,photon_decay_00,10.681415022205297,class_II_linearly_invertible_without_CPTP_inverse,True,True,True,False,False,2,2.110281876282241
markovian-photon-reservoir-decay,photon_decay_00,10.838494654884787,class_II_linearly_invertible_without_CPTP_inverse,True,True,True,False,False,2,2.133074254199447
markovian-photon-reservoir-decay,photon_decay_00,10.995574287564276,class_II_linearly_invertible_without_CPTP_inverse,True,True,True,False,False,2,2.1560919004424584
markovian-photon-reservoir-decay,photon_decay_00,11.152653920243765,class_II_linearly_invertible_without_CPTP_inverse,True,True,True,False,False,2,2.17933660856162
markovian-photon-reservoir-decay,photon_decay_00,11.309733552923255,class_II_linearly_invertible_without_CPTP_inverse,True,True,True,False,False,2,2.202810182850295
markovian-photon-reservoir-decay,photon_decay_00,11.466813185602746,class_II_linearly_invertible_without_CPTP_inverse,True,True,True,False,False,2,2.226514438447633
markovian-photon-reservoir-decay,photon_decay_00,11.623892818282235,class_II_linearly_invertible_without_CPTP_inverse,True,True,True,False,False,2,2.250451201443058
markovian-photon-reservoir-decay,photon_decay_00,11.780972450961723,class_II_linearly_invertible_without_CPTP_inverse,True,True,True,False,False,2,2.274622308982465
markovian-photon-reservoir-decay,photon_decay_00,11.938052083641214,class_II_linearly_invertible_without_CPTP_inverse,True,True,True,False,False,2,2.2990296093761318
markovian-photon-reservoir-decay,photon_decay_00,12.095131716320704,class_II_linearly_invertible_without_CPTP_inverse,True,True,True,False,False,2,2.3236749622083215
markovian-photon-reservoir-decay,photon_decay_00,12.252211349000193,class_II_linearly_invertible_without_CPTP_inverse,True,True,True,False,False,2,2.348560238448566
markovian-photon-reservoir-decay,photon_decay_00,12.409290981679682,class_II_linearly_invertible_without_CPTP_inverse,True,True,True,False,False,2,2.37368732056464
markovian-photon-reservoir-decay,photon_decay_00,12.566370614359172,class_II_linearly_invertible_without_CPTP_inverse,True,True,True,False,False,2,2.3990581026371935
markovian-photon-reservoir-decay,photon_decay_01,0.0,class_I_direct_unitary_reversible,True,True,True,True,True,1,1.0
markovian-photon-reservoir-decay,photon_decay_01,0.15707963267948966,class_II_linearly_invertible_without_CPTP_inverse,True,True,True,False,False,2,1.0224627585545347
markovian-photon-reservoir-decay,photon_decay_01,0.3141592653589793,class_II_linearly_invertible_without_CPTP_inverse,True,True,True,False,False,2,1.0454286604578993
markovian-photon-reservoir-decay,photon_decay_01,0.47123889803846897,class_II_linearly_invertible_without_CPTP_inverse,True,True,True,False,False,2,1.0689074805596064
markovian-photon-reservoir-decay,photon_decay_01,0.6283185307179586,class_II_linearly_invertible_without_CPTP_inverse,True,True,True,False,False,2,1.092909115713079
markovian-photon-reservoir-decay,photon_decay_01,0.7853981633974483,class_II_linearly_invertible_without_CPTP_inverse,True,True,True,False,False,2,1.1174435849520663
markovian-photon-reservoir-decay,photon_decay_01,0.9424777960769379,class_II_linearly_invertible_without_CPTP_inverse,True,True,True,False,False,2,1.142521029712148
markovian-photon-reservoir-decay,photon_decay_01,1.0995574287564276,class_II_linearly_invertible_without_CPTP_inverse,True,True,True,False,False,2,1.168151714102257
markovian-photon-reservoir-decay,photon_decay_01,1.2566370614359172,class_II_linearly_invertible_without_CPTP_inverse,True,True,True,False,False,2,1.1943460252310751
markovian-photon-reservoir-decay,photon_decay_01,1.413716694115407,class_II_linearly_invertible_without_CPTP_inverse,True,True,True,False,False,2,1.2211144735930435
markovian-photon-reservoir-decay,photon_decay_01,1.5707963267948966,class_II_linearly_invertible_without_CPTP_inverse,True,True,True,False,False,2,1.248467693518637
markovian-photon-reservoir-decay,photon_decay_01,1.7278759594743862,class_II_linearly_invertible_without_CPTP_inverse,True,True,True,False,False,2,1.276416443693384
markovian-photon-reservoir-decay,photon_decay_01,1.8849555921538759,class_II_linearly_invertible_without_CPTP_inverse,True,True,True,False,False,2,1.3049716077499982
markovian-photon-reservoir-decay,photon_decay_01,2.0420352248333655,class_II_linearly_invertible_without_CPTP_inverse,True,True,True,False,False,2,1.334144194937777
markovian-photon-reservoir-decay,photon_decay_01,2.199114857512855,class_II_linearly_invertible_without_CPTP_inverse,True,True,True,False,False,2,1.3639453408732773
markovian-photon-reservoir-decay,photon_decay_01,2.356194490192345,class_II_linearly_invertible_without_CPTP_inverse,True,True,True,False,False,2,1.3943863083760548
markovian-photon-reservoir-decay,photon_decay_01,2.5132741228718345,class_II_linearly_invertible_without_CPTP_inverse,True,True,True,False,False,2,1.4254784883930598
markovian-photon-reservoir-decay,photon_decay_01,2.670353755551324,class_II_linearly_invertible_without_CPTP_inverse,True,True,True,False,False,2,1.457233401015054
markovian-photon-reservoir-decay,photon_decay_01,2.827433388230814,class_II_linearly_invertible_without_CPTP_inverse,True,True,True,False,False,2,1.4896626965881952
markovian-photon-reservoir-decay,photon_decay_01,2.9845130209103035,class_II_linearly_invertible_without_CPTP_inverse,True,True,True,False,False,2,1.5227781569236956
markovian-photon-reservoir-decay,photon_decay_01,3.141592653589793,class_II_linearly_invertible_without_CPTP_inverse,True,True,True,False,False,2,1.5565916966082214
markovian-photon-reservoir-decay,photon_decay_01,3.2986722862692828,class_II_linearly_invertible_without_CPTP_inverse,True,True,True,False,False,2,1.5911153644174638
markovian-photon-reservoir-decay,photon_decay_01,3.4557519189487724,class_II_linearly_invertible_without_CPTP_inverse,True,True,True,False,False,2,1.6263613448350585
markovian-photon-reservoir-decay,photon_decay_01,3.612831551628262,class_II_linearly_invertible_without_CPTP_inverse,True,True,True,False,False,2,1.662341959678791
markovian-photon-reservoir-decay,photon_decay_01,3.7699111843077517,class_II_linearly_invertible_without_CPTP_inverse,True,True,True,False,False,2,1.699069669835784
markovian-photon-reservoir-decay,photon_decay_01,3.9269908169872414,class_II_linearly_invertible_without_CPTP_inverse,True,True,True,False,False,2,1.736557077108113
markovian-photon-reservoir-decay,photon_decay_01,4.084070449666731,class_II_linearly_invertible_without_CPTP_inverse,True,True,True,False,False,2,1.774816926170068
markovian-photon-reservoir-decay,photon_decay_01,4.241150082346221,class_II_linearly_invertible_without_CPTP_inverse,True,True,True,False,False,2,1.8138621066380414
markovian-photon-reservoir-decay,photon_decay_01,4.39822971502571,class_II_linearly_invertible_without_CPTP_inverse,True,True,True,False,False,2,1.8537056552537972
markovian-photon-reservoir-decay,photon_decay_01,4.5553093477052,class_II_linearly_invertible_without_CPTP_inverse,True,True,True,False,False,2,1.894360758181672
markovian-photon-reservoir-decay,photon_decay_01,4.71238898038469,class_II_linearly_invertible_without_CPTP_inverse,True,True,True,False,False,2,1.9358407534200222
markovian-photon-reservoir-decay,photon_decay_01,4.869468613064179,class_II_linearly_invertible_without_CPTP_inverse,True,True,True,False,False,2,1.9781591333270645
markovian-photon-reservoir-decay,photon_decay_01,5.026548245743669,class_II_linearly_invertible_without_CPTP_inverse,True,True,True,False,False,2,2.0213295472610424
markovian-photon-reservoir-decay,photon_decay_01,5.183627878423159,class_II_linearly_invertible_without_CPTP_inverse,True,True,True,False,False,2,2.065365804334499
markovian-photon-reservoir-decay,photon_decay_01,5.340707511102648,class_II_linearly_invertible_without_CPTP_inverse,True,True,True,False,False,2,2.110281876282241
markovian-photon-reservoir-decay,photon_decay_01,5.497787143782138,class_II_linearly_invertible_without_CPTP_inverse,True,True,True,False,False,2,2.1560919004424584
markovian-photon-reservoir-decay,photon_decay_01,5.654866776461628,class_II_linearly_invertible_without_CPTP_inverse,True,True,True,False,False,2,2.202810182850295
markovian-photon-reservoir-decay,photon_decay_01,5.811946409141117,class_II_linearly_invertible_without_CPTP_inverse,True,True,True,False,False,2,2.250451201443058
markovian-photon-reservoir-decay,photon_decay_01,5.969026041820607,class_II_linearly_invertible_without_CPTP_inverse,True,True,True,False,False,2,2.2990296093761318
markovian-photon-reservoir-decay,photon_decay_01,6.126105674500097,class_II_linearly_invertible_without_CPTP_inverse,True,True,True,False,False,2,2.348560238448566
markovian-photon-reservoir-decay,photon_decay_01,6.283185307179586,class_II_linearly_invertible_without_CPTP_inverse,True,True,True,False,False,2,2.3990581026371935
markovian-photon-reservoir-decay,photon_decay_01,6.440264939859076,class_II_linearly_invertible_without_CPTP_inverse,True,True,True,False,False,2,2.4505384017381187
markovian-photon-reservoir-decay,photon_decay_01,6.5973445725385655,class_II_linearly_invertible_without_CPTP_inverse,True,True,True,False,False,2,2.5030165251142704
markovian-photon-reservoir-decay,photon_decay_01,6.754424205218055,class_II_linearly_invertible_without_CPTP_inverse,True,True,True,False,False,2,2.556508055547749
markovian-photon-reservoir-decay,photon_decay_01,6.911503837897545,class_II_linearly_invertible_without_CPTP_inverse,True,True,True,False,False,2,2.6110287731955975
markovian-photon-reservoir-decay,photon_decay_01,7.0685834705770345,class_II_linearly_invertible_without_CPTP_inverse,True,True,True,False,False,2,2.666594659647619
markovian-photon-reservoir-decay,photon_decay_01,7.225663103256524,class_II_linearly_invertible_without_CPTP_inverse,True,True,True,False,False,2,2.7232219020848776
markovian-photon-reservoir-decay,photon_decay_01,7.382742735936014,class_II_linearly_invertible_without_CPTP_inverse,True,True,True,False,False,2,2.7809268975374537
markovian-photon-reservoir-decay,photon_decay_01,7.5398223686155035,class_II_linearly_invertible_without_CPTP_inverse,True,True,True,False,False,2,2.8397262572401094
markovian-photon-reservoir-decay,photon_decay_01,7.696902001294993,class_II_linearly_invertible_without_CPTP_inverse,True,True,True,False,False,2,2.8996368110844566
markovian-photon-reservoir-decay,photon_decay_01,7.853981633974483,class_II_linearly_invertible_without_CPTP_inverse,True,True,True,False,False,2,2.960675612166307
markovian-photon-reservoir-decay,photon_decay_01,8.011061266653972,class_II_linearly_invertible_without_CPTP_inverse,True,True,True,False,False,2,3.022859941426885
markovian-photon-reservoir-decay,photon_decay_01,8.168140899333462,class_II_linearly_invertible_without_CPTP_inverse,True,True,True,False,False,2,3.086207312386656
markovian-photon-reservoir-decay,photon_decay_01,8.325220532012953,class_II_linearly_invertible_without_CPTP_inverse,True,True,True,False,False,2,3.1507354759704955
markovian-photon-reservoir-decay,photon_decay_01,8.482300164692441,class_II_linearly_invertible_without_CPTP_inverse,True,True,True,False,False,2,3.216462425423126
markovian-photon-reservoir-decay,photon_decay_01,8.63937979737193,class_II_linearly_invertible_without_CPTP_inverse,True,True,True,False,False,2,3.2834064013136266
markovian-photon-reservoir-decay,photon_decay_01,8.79645943005142,class_II_linearly_invertible_without_CPTP_inverse,True,True,True,False,False,2,3.3515858966280603
markovian-photon-reservoir-decay,photon_decay_01,8.953539062730911,class_II_linearly_invertible_without_CPTP_inverse,True,True,True,False,False,2,3.4210196619492135
markovian-photon-reservoir-decay,photon_decay_01,9.1106186954104,class_II_linearly_invertible_without_CPTP_inverse,True,True,True,False,False,2,3.49172671072258
markovian-photon-reservoir-decay,photon_decay_01,9.267698328089889,class_II_linearly_invertible_without_CPTP_inverse,True,True,True,False,False,2,3.563726324607791
markovian-photon-reservoir-decay,photon_decay_01,9.42477796076938,class_II_linearly_invertible_without_CPTP_inverse,True,True,True,False,False,2,3.637038058914777
markovian-photon-reservoir-decay,photon_decay_01,9.58185759344887,class_II_linearly_invertible_without_CPTP_inverse,True,True,True,False,False,2,3.711681748124019
markovian-photon-reservoir-decay,photon_decay_01,9.738937226128359,class_II_linearly_invertible_without_CPTP_inverse,True,True,True,False,False,2,3.787677511490356
markovian-photon-reservoir-decay,photon_decay_01,9.896016858807847,class_II_linearly_invertible_without_CPTP_inverse,True,True,True,False,False,2,3.8650457587299045
markovian-photon-reservoir-decay,photon_decay_01,10.053096491487338,class_II_linearly_invertible_without_CPTP_inverse,True,True,True,False,False,2,3.9438071957897343
markovian-photon-reservoir-decay,photon_decay_01,10.210176124166829,class_II_linearly_invertible_without_CPTP_inverse,True,True,True,False,False,2,4.023982830700011
markovian-photon-reservoir-decay,photon_decay_01,10.367255756846317,class_II_linearly_invertible_without_CPTP_inverse,True,True,True,False,False,2,4.105593979508481
markovian-photon-reservoir-decay,photon_decay_01,10.524335389525806,class_II_linearly_invertible_without_CPTP_inverse,True,True,True,False,False,2,4.188662272297202
markovian-photon-reservoir-decay,photon_decay_01,10.681415022205297,class_II_linearly_invertible_without_CPTP_inverse,True,True,True,False,False,2,4.273209659281504
markovian-photon-reservoir-decay,photon_decay_01,10.838494654884787,class_II_linearly_invertible_without_CPTP_inverse,True,True,True,False,False,2,4.359258416991396
markovian-photon-reservoir-decay,photon_decay_01,10.995574287564276,class_II_linearly_invertible_without_CPTP_inverse,True,True,True,False,False,2,4.446831154535479
markovian-photon-reservoir-decay,photon_decay_01,11.152653920243765,class_II_linearly_invertible_without_CPTP_inverse,True,True,True,False,False,2,4.535950819947843
markovian-photon-reservoir-decay,photon_decay_01,11.309733552923255,class_II_linearly_invertible_without_CPTP_inverse,True,True,True,False,False,2,4.6266407066181765
markovian-photon-reservoir-decay,photon_decay_01,11.466813185602746,class_II_linearly_invertible_without_CPTP_inverse,True,True,True,False,False,2,4.718924459805666
markovian-photon-reservoir-decay,photon_decay_01,11.623892818282235,class_II_linearly_invertible_without_CPTP_inverse,True,True,True,False,False,2,4.812826083237266
markovian-photon-reservoir-decay,photon_decay_01,11.780972450961723,class_II_linearly_invertible_without_CPTP_inverse,True,True,True,False,False,2,4.908369945790938
markovian-photon-reservoir-decay,photon_decay_01,11.938052083641214,class_II_linearly_invertible_without_CPTP_inverse,True,True,True,False,False,2,5.005580788264665
markovian-photon-reservoir-decay,photon_decay_01,12.095131716320704,class_II_linearly_invertible_without_CPTP_inverse,True,True,True,False,False,2,5.104483730232043
markovian-photon-reservoir-decay,photon_decay_01,12.252211349000193,class_II_linearly_invertible_without_CPTP_inverse,True,True,True,False,False,2,5.2051042769853755
markovian-photon-reservoir-decay,photon_decay_01,12.409290981679682,class_II_linearly_invertible_without_CPTP_inverse,True,True,True,False,False,2,5.307468326567267
markovian-photon-reservoir-decay,photon_decay_01,12.566370614359172,class_II_linearly_invertible_without_CPTP_inverse,True,True,True,False,False,2,5.411602176891804
markovian-photon-reservoir-decay,photon_decay_02,0.0,class_I_direct_unitary_reversible,True,True,True,True,True,1,1.0
markovian-photon-reservoir-decay,photon_decay_02,0.15707963267948966,class_II_linearly_invertible_without_CPTP_inverse,True,True,True,False,False,2,1.057103340041947
markovian-photon-reservoir-decay,photon_decay_02,0.3141592653589793,class_II_linearly_invertible_without_CPTP_inverse,True,True,True,False,False,2,1.1174435849520663
markovian-photon-reservoir-decay,photon_decay_02,0.47123889803846897,class_II_linearly_invertible_without_CPTP_inverse,True,True,True,False,False,2,1.1811777623152302
markovian-photon-reservoir-decay,photon_decay_02,0.6283185307179586,class_II_linearly_invertible_without_CPTP_inverse,True,True,True,False,False,2,1.248467693518637
markovian-photon-reservoir-decay,photon_decay_02,0.7853981633974483,class_II_linearly_invertible_without_CPTP_inverse,True,True,True,False,False,2,1.3194800304475591
markovian-photon-reservoir-decay,photon_decay_02,0.9424777960769379,class_II_linearly_invertible_without_CPTP_inverse,True,True,True,False,False,2,1.3943863083760548
markovian-photon-reservoir-decay,photon_decay_02,1.0995574287564276,class_II_linearly_invertible_without_CPTP_inverse,True,True,True,False,False,2,1.4733630176656012
markovian-photon-reservoir-decay,photon_decay_02,1.2566370614359172,class_II_linearly_invertible_without_CPTP_inverse,True,True,True,False,False,2,1.5565916966082214
markovian-photon-reservoir-decay,photon_decay_02,1.413716694115407,class_II_linearly_invertible_without_CPTP_inverse,True,True,True,False,False,2,1.6442590474287362
markovian-photon-reservoir-decay,photon_decay_02,1.5707963267948966,class_II_linearly_invertible_without_CPTP_inverse,True,True,True,False,False,2,1.736557077108113
markovian-photon-reservoir-decay,photon_decay_02,1.7278759594743862,class_II_linearly_invertible_without_CPTP_inverse,True,True,True,False,False,2,1.8336832643219672
markovian-photon-reservoir-decay,photon_decay_02,1.8849555921538759,class_II_linearly_invertible_without_CPTP_inverse,True,True,True,False,False,2,1.9358407534200222
markovian-photon-reservoir-decay,photon_decay_02,2.0420352248333655,class_II_linearly_invertible_without_CPTP_inverse,True,True,True,False,False,2,2.043238576017753
markovian-photon-reservoir-decay,photon_decay_02,2.199114857512855,class_II_linearly_invertible_without_CPTP_inverse,True,True,True,False,False,2,2.1560919004424584
markovian-photon-reservoir-decay,photon_decay_02,2.356194490192345,class_II_linearly_invertible_without_CPTP_inverse,True,True,True,False,False,2,2.274622308982465
markovian-photon-reservoir-decay,photon_decay_02,2.5132741228718345,class_II_linearly_invertible_without_CPTP_inverse,True,True,True,False,False,2,2.3990581026371935
markovian-photon-reservoir-decay,photon_decay_02,2.670353755551324,class_II_linearly_invertible_without_CPTP_inverse,True,True,True,False,False,2,2.529634632862062
markovian-photon-reservoir-decay,photon_decay_02,2.827433388230814,class_II_linearly_invertible_without_CPTP_inverse,True,True,True,False,False,2,2.666594659647619
markovian-photon-reservoir-decay,photon_decay_02,2.9845130209103035,class_II_linearly_invertible_without_CPTP_inverse,True,True,True,False,False,2,2.8101887351668937
markovian-photon-reservoir-decay,photon_decay_02,3.141592653589793,class_II_linearly_invertible_without_CPTP_inverse,True,True,True,False,False,2,2.960675612166307
markovian-photon-reservoir-decay,photon_decay_02,3.2986722862692828,class_II_linearly_invertible_without_CPTP_inverse,True,True,True,False,False,2,3.118322676260356
markovian-photon-reservoir-decay,photon_decay_02,3.4557519189487724,class_II_linearly_invertible_without_CPTP_inverse,True,True,True,False,False,2,3.2834064013136266
markovian-photon-reservoir-decay,photon_decay_02,3.612831551628262,class_II_linearly_invertible_without_CPTP_inverse,True,True,True,False,False,2,3.4562128271502046
markovian-photon-reservoir-decay,photon_decay_02,3.7699111843077517,class_II_linearly_invertible_without_CPTP_inverse,True,True,True,False,False,2,3.637038058914777
markovian-photon-reservoir-decay,photon_decay_02,3.9269908169872414,class_II_linearly_invertible_without_CPTP_inverse,True,True,True,False,False,2,3.8261887875153784
markovian-photon-reservoir-decay,photon_decay_02,4.084070449666731,class_II_linearly_invertible_without_CPTP_inverse,True,True,True,False,False,2,4.0239828307000085
markovian-photon-reservoir-decay,photon_decay_02,4.241150082346221,class_II_linearly_invertible_without_CPTP_inverse,True,True,True,False,False,2,4.230749694452779
markovian-photon-reservoir-decay,photon_decay_02,4.39822971502571,class_II_linearly_invertible_without_CPTP_inverse,True,True,True,False,False,2,4.446831154535479
markovian-photon-reservoir-decay,photon_decay_02,4.5553093477052,class_II_linearly_invertible_without_CPTP_inverse,True,True,True,False,False,2,4.672581858143832
markovian-photon-reservoir-decay,photon_decay_02,4.71238898038469,class_II_linearly_invertible_without_CPTP_inverse,True,True,True,False,False,2,4.908369945790938
markovian-photon-reservoir-decay,photon_decay_02,4.869468613064179,class_II_linearly_invertible_without_CPTP_inverse,True,True,True,False,False,2,5.154577693670894
markovian-photon-reservoir-decay,photon_decay_02,5.026548245743669,class_II_linearly_invertible_without_CPTP_inverse,True,True,True,False,False,2,5.411602176891804
markovian-photon-reservoir-decay,photon_decay_02,5.183627878423159,class_II_linearly_invertible_without_CPTP_inverse,True,True,True,False,False,2,5.679855954097531
markovian-photon-reservoir-decay,photon_decay_02,5.340707511102648,class_II_linearly_invertible_without_CPTP_inverse,True,True,True,False,False,2,5.959767774121234
markovian-photon-reservoir-decay,photon_decay_02,5.497787143782138,class_II_linearly_invertible_without_CPTP_inverse,True,True,True,False,False,2,6.251783305430164
markovian-photon-reservoir-decay,photon_decay_02,5.654866776461628,class_II_linearly_invertible_without_CPTP_inverse,True,True,True,False,False,2,6.5563658892304515
markovian-photon-reservoir-decay,photon_decay_02,5.811946409141117,class_II_linearly_invertible_without_CPTP_inverse,True,True,True,False,False,2,6.87399731720289
markovian-photon-reservoir-decay,photon_decay_02,5.969026041820607,class_II_linearly_invertible_without_CPTP_inverse,True,True,True,False,False,2,7.205178634936378
markovian-photon-reservoir-decay,photon_decay_02,6.126105674500097,class_II_linearly_invertible_without_CPTP_inverse,True,True,True,False,False,2,7.550430972215064
markovian-photon-reservoir-decay,photon_decay_02,6.283185307179586,class_II_linearly_invertible_without_CPTP_inverse,True,True,True,False,False,2,7.910296401399337
markovian-photon-reservoir-decay,photon_decay_02,6.440264939859076,class_II_linearly_invertible_without_CPTP_inverse,True,True,True,False,False,2,8.285338825220105
markovian-photon-reservoir-decay,photon_decay_02,6.5973445725385655,class_II_linearly_invertible_without_CPTP_inverse,True,True,True,False,False,2,8.676144895380887
markovian-photon-reservoir-decay,photon_decay_02,6.754424205218055,class_II_linearly_invertible_without_CPTP_inverse,True,True,True,False,False,2,9.083324963434277
markovian-photon-reservoir-decay,photon_decay_02,6.911503837897545,class_II_linearly_invertible_without_CPTP_inverse,True,True,True,False,False,2,9.507514065468497
markovian-photon-reservoir-decay,photon_decay_02,7.0685834705770345,class_II_linearly_invertible_without_CPTP_inverse,True,True,True,False,False,2,9.949372942207505
markovian-photon-reservoir-decay,photon_decay_02,7.225663103256524,class_II_linearly_invertible_without_CPTP_inverse,True,True,True,False,False,2,10.409589096193955
markovian-photon-reservoir-decay,photon_decay_02,7.382742735936014,class_II_linearly_invertible_without_CPTP_inverse,True,True,True,False,False,2,10.888877887790189
markovian-photon-reservoir-decay,photon_decay_02,7.5398223686155035,class_II_linearly_invertible_without_CPTP_inverse,True,True,True,False,False,2,11.387983671798075
markovian-photon-reservoir-decay,photon_decay_02,7.696902001294993,class_II_linearly_invertible_without_CPTP_inverse,True,True,True,False,False,2,11.907680976564325
markovian-photon-reservoir-decay,photon_decay_02,7.853981633974483,class_II_linearly_invertible_without_CPTP_inverse,True,True,True,False,False,2,12.448775727505206
markovian-photon-reservoir-decay,photon_decay_02,8.011061266653972,class_II_linearly_invertible_without_CPTP_inverse,True,True,True,False,False,2,13.012106517053036
markovian-photon-reservoir-decay,photon_decay_02,8.168140899333462,class_II_linearly_invertible_without_CPTP_inverse,True,True,True,False,False,2,13.598545923097186
markovian-photon-reservoir-decay,photon_decay_02,8.325220532012953,class_II_linearly_invertible_without_CPTP_inverse,True,True,True,False,False,2,14.209001878064665
markovian-photon-reservoir-decay,photon_decay_02,8.482300164692441,class_II_linearly_invertible_without_CPTP_inverse,True,True,True,False,False,2,14.844419090860514
markovian-photon-reservoir-decay,photon_decay_02,8.63937979737193,class_II_linearly_invertible_without_CPTP_inverse,True,True,True,False,False,2,15.505780523966301
markovian-photon-reservoir-decay,photon_decay_02,8.79645943005142,class_II_linearly_invertible_without_CPTP_inverse,True,True,True,False,False,2,16.194108928075384
markovian-photon-reservoir-decay,photon_decay_02,8.953539062730911,class_II_linearly_invertible_without_CPTP_inverse,True,True,True,False,False,2,16.910468436728788
markovian-photon-reservoir-decay,photon_decay_02,9.1106186954104,class_II_linearly_invertible_without_CPTP_inverse,True,True,True,False,False,2,17.65596622350243
markovian-photon-reservoir-decay,photon_decay_02,9.267698328089889,class_II_linearly_invertible_without_CPTP_inverse,True,True,True,False,False,2,18.431754224389522
markovian-photon-reservoir-decay,photon_decay_02,9.42477796076938,class_II_linearly_invertible_without_CPTP_inverse,True,True,True,False,False,2,19.23903092811629
markovian-photon-reservoir-decay,photon_decay_02,9.58185759344887,class_II_linearly_invertible_without_CPTP_inverse,True,True,True,False,False,2,20.079043237230664
markovian-photon-reservoir-decay,photon_decay_02,9.738937226128359,class_II_linearly_invertible_without_CPTP_inverse,True,True,True,False,False,2,20.953088402907085
markovian-photon-reservoir-decay,photon_decay_02,9.896016858807847,class_II_linearly_invertible_without_CPTP_inverse,True,True,True,False,False,2,21.862516036520407
markovian-photon-reservoir-decay,photon_decay_02,10.053096491487338,class_II_linearly_invertible_without_CPTP_inverse,True,True,True,False,False,2,22.808730201155555
markovian-photon-reservoir-decay,photon_decay_02,10.210176124166829,class_II_linearly_invertible_without_CPTP_inverse,True,True,True,False,False,2,23.79319158633917
markovian-photon-reservoir-decay,photon_decay_02,10.367255756846317,class_II_linearly_invertible_without_CPTP_inverse,True,True,True,False,False,2,24.81741976940309
markovian-photon-reservoir-decay,photon_decay_02,10.524335389525806,class_II_linearly_invertible_without_CPTP_inverse,True,True,True,False,False,2,25.882995567020213
markovian-photon-reservoir-decay,photon_decay_02,10.681415022205297,class_II_linearly_invertible_without_CPTP_inverse,True,True,True,False,False,2,26.991563480588216
markovian-photon-reservoir-decay,photon_decay_02,10.838494654884787,class_II_linearly_invertible_without_CPTP_inverse,True,True,True,False,False,2,28.144834239277802
markovian-photon-reservoir-decay,photon_decay_02,10.995574287564276,class_II_linearly_invertible_without_CPTP_inverse,True,True,True,False,False,2,29.344587444710115
markovian-photon-reservoir-decay,photon_decay_02,11.152653920243765,class_II_linearly_invertible_without_CPTP_inverse,True,True,True,False,False,2,30.592674321381313
markovian-photon-reservoir-decay,photon_decay_02,11.309733552923255,class_II_linearly_invertible_without_CPTP_inverse,True,True,True,False,False,2,31.89102057711254
markovian-photon-reservoir-decay,photon_decay_02,11.466813185602746,class_II_linearly_invertible_without_CPTP_inverse,True,True,True,False,False,2,33.24162937797087
markovian-photon-reservoir-decay,photon_decay_02,11.623892818282235,class_II_linearly_invertible_without_CPTP_inverse,True,True,True,False,False,2,34.64658444227991
markovian-photon-reservoir-decay,photon_decay_02,11.780972450961723,class_II_linearly_invertible_without_CPTP_inverse,True,True,True,False,False,2,36.108053258522524
markovian-photon-reservoir-decay,photon_decay_02,11.938052083641214,class_II_linearly_invertible_without_CPTP_inverse,True,True,True,False,False,2,37.62829043212329
markovian-photon-reservoir-decay,photon_decay_02,12.095131716320704,class_II_linearly_invertible_without_CPTP_inverse,True,True,True,False,False,2,39.20964116629845
markovian-photon-reservoir-decay,photon_decay_02,12.252211349000193,class_II_linearly_invertible_without_CPTP_inverse,True,True,True,False,False,2,40.85454488236509
markovian-photon-reservoir-decay,photon_decay_02,12.409290981679682,class_II_linearly_invertible_without_CPTP_inverse,True,True,True,False,False,2,42.565538985113086
markovian-photon-reservoir-decay,photon_decay_02,12.566370614359172,class_II_linearly_invertible_without_CPTP_inverse,True,True,True,False,False,2,44.3452627790677
markovian-photon-reservoir-decay,photon_decay_03,0.0,class_I_direct_unitary_reversible,True,True,True,True,True,1,1.0
markovian-photon-reservoir-decay,photon_decay_03,0.15707963267948966,class_II_linearly_invertible_without_CPTP_inverse,True,True,True,False,False,2,1.1174435849520663
markovian-photon-reservoir-decay,photon_decay_03,0.3141592653589793,class_II_linearly_invertible_without_CPTP_inverse,True,True,True,False,False,2,1.248467693518637
markovian-photon-reservoir-decay,photon_decay_03,0.47123889803846897,class_II_linearly_invertible_without_CPTP_inverse,True,True,True,False,False,2,1.3943863083760548
markovian-photon-reservoir-decay,photon_decay_03,0.6283185307179586,class_II_linearly_invertible_without_CPTP_inverse,True,True,True,False,False,2,1.5565916966082214
markovian-photon-reservoir-decay,photon_decay_03,0.7853981633974483,class_II_linearly_invertible_without_CPTP_inverse,True,True,True,False,False,2,1.736557077108113
markovian-photon-reservoir-decay,photon_decay_03,0.9424777960769379,class_II_linearly_invertible_without_CPTP_inverse,True,True,True,False,False,2,1.9358407534200222
markovian-photon-reservoir-decay,photon_decay_03,1.0995574287564276,class_II_linearly_invertible_without_CPTP_inverse,True,True,True,False,False,2,2.1560919004424584
markovian-photon-reservoir-decay,photon_decay_03,1.2566370614359172,class_II_linearly_invertible_without_CPTP_inverse,True,True,True,False,False,2,2.3990581026371935
markovian-photon-reservoir-decay,photon_decay_03,1.413716694115407,class_II_linearly_invertible_without_CPTP_inverse,True,True,True,False,False,2,2.666594659647619
markovian-photon-reservoir-decay,photon_decay_03,1.5707963267948966,class_II_linearly_invertible_without_CPTP_inverse,True,True,True,False,False,2,2.960675612166307
markovian-photon-reservoir-decay,photon_decay_03,1.7278759594743862,class_II_linearly_invertible_without_CPTP_inverse,True,True,True,False,False,2,3.2834064013136266
markovian-photon-reservoir-decay,photon_decay_03,1.8849555921538759,class_II_linearly_invertible_without_CPTP_inverse,True,True,True,False,False,2,3.637038058914777
markovian-photon-reservoir-decay,photon_decay_03,2.0420352248333655,class_II_linearly_invertible_without_CPTP_inverse,True,True,True,False,False,2,4.0239828307000085
markovian-photon-reservoir-decay,photon_decay_03,2.199114857512855,class_II_linearly_invertible_without_CPTP_inverse,True,True,True,False,False,2,4.446831154535479
markovian-photon-reservoir-decay,photon_decay_03,2.356194490192345,class_II_linearly_invertible_without_CPTP_inverse,True,True,True,False,False,2,4.908369945790938
markovian-photon-reservoir-decay,photon_decay_03,2.5132741228718345,class_II_linearly_invertible_without_CPTP_inverse,True,True,True,False,False,2,5.411602176891804
markovian-photon-reservoir-decay,photon_decay_03,2.670353755551324,class_II_linearly_invertible_without_CPTP_inverse,True,True,True,False,False,2,5.959767774121234
markovian-photon-reservoir-decay,photon_decay_03,2.827433388230814,class_II_linearly_invertible_without_CPTP_inverse,True,True,True,False,False,2,6.5563658892304515
markovian-photon-reservoir-decay,photon_decay_03,2.9845130209103035,class_II_linearly_invertible_without_CPTP_inverse,True,True,True,False,False,2,7.205178634936378
markovian-photon-reservoir-decay,photon_decay_03,3.141592653589793,class_II_linearly_invertible_without_CPTP_inverse,True,True,True,False,False,2,7.910296401399337
markovian-photon-reservoir-decay,photon_decay_03,3.2986722862692828,class_II_linearly_invertible_without_CPTP_inverse,True,True,True,False,False,2,8.676144895380887
markovian-photon-reservoir-decay,photon_decay_03,3.4557519189487724,class_II_linearly_invertible_without_CPTP_inverse,True,True,True,False,False,2,9.507514065468497
markovian-photon-reservoir-decay,photon_decay_03,3.612831551628262,class_II_linearly_invertible_without_CPTP_inverse,True,True,True,False,False,2,10.409589096193955
markovian-photon-reservoir-decay,photon_decay_03,3.7699111843077517,class_II_linearly_invertible_without_CPTP_inverse,True,True,True,False,False,2,11.387983671798075
markovian-photon-reservoir-decay,photon_decay_03,3.9269908169872414,class_II_linearly_invertible_without_CPTP_inverse,True,True,True,False,False,2,12.448775727505206
markovian-photon-reservoir-decay,photon_decay_03,4.084070449666731,class_II_linearly_invertible_without_CPTP_inverse,True,True,True,False,False,2,13.598545923097186
markovian-photon-reservoir-decay,photon_decay_03,4.241150082346221,class_II_linearly_invertible_without_CPTP_inverse,True,True,True,False,False,2,14.844419090860514
markovian-photon-reservoir-decay,photon_decay_03,4.39822971502571,class_II_linearly_invertible_without_CPTP_inverse,True,True,True,False,False,2,16.194108928075384
markovian-photon-reservoir-decay,photon_decay_03,4.5553093477052,class_II_linearly_invertible_without_CPTP_inverse,True,True,True,False,False,2,17.65596622350243
markovian-photon-reservoir-decay,photon_decay_03,4.71238898038469,class_II_linearly_invertible_without_CPTP_inverse,True,True,True,False,False,2,19.23903092811629
markovian-photon-reservoir-decay,photon_decay_03,4.869468613064179,class_II_linearly_invertible_without_CPTP_inverse,True,True,True,False,False,2,20.953088402907085
markovian-photon-reservoir-decay,photon_decay_03,5.026548245743669,class_II_linearly_invertible_without_CPTP_inverse,True,True,True,False,False,2,22.808730201155555
markovian-photon-reservoir-decay,photon_decay_03,5.183627878423159,class_II_linearly_invertible_without_CPTP_inverse,True,True,True,False,False,2,24.81741976940309
markovian-photon-reservoir-decay,photon_decay_03,5.340707511102648,class_II_linearly_invertible_without_CPTP_inverse,True,True,True,False,False,2,26.991563480588216
markovian-photon-reservoir-decay,photon_decay_03,5.497787143782138,class_II_linearly_invertible_without_CPTP_inverse,True,True,True,False,False,2,29.344587444710115
markovian-photon-reservoir-decay,photon_decay_03,5.654866776461628,class_II_linearly_invertible_without_CPTP_inverse,True,True,True,False,False,2,31.89102057711254
markovian-photon-reservoir-decay,photon_decay_03,5.811946409141117,class_II_linearly_invertible_without_CPTP_inverse,True,True,True,False,False,2,34.64658444227991
markovian-photon-reservoir-decay,photon_decay_03,5.969026041820607,class_II_linearly_invertible_without_CPTP_inverse,True,True,True,False,False,2,37.62829043212329
markovian-photon-reservoir-decay,photon_decay_03,6.126105674500097,class_II_linearly_invertible_without_CPTP_inverse,True,True,True,False,False,2,40.85454488236509
markovian-photon-reservoir-decay,photon_decay_03,6.283185307179586,class_II_linearly_invertible_without_CPTP_inverse,True,True,True,False,False,2,44.3452627790677
markovian-photon-reservoir-decay,photon_decay_03,6.440264939859076,class_II_linearly_invertible_without_CPTP_inverse,True,True,True,False,False,2,48.12199075988609
markovian-photon-reservoir-decay,photon_decay_03,6.5973445725385655,class_II_linearly_invertible_without_CPTP_inverse,True,True,True,False,False,2,52.20804017157548
markovian-photon-reservoir-decay,photon_decay_03,6.754424205218055,class_II_linearly_invertible_without_CPTP_inverse,True,True,True,False,False,2,56.62863100699611
markovian-photon-reservoir-decay,photon_decay_03,6.911503837897545,class_II_linearly_invertible_without_CPTP_inverse,True,True,True,False,False,2,61.41104761169339
markovian-photon-reservoir-decay,photon_decay_03,7.0685834705770345,class_II_linearly_invertible_without_CPTP_inverse,True,True,True,False,False,2,66.58480712251205
markovian-photon-reservoir-decay,photon_decay_03,7.225663103256524,class_II_linearly_invertible_without_CPTP_inverse,True,True,True,False,False,2,72.18184167906017
markovian-photon-reservoir-decay,photon_decay_03,7.382742735936014,class_II_linearly_invertible_without_CPTP_inverse,True,True,True,False,False,2,78.23669553364802
markovian-photon-reservoir-decay,photon_decay_03,7.5398223686155035,class_II_linearly_invertible_without_CPTP_inverse,True,True,True,False,False,2,84.78673827711523
markovian-photon-reservoir-decay,photon_decay_03,7.696902001294993,class_II_linearly_invertible_without_CPTP_inverse,True,True,True,False,False,2,91.87239549728899
markovian-photon-reservoir-decay,photon_decay_03,7.853981633974483,class_II_linearly_invertible_without_CPTP_inverse,True,True,True,False,False,2,99.53739829427766
markovian-photon-reservoir-decay,photon_decay_03,8.011061266653972,class_II_linearly_invertible_without_CPTP_inverse,True,True,True,False,False,2,107.82905319309512
markovian-photon-reservoir-decay,photon_decay_03,8.168140899333462,class_II_linearly_invertible_without_CPTP_inverse,True,True,True,False,False,2,116.79853411990506
markovian-photon-reservoir-decay,photon_decay_03,8.325220532012953,class_II_linearly_invertible_without_CPTP_inverse,True,True,True,False,False,2,126.50119824427368
markovian-photon-reservoir-decay,photon_decay_03,8.482300164692441,class_II_linearly_invertible_without_CPTP_inverse,True,True,True,False,False,2,136.9969276370545
markovian-photon-reservoir-decay,photon_decay_03,8.63937979737193,class_II_linearly_invertible_without_CPTP_inverse,True,True,True,False,False,2,148.3504988527969
markovian-photon-reservoir-decay,photon_decay_03,8.79645943005142,class_II_linearly_invertible_without_CPTP_inverse,True,True,True,False,False,2,160.63198271788056
markovian-photon-reservoir-decay,photon_decay_03,8.953539062730911,class_II_linearly_invertible_without_CPTP_inverse,True,True,True,False,False,2,173.9171767919298
markovian-photon-reservoir-decay,photon_decay_03,9.1106186954104,class_II_linearly_invertible_without_CPTP_inverse,True,True,True,False,False,2,188.28807317173866
markovian-photon-reservoir-decay,photon_decay_03,9.267698328089889,class_II_linearly_invertible_without_CPTP_inverse,True,True,True,False,False,2,203.83336452494015
markovian-photon-reservoir-decay,photon_decay_03,9.42477796076938,class_II_linearly_invertible_without_CPTP_inverse,True,True,True,False,False,2,220.64899147668578
markovian-photon-reservoir-decay,photon_decay_03,9.58185759344887,class_II_linearly_invertible_without_CPTP_inverse,True,True,True,False,False,2,238.83873472768914
markovian-photon-reservoir-decay,photon_decay_03,9.738937226128359,class_II_linearly_invertible_without_CPTP_inverse,True,True,True,False,False,2,258.5148555581253
markovian-photon-reservoir-decay,photon_decay_03,9.896016858807847,class_II_linearly_invertible_without_CPTP_inverse,True,True,True,False,False,2,279.7987886704217
markovian-photon-reservoir-decay,photon_decay_03,10.053096491487338,class_II_linearly_invertible_without_CPTP_inverse,True,True,True,False,False,2,302.8218916470244
markovian-photon-reservoir-decay,photon_decay_03,10.210176124166829,class_II_linearly_invertible_without_CPTP_inverse,True,True,True,False,False,2,327.72625564862034
markovian-photon-reservoir-decay,photon_decay_03,10.367255756846317,class_II_linearly_invertible_without_CPTP_inverse,True,True,True,False,False,2,354.6655823561724
markovian-photon-reservoir-decay,photon_decay_03,10.524335389525806,class_II_linearly_invertible_without_CPTP_inverse,True,True,True,False,False,2,383.8061325691305
markovian-photon-reservoir-decay,photon_decay_03,10.681415022205297,class_II_linearly_invertible_without_CPTP_inverse,True,True,True,False,False,2,415.3277523141273
markovian-photon-reservoir-decay,photon_decay_03,10.838494654884787,class_II_linearly_invertible_without_CPTP_inverse,True,True,True,False,False,2,449.4249827971533
markovian-photon-reservoir-decay,photon_decay_03,10.995574287564276,class_II_linearly_invertible_without_CPTP_inverse,True,True,True,False,False,2,486.30826104944606
markovian-photon-reservoir-decay,photon_decay_03,11.152653920243765,class_II_linearly_invertible_without_CPTP_inverse,True,True,True,False,False,2,526.2052186770032
markovian-photon-reservoir-decay,photon_decay_03,11.309733552923255,class_II_linearly_invertible_without_CPTP_inverse,True,True,True,False,False,2,569.3620867294628
markovian-photon-reservoir-decay,photon_decay_03,11.466813185602746,class_II_linearly_invertible_without_CPTP_inverse,True,True,True,False,False,2,616.0452153584065
markovian-photon-reservoir-decay,photon_decay_03,11.623892818282235,class_II_linearly_invertible_without_CPTP_inverse,True,True,True,False,False,2,666.5427176443078
markovian-photon-reservoir-decay,photon_decay_03,11.780972450961723,class_II_linearly_invertible_without_CPTP_inverse,True,True,True,False,False,2,721.1662477369546
markovian-photon-reservoir-decay,photon_decay_03,11.938052083641214,class_II_linearly_invertible_without_CPTP_inverse,True,True,True,False,False,2,780.2529242837671
markovian-photon-reservoir-decay,photon_decay_03,12.095131716320704,class_II_linearly_invertible_without_CPTP_inverse,True,True,True,False,False,2,844.1674110165238
markovian-photon-reservoir-decay,photon_decay_03,12.252211349000193,class_II_linearly_invertible_without_CPTP_inverse,True,True,True,False,False,2,913.3041673373758
markovian-photon-reservoir-decay,photon_decay_03,12.409290981679682,class_II_linearly_invertible_without_CPTP_inverse,True,True,True,False,False,2,988.0898827941004
markovian-photon-reservoir-decay,photon_decay_03,12.566370614359172,class_II_linearly_invertible_without_CPTP_inverse,True,True,True,False,False,2,1068.9861104691229
markovian-photon-reservoir-decay,photon_decay_04,0.0,class_I_direct_unitary_reversible,True,True,True,True,True,1,1.0
markovian-photon-reservoir-decay,photon_decay_04,0.15707963267948966,class_II_linearly_invertible_without_CPTP_inverse,True,True,True,False,False,2,1.248467693518637
markovian-photon-reservoir-decay,photon_decay_04,0.3141592653589793,class_II_linearly_invertible_without_CPTP_inverse,True,True,True,False,False,2,1.5565916966082214
markovian-photon-reservoir-decay,photon_decay_04,0.47123889803846897,class_II_linearly_invertible_without_CPTP_inverse,True,True,True,False,False,2,1.9358407534200222
markovian-photon-reservoir-decay,photon_decay_04,0.6283185307179586,class_II_linearly_invertible_without_CPTP_inverse,True,True,True,False,False,2,2.3990581026371935
markovian-photon-reservoir-decay,photon_decay_04,0.7853981633974483,class_II_linearly_invertible_without_CPTP_inverse,True,True,True,False,False,2,2.960675612166307
markovian-photon-reservoir-decay,photon_decay_04,0.9424777960769379,class_II_linearly_invertible_without_CPTP_inverse,True,True,True,False,False,2,3.637038058914777
markovian-photon-reservoir-decay,photon_decay_04,1.0995574287564276,class_II_linearly_invertible_without_CPTP_inverse,True,True,True,False,False,2,4.446831154535479
markovian-photon-reservoir-decay,photon_decay_04,1.2566370614359172,class_II_linearly_invertible_without_CPTP_inverse,True,True,True,False,False,2,5.411602176891804
markovian-photon-reservoir-decay,photon_decay_04,1.413716694115407,class_II_linearly_invertible_without_CPTP_inverse,True,True,True,False,False,2,6.5563658892304515
markovian-photon-reservoir-decay,photon_decay_04,1.5707963267948966,class_II_linearly_invertible_without_CPTP_inverse,True,True,True,False,False,2,7.910296401399337
markovian-photon-reservoir-decay,photon_decay_04,1.7278759594743862,class_II_linearly_invertible_without_CPTP_inverse,True,True,True,False,False,2,9.507514065468497
markovian-photon-reservoir-decay,photon_decay_04,1.8849555921538759,class_II_linearly_invertible_without_CPTP_inverse,True,True,True,False,False,2,11.387983671798075
markovian-photon-reservoir-decay,photon_decay_04,2.0420352248333655,class_II_linearly_invertible_without_CPTP_inverse,True,True,True,False,False,2,13.598545923097186
markovian-photon-reservoir-decay,photon_decay_04,2.199114857512855,class_II_linearly_invertible_without_CPTP_inverse,True,True,True,False,False,2,16.194108928075384
markovian-photon-reservoir-decay,photon_decay_04,2.356194490192345,class_II_linearly_invertible_without_CPTP_inverse,True,True,True,False,False,2,19.23903092811629
markovian-photon-reservoir-decay,photon_decay_04,2.5132741228718345,class_II_linearly_invertible_without_CPTP_inverse,True,True,True,False,False,2,22.808730201155555
markovian-photon-reservoir-decay,photon_decay_04,2.670353755551324,class_II_linearly_invertible_without_CPTP_inverse,True,True,True,False,False,2,26.991563480588216
markovian-photon-reservoir-decay,photon_decay_04,2.827433388230814,class_II_linearly_invertible_without_CPTP_inverse,True,True,True,False,False,2,31.89102057711254
markovian-photon-reservoir-decay,photon_decay_04,2.9845130209103035,class_II_linearly_invertible_without_CPTP_inverse,True,True,True,False,False,2,37.62829043212329
markovian-photon-reservoir-decay,photon_decay_04,3.141592653589793,class_II_linearly_invertible_without_CPTP_inverse,True,True,True,False,False,2,44.3452627790677
markovian-photon-reservoir-decay,photon_decay_04,3.2986722862692828,class_II_linearly_invertible_without_CPTP_inverse,True,True,True,False,False,2,52.20804017157548
markovian-photon-reservoir-decay,photon_decay_04,3.4557519189487724,class_II_linearly_invertible_without_CPTP_inverse,True,True,True,False,False,2,61.41104761169339
markovian-photon-reservoir-decay,photon_decay_04,3.612831551628262,class_II_linearly_invertible_without_CPTP_inverse,True,True,True,False,False,2,72.18184167906017
markovian-photon-reservoir-decay,photon_decay_04,3.7699111843077517,class_II_linearly_invertible_without_CPTP_inverse,True,True,True,False,False,2,84.78673827711523
markovian-photon-reservoir-decay,photon_decay_04,3.9269908169872414,class_II_linearly_invertible_without_CPTP_inverse,True,True,True,False,False,2,99.53739829427766
markovian-photon-reservoir-decay,photon_decay_04,4.084070449666731,class_II_linearly_invertible_without_CPTP_inverse,True,True,True,False,False,2,116.79853411990506
markovian-photon-reservoir-decay,photon_decay_04,4.241150082346221,class_II_linearly_invertible_without_CPTP_inverse,True,True,True,False,False,2,136.9969276370545
markovian-photon-reservoir-decay,photon_decay_04,4.39822971502571,class_II_linearly_invertible_without_CPTP_inverse,True,True,True,False,False,2,160.63198271788056
markovian-photon-reservoir-decay,photon_decay_04,4.5553093477052,class_II_linearly_invertible_without_CPTP_inverse,True,True,True,False,False,2,188.28807317173866
markovian-photon-reservoir-decay,photon_decay_04,4.71238898038469,class_II_linearly_invertible_without_CPTP_inverse,True,True,True,False,False,2,220.64899147668578
markovian-photon-reservoir-decay,photon_decay_04,4.869468613064179,class_II_linearly_invertible_without_CPTP_inverse,True,True,True,False,False,2,258.5148555581253
markovian-photon-reservoir-decay,photon_decay_04,5.026548245743669,class_II_linearly_invertible_without_CPTP_inverse,True,True,True,False,False,2,302.8218916470244
markovian-photon-reservoir-decay,photon_decay_04,5.183627878423159,class_II_linearly_invertible_without_CPTP_inverse,True,True,True,False,False,2,354.6655823561724
markovian-photon-reservoir-decay,photon_decay_04,5.340707511102648,class_II_linearly_invertible_without_CPTP_inverse,True,True,True,False,False,2,415.3277523141273
markovian-photon-reservoir-decay,photon_decay_04,5.497787143782138,class_II_linearly_invertible_without_CPTP_inverse,True,True,True,False,False,2,486.30826104944606
markovian-photon-reservoir-decay,photon_decay_04,5.654866776461628,class_II_linearly_invertible_without_CPTP_inverse,True,True,True,False,False,2,569.3620867294628
markovian-photon-reservoir-decay,photon_decay_04,5.811946409141117,class_II_linearly_invertible_without_CPTP_inverse,True,True,True,False,False,2,666.5427176443078
markovian-photon-reservoir-decay,photon_decay_04,5.969026041820607,class_II_linearly_invertible_without_CPTP_inverse,True,True,True,False,False,2,780.2529242837671
markovian-photon-reservoir-decay,photon_decay_04,6.126105674500097,class_II_linearly_invertible_without_CPTP_inverse,True,True,True,False,False,2,913.3041673373758
markovian-photon-reservoir-decay,photon_decay_04,6.283185307179586,class_II_linearly_invertible_without_CPTP_inverse,True,True,True,False,False,2,1068.9861104691229
markovian-photon-reservoir-decay,photon_decay_04,6.440264939859076,class_II_linearly_invertible_without_CPTP_inverse,True,True,True,False,False,2,1251.1479565564448
markovian-photon-reservoir-decay,photon_decay_04,6.5973445725385655,class_II_linearly_invertible_without_CPTP_inverse,True,True,True,False,False,2,1464.2936184147054
markovian-photon-reservoir-decay,photon_decay_04,6.754424205218055,class_II_linearly_invertible_without_CPTP_inverse,True,True,True,False,False,2,1713.6930770842848
markovian-photon-reservoir-decay,photon_decay_04,6.911503837897545,class_II_linearly_invertible_without_CPTP_inverse,True,True,True,False,False,2,2005.512680990351
markovian-photon-reservoir-decay,photon_decay_04,7.0685834705770345,class_II_linearly_invertible_without_CPTP_inverse,True,True,True,False,False,2,2346.967607593098
markovian-photon-reservoir-decay,photon_decay_04,7.225663103256524,class_II_linearly_invertible_without_CPTP_inverse,True,True,True,False,False,2,2746.500257113636
markovian-photon-reservoir-decay,photon_decay_04,7.382742735936014,class_II_linearly_invertible_without_CPTP_inverse,True,True,True,False,False,2,3213.988989077953
markovian-photon-reservoir-decay,photon_decay_04,7.5398223686155035,class_II_linearly_invertible_without_CPTP_inverse,True,True,True,False,False,2,3760.9923626505893
markovian-photon-reservoir-decay,photon_decay_04,7.696902001294993,class_II_linearly_invertible_without_CPTP_inverse,True,True,True,False,False,2,4401.034919542923
markovian-photon-reservoir-decay,photon_decay_04,7.853981633974483,class_II_linearly_invertible_without_CPTP_inverse,True,True,True,False,False,2,5149.941575424933
markovian-photon-reservoir-decay,photon_decay_04,8.011061266653972,class_II_linearly_invertible_without_CPTP_inverse,True,True,True,False,False,2,6026.228887583616
markovian-photon-reservoir-decay,photon_decay_04,8.168140899333462,class_II_linearly_invertible_without_CPTP_inverse,True,True,True,False,False,2,7051.562872860535
markovian-photon-reservoir-decay,photon_decay_04,8.325220532012953,class_II_linearly_invertible_without_CPTP_inverse,True,True,True,False,False,2,8251.294695287315
markovian-photon-reservoir-decay,photon_decay_04,8.482300164692441,class_II_linearly_invertible_without_CPTP_inverse,True,True,True,False,False,2,9655.087468208223
markovian-photon-reservoir-decay,photon_decay_04,8.63937979737193,class_II_linearly_invertible_without_CPTP_inverse,True,True,True,False,False,2,11297.64966843483
markovian-photon-reservoir-decay,photon_decay_04,8.79645943005142,class_II_linearly_invertible_without_CPTP_inverse,True,True,True,False,False,2,13219.593295930665
markovian-photon-reservoir-decay,photon_decay_04,8.953539062730911,class_II_linearly_invertible_without_CPTP_inverse,True,True,True,False,False,2,15468.437996829643
markovian-photon-reservoir-decay,photon_decay_04,9.1106186954104,class_II_linearly_invertible_without_CPTP_inverse,True,True,True,False,False,2,18099.7859765848
markovian-photon-reservoir-decay,photon_decay_04,9.267698328089889,class_II_linearly_invertible_without_CPTP_inverse,True,True,True,False,False,2,21178.696752574604
markovian-photon-reservoir-decay,photon_decay_04,9.42477796076938,class_II_linearly_invertible_without_CPTP_inverse,True,True,True,False,False,2,24781.295736886404
markovian-photon-reservoir-decay,photon_decay_04,9.58185759344887,class_II_linearly_invertible_without_CPTP_inverse,True,True,True,False,False,2,28996.656420734977
markovian-photon-reservoir-decay,photon_decay_04,9.738937226128359,class_II_linearly_invertible_without_CPTP_inverse,True,True,True,False,False,2,33929.00269772717
markovian-photon-reservoir-decay,photon_decay_04,9.896016858807847,class_II_linearly_invertible_without_CPTP_inverse,True,True,True,False,False,2,39700.28577728688
markovian-photon-reservoir-decay,photon_decay_04,10.053096491487338,class_II_linearly_invertible_without_CPTP_inverse,True,True,True,False,False,2,46453.1994021404
markovian-photon-reservoir-decay,photon_decay_04,10.210176124166829,class_II_linearly_invertible_without_CPTP_inverse,True,True,True,False,False,2,54354.70792087874
markovian-photon-reservoir-decay,photon_decay_04,10.367255756846317,class_II_linearly_invertible_without_CPTP_inverse,True,True,True,False,False,2,63600.17444599707
markovian-photon-reservoir-decay,photon_decay_04,10.524335389525806,class_II_linearly_invertible_without_CPTP_inverse,True,True,True,False,False,2,74418.19116490915
markovian-photon-reservoir-decay,photon_decay_04,10.681415022205297,class_II_linearly_invertible_without_CPTP_inverse,True,True,True,False,False,2,87076.23123248707
markovian-photon-reservoir-decay,photon_decay_04,10.838494654884787,class_II_linearly_invertible_without_CPTP_inverse,True,True,True,False,False,2,101887.26198943124
markovian-photon-reservoir-decay,photon_decay_04,10.995574287564276,class_II_linearly_invertible_without_CPTP_inverse,True,True,True,False,False,2,119217.48301067445
markovian-photon-reservoir-decay,photon_decay_04,11.152653920243765,class_II_linearly_invertible_without_CPTP_inverse,True,True,True,False,False,2,139495.3803141079
markovian-photon-reservoir-decay,photon_decay_04,11.309733552923255,class_II_linearly_invertible_without_CPTP_inverse,True,True,True,False,False,2,163222.32058391286
markovian-photon-reservoir-decay,photon_decay_04,11.466813185602746,class_II_linearly_invertible_without_CPTP_inverse,True,True,True,False,False,2,190984.94735696263
markovian-photon-reservoir-decay,photon_decay_04,11.623892818282235,class_II_linearly_invertible_without_CPTP_inverse,True,True,True,False,False,2,223469.68565489046
markovian-photon-reservoir-decay,photon_decay_04,11.780972450961723,class_II_linearly_invertible_without_CPTP_inverse,True,True,True,False,False,2,261479.7137035942
markovian-photon-reservoir-decay,photon_decay_04,11.938052083641214,class_II_linearly_invertible_without_CPTP_inverse,True,True,True,False,False,2,305954.8213357506
markovian-photon-reservoir-decay,photon_decay_04,12.095131716320704,class_II_linearly_invertible_without_CPTP_inverse,True,True,True,False,False,2,357994.64610158687
markovian-photon-reservoir-decay,photon_decay_04,12.252211349000193,class_II_linearly_invertible_without_CPTP_inverse,True,True,True,False,False,2,418885.8615635172
markovian-photon-reservoir-decay,photon_decay_04,12.409290981679682,class_II_linearly_invertible_without_CPTP_inverse,True,True,True,False,False,2,490133.990025357
markovian-photon-reservoir-decay,photon_decay_04,12.566370614359172,class_II_linearly_invertible_without_CPTP_inverse,True,True,True,False,False,2,573500.6262762072
finite-mode-spin-boson-dephasing,spin_boson_00,0.0,class_I_direct_unitary_reversible,True,True,True,True,True,1,1.0
finite-mode-spin-boson-dephasing,spin_boson_00,0.15707963267948966,class_II_linearly_invertible_without_CPTP_inverse,True,True,True,False,False,2,1.0607903793941156
finite-mode-spin-boson-dephasing,spin_boson_00,0.3141592653589793,class_II_linearly_invertible_without_CPTP_inverse,True,True,True,False,False,2,1.2650308026338446
finite-mode-spin-boson-dephasing,spin_boson_00,0.47123889803846897,class_II_linearly_invertible_without_CPTP_inverse,True,True,True,False,False,2,1.6911104422290009
finite-mode-spin-boson-dephasing,spin_boson_00,0.6283185307179586,class_II_linearly_invertible_without_CPTP_inverse,True,True,True,False,False,2,2.52232356224156
finite-mode-spin-boson-dephasing,spin_boson_00,0.7853981633974483,class_II_linearly_invertible_without_CPTP_inverse,True,True,True,False,False,2,4.170528824851858
finite-mode-spin-boson-dephasing,spin_boson_00,0.9424777960769379,class_II_linearly_invertible_without_CPTP_inverse,True,True,True,False,False,2,7.583176946811076
finite-mode-spin-boson-dephasing,spin_boson_00,1.0995574287564276,class_II_linearly_invertible_without_CPTP_inverse,True,True,True,False,False,2,15.019941592731563
finite-mode-spin-boson-dephasing,spin_boson_00,1.2566370614359172,class_II_linearly_invertible_without_CPTP_inverse,True,True,True,False,False,2,32.06238204724182
finite-mode-spin-boson-dephasing,spin_boson_00,1.413716694115407,class_II_linearly_invertible_without_CPTP_inverse,True,True,True,False,False,2,72.90403160226391
finite-mode-spin-boson-dephasing,spin_boson_00,1.5707963267948966,class_II_linearly_invertible_without_CPTP_inverse,True,True,True,False,False,2,174.39096323996648
finite-mode-spin-boson-dephasing,spin_boson_00,1.7278759594743862,class_II_linearly_invertible_without_CPTP_inverse,True,True,True,False,False,2,433.19626186337484
finite-mode-spin-boson-dephasing,spin_boson_00,1.8849555921538759,class_II_linearly_invertible_without_CPTP_inverse,True,True,True,False,False,2,1102.8191543641449
finite-mode-spin-boson-dephasing,spin_boson_00,2.0420352248333655,class_II_linearly_invertible_without_CPTP_inverse,True,True,True,False,False,2,2839.6756181476426
finite-mode-spin-boson-dephasing,spin_boson_00,2.199114857512855,class_II_linearly_invertible_without_CPTP_inverse,True,True,True,False,False,2,7301.189887929162
finite-mode-spin-boson-dephasing,spin_boson_00,2.356194490192345,class_II_linearly_invertible_without_CPTP_inverse,True,True,True,False,False,2,18515.43625264072
finite-mode-spin-boson-dephasing,spin_boson_00,2.5132741228718345,class_II_linearly_invertible_without_CPTP_inverse,True,True,True,False,False,2,45781.09110104904
finite-mode-spin-boson-dephasing,spin_boson_00,2.670353755551324,class_II_linearly_invertible_without_CPTP_inverse,True,True,True,False,False,2,109214.6695214692
finite-mode-spin-boson-dephasing,spin_boson_00,2.827433388230814,class_II_linearly_invertible_without_CPTP_inverse,True,True,True,False,False,2,249037.35297476526
finite-mode-spin-boson-dephasing,spin_boson_00,2.9845130209103035,class_II_linearly_invertible_without_CPTP_inverse,True,True,True,False,False,2,538474.9187604045
finite-mode-spin-boson-dephasing,spin_boson_00,3.141592653589793,class_II_linearly_invertible_without_CPTP_inverse,True,True,True,False,False,2,1096851.9783674362
finite-mode-spin-boson-dephasing,spin_boson_00,3.2986722862692828,class_II_linearly_invertible_without_CPTP_inverse,True,True,True,False,False,2,2094343.7630315835
finite-mode-spin-boson-dephasing,spin_boson_00,3.4557519189487724,class_II_linearly_invertible_without_CPTP_inverse,True,True,True,False,False,2,3735877.6663484396
finite-mode-spin-boson-dephasing,spin_boson_00,3.612831551628262,class_II_linearly_invertible_without_CPTP_inverse,True,True,True,False,False,2,6214462.566871117
finite-mode-spin-boson-dephasing,spin_boson_00,3.7699111843077517,class_II_linearly_invertible_without_CPTP_inverse,True,True,True,False,False,2,9637896.782042824
finite-mode-spin-boson-dephasing,spin_boson_00,3.9269908169872414,class_II_linearly_invertible_without_CPTP_inverse,True,True,True,False,False,2,13953389.513846891
finite-mode-spin-boson-dephasing,spin_boson_00,4.084070449666731,class_II_linearly_invertible_without_CPTP_inverse,True,True,True,False,False,2,18908213.213160686
finite-mode-spin-boson-dephasing,spin_boson_00,4.241150082346221,class_II_linearly_invertible_without_CPTP_inverse,True,True,True,False,False,2,24076468.998366684
finite-mode-spin-boson-dephasing,spin_boson_00,4.39822971502571,class_II_linearly_invertible_without_CPTP_inverse,True,True,True,False,False,2,28951838.69412241
finite-mode-spin-boson-dephasing,spin_boson_00,4.5553093477052,class_II_linearly_invertible_without_CPTP_inverse,True,True,True,False,False,2,33071864.01404801
finite-mode-spin-boson-dephasing,spin_boson_00,4.71238898038469,class_II_linearly_invertible_without_CPTP_inverse,True,True,True,False,False,2,36124026.52746319
finite-mode-spin-boson-dephasing,spin_boson_00,4.869468613064179,class_II_linearly_invertible_without_CPTP_inverse,True,True,True,False,False,2,37996652.22493685
finite-mode-spin-boson-dephasing,spin_boson_00,5.026548245743669,class_II_linearly_invertible_without_CPTP_inverse,True,True,True,False,False,2,38767163.280922785
finite-mode-spin-boson-dephasing,spin_boson_00,5.183627878423159,class_II_linearly_invertible_without_CPTP_inverse,True,True,True,False,False,2,38646528.84838306
finite-mode-spin-boson-dephasing,spin_boson_00,5.340707511102648,class_II_linearly_invertible_without_CPTP_inverse,True,True,True,False,False,2,37909227.53882288
finite-mode-spin-boson-dephasing,spin_boson_00,5.497787143782138,class_II_linearly_invertible_without_CPTP_inverse,True,True,True,False,False,2,36832861.70494037
finite-mode-spin-boson-dephasing,spin_boson_00,5.654866776461628,class_II_linearly_invertible_without_CPTP_inverse,True,True,True,False,False,2,35659155.56740021
finite-mode-spin-boson-dephasing,spin_boson_00,5.811946409141117,class_II_linearly_invertible_without_CPTP_inverse,True,True,True,False,False,2,34576715.48823005
finite-mode-spin-boson-dephasing,spin_boson_00,5.969026041820607,class_II_linearly_invertible_without_CPTP_inverse,True,True,True,False,False,2,33719569.3645445
finite-mode-spin-boson-dephasing,spin_boson_00,6.126105674500097,class_II_linearly_invertible_without_CPTP_inverse,True,True,True,False,False,2,33173954.141825687
finite-mode-spin-boson-dephasing,spin_boson_00,6.283185307179586,class_II_linearly_invertible_without_CPTP_inverse,True,True,True,False,False,2,32987105.924174223
finite-mode-spin-boson-dephasing,spin_boson_00,6.440264939859076,class_II_linearly_invertible_without_CPTP_inverse,True,True,True,False,False,2,33173954.141825687
finite-mode-spin-boson-dephasing,spin_boson_00,6.5973445725385655,class_II_linearly_invertible_without_CPTP_inverse,True,True,True,False,False,2,33719569.3645445
finite-mode-spin-boson-dephasing,spin_boson_00,6.754424205218055,class_II_linearly_invertible_without_CPTP_inverse,True,True,True,False,False,2,34576715.48823005
finite-mode-spin-boson-dephasing,spin_boson_00,6.911503837897545,class_II_linearly_invertible_without_CPTP_inverse,True,True,True,False,False,2,35659155.56740021
finite-mode-spin-boson-dephasing,spin_boson_00,7.0685834705770345,class_II_linearly_invertible_without_CPTP_inverse,True,True,True,False,False,2,36832861.70494037
finite-mode-spin-boson-dephasing,spin_boson_00,7.225663103256524,class_II_linearly_invertible_without_CPTP_inverse,True,True,True,False,False,2,37909227.53882288
finite-mode-spin-boson-dephasing,spin_boson_00,7.382742735936014,class_II_linearly_invertible_without_CPTP_inverse,True,True,True,False,False,2,38646528.84838306
finite-mode-spin-boson-dephasing,spin_boson_00,7.5398223686155035,class_II_linearly_invertible_without_CPTP_inverse,True,True,True,False,False,2,38767163.280922785
finite-mode-spin-boson-dephasing,spin_boson_00,7.696902001294993,class_II_linearly_invertible_without_CPTP_inverse,True,True,True,False,False,2,37996652.22493685
finite-mode-spin-boson-dephasing,spin_boson_00,7.853981633974483,class_II_linearly_invertible_without_CPTP_inverse,True,True,True,False,False,2,36124026.52746319
finite-mode-spin-boson-dephasing,spin_boson_00,8.011061266653972,class_II_linearly_invertible_without_CPTP_inverse,True,True,True,False,False,2,33071864.01404801
finite-mode-spin-boson-dephasing,spin_boson_00,8.168140899333462,class_II_linearly_invertible_without_CPTP_inverse,True,True,True,False,False,2,28951838.69412241
finite-mode-spin-boson-dephasing,spin_boson_00,8.325220532012953,class_II_linearly_invertible_without_CPTP_inverse,True,True,True,False,False,2,24076468.998366684
finite-mode-spin-boson-dephasing,spin_boson_00,8.482300164692441,class_II_linearly_invertible_without_CPTP_inverse,True,True,True,False,False,2,18908213.213160686
finite-mode-spin-boson-dephasing,spin_boson_00,8.63937979737193,class_II_linearly_invertible_without_CPTP_inverse,True,True,True,False,False,2,13953389.513846891
finite-mode-spin-boson-dephasing,spin_boson_00,8.79645943005142,class_II_linearly_invertible_without_CPTP_inverse,True,True,True,False,False,2,9637896.782042824
finite-mode-spin-boson-dephasing,spin_boson_00,8.953539062730911,class_II_linearly_invertible_without_CPTP_inverse,True,True,True,False,False,2,6214462.566871117
finite-mode-spin-boson-dephasing,spin_boson_00,9.1106186954104,class_II_linearly_invertible_without_CPTP_inverse,True,True,True,False,False,2,3735877.6663484396
finite-mode-spin-boson-dephasing,spin_boson_00,9.267698328089889,class_II_linearly_invertible_without_CPTP_inverse,True,True,True,False,False,2,2094343.7630315835
finite-mode-spin-boson-dephasing,spin_boson_00,9.42477796076938,class_II_linearly_invertible_without_CPTP_inverse,True,True,True,False,False,2,1096851.9783674362
finite-mode-spin-boson-dephasing,spin_boson_00,9.58185759344887,class_II_linearly_invertible_without_CPTP_inverse,True,True,True,False,False,2,538474.9187604045
finite-mode-spin-boson-dephasing,spin_boson_00,9.738937226128359,class_II_linearly_invertible_without_CPTP_inverse,True,True,True,False,False,2,249037.35297476526
finite-mode-spin-boson-dephasing,spin_boson_00,9.896016858807847,class_II_linearly_invertible_without_CPTP_inverse,True,True,True,False,False,2,109214.6695214692
finite-mode-spin-boson-dephasing,spin_boson_00,10.053096491487338,class_II_linearly_invertible_without_CPTP_inverse,True,True,True,False,False,2,45781.09110104904
finite-mode-spin-boson-dephasing,spin_boson_00,10.210176124166829,class_II_linearly_invertible_without_CPTP_inverse,True,True,True,False,False,2,18515.43625264072
finite-mode-spin-boson-dephasing,spin_boson_00,10.367255756846317,class_II_linearly_invertible_without_CPTP_inverse,True,True,True,False,False,2,7301.189887929162
finite-mode-spin-boson-dephasing,spin_boson_00,10.524335389525806,class_II_linearly_invertible_without_CPTP_inverse,True,True,True,False,False,2,2839.6756181476426
finite-mode-spin-boson-dephasing,spin_boson_00,10.681415022205297,class_II_linearly_invertible_without_CPTP_inverse,True,True,True,False,False,2,1102.8191543641449
finite-mode-spin-boson-dephasing,spin_boson_00,10.838494654884787,class_II_linearly_invertible_without_CPTP_inverse,True,True,True,False,False,2,433.19626186337484
finite-mode-spin-boson-dephasing,spin_boson_00,10.995574287564276,class_II_linearly_invertible_without_CPTP_inverse,True,True,True,False,False,2,174.39096323996648
finite-mode-spin-boson-dephasing,spin_boson_00,11.152653920243765,class_II_linearly_invertible_without_CPTP_inverse,True,True,True,False,False,2,72.9040316022645
finite-mode-spin-boson-dephasing,spin_boson_00,11.309733552923255,class_II_linearly_invertible_without_CPTP_inverse,True,True,True,False,False,2,32.06238204724182
finite-mode-spin-boson-dephasing,spin_boson_00,11.466813185602746,class_II_linearly_invertible_without_CPTP_inverse,True,True,True,False,False,2,15.019941592731563
finite-mode-spin-boson-dephasing,spin_boson_00,11.623892818282235,class_II_linearly_invertible_without_CPTP_inverse,True,True,True,False,False,2,7.583176946811082
finite-mode-spin-boson-dephasing,spin_boson_00,11.780972450961723,class_II_linearly_invertible_without_CPTP_inverse,True,True,True,False,False,2,4.170528824851872
finite-mode-spin-boson-dephasing,spin_boson_00,11.938052083641214,class_II_linearly_invertible_without_CPTP_inverse,True,True,True,False,False,2,2.522323562241563
finite-mode-spin-boson-dephasing,spin_boson_00,12.095131716320704,class_II_linearly_invertible_without_CPTP_inverse,True,True,True,False,False,2,1.6911104422289984
finite-mode-spin-boson-dephasing,spin_boson_00,12.252211349000193,class_II_linearly_invertible_without_CPTP_inverse,True,True,True,False,False,2,1.265030802633846
finite-mode-spin-boson-dephasing,spin_boson_00,12.409290981679682,class_II_linearly_invertible_without_CPTP_inverse,True,True,True,False,False,2,1.060790379394116
finite-mode-spin-boson-dephasing,spin_boson_00,12.566370614359172,class_I_direct_unitary_reversible,True,True,True,True,True,1,1.0
finite-mode-spin-boson-dephasing,spin_boson_01,0.0,class_I_direct_unitary_reversible,True,True,True,True,True,1,1.0
finite-mode-spin-boson-dephasing,spin_boson_01,0.15707963267948966,class_II_linearly_invertible_without_CPTP_inverse,True,True,True,False,False,2,1.109189617464554
finite-mode-spin-boson-dephasing,spin_boson_01,0.3141592653589793,class_II_linearly_invertible_without_CPTP_inverse,True,True,True,False,False,2,1.5111882710955793
finite-mode-spin-boson-dephasing,spin_boson_01,0.47123889803846897,class_II_linearly_invertible_without_CPTP_inverse,True,True,True,False,False,2,2.5167459066442555
finite-mode-spin-boson-dephasing,spin_boson_01,0.6283185307179586,class_II_linearly_invertible_without_CPTP_inverse,True,True,True,False,False,2,5.082988179037125
finite-mode-spin-boson-dephasing,spin_boson_01,0.7853981633974483,class_II_linearly_invertible_without_CPTP_inverse,True,True,True,False,False,2,12.314906423069301
finite-mode-spin-boson-dephasing,spin_boson_01,0.9424777960769379,class_II_linearly_invertible_without_CPTP_inverse,True,True,True,False,False,2,35.30777901034781
finite-mode-spin-boson-dephasing,spin_boson_01,1.0995574287564276,class_II_linearly_invertible_without_CPTP_inverse,True,True,True,False,False,2,117.8900138566005
finite-mode-spin-boson-dephasing,spin_boson_01,1.2566370614359172,class_II_linearly_invertible_without_CPTP_inverse,True,True,True,False,False,2,450.1745851409754
finite-mode-spin-boson-dephasing,spin_boson_01,1.413716694115407,class_II_linearly_invertible_without_CPTP_inverse,True,True,True,False,False,2,1927.369628788778
finite-mode-spin-boson-dephasing,spin_boson_01,1.5707963267948966,class_II_linearly_invertible_without_CPTP_inverse,True,True,True,False,False,2,9058.193730433695
finite-mode-spin-boson-dephasing,spin_boson_01,1.7278759594743862,class_II_linearly_invertible_without_CPTP_inverse,True,True,True,False,False,2,45713.02267796583
finite-mode-spin-boson-dephasing,spin_boson_01,1.8849555921538759,class_II_linearly_invertible_without_CPTP_inverse,True,True,True,False,False,2,242213.61749615613
finite-mode-spin-boson-dephasing,spin_boson_01,2.0420352248333655,class_II_linearly_invertible_without_CPTP_inverse,True,True,True,False,False,2,1317525.9390465403
finite-mode-spin-boson-dephasing,spin_boson_01,2.199114857512855,class_II_linearly_invertible_without_CPTP_inverse,True,True,True,False,False,2,7197094.378529469
finite-mode-spin-boson-dephasing,spin_boson_01,2.356194490192345,class_II_linearly_invertible_without_CPTP_inverse,True,True,True,False,False,2,38654898.1595506
finite-mode-spin-boson-dephasing,spin_boson_01,2.5132741228718345,class_II_linearly_invertible_without_CPTP_inverse,True,True,True,False,False,2,200106192.67069668
finite-mode-spin-boson-dephasing,spin_boson_01,2.670353755551324,class_II_linearly_invertible_without_CPTP_inverse,True,True,True,False,False,2,980363691.3997211
finite-mode-spin-boson-dephasing,spin_boson_01,2.827433388230814,class_II_linearly_invertible_without_CPTP_inverse,True,True,True,False,False,2,4471828404.513529
finite-mode-spin-boson-dephasing,spin_boson_01,2.9845130209103035,class_II_analytically_invertible_numerically_effectively_singular_without_CPTP_inverse,False,True,False,,False,2,
finite-mode-spin-boson-dephasing,spin_boson_01,3.141592653589793,class_II_analytically_invertible_numerically_effectively_singular_without_CPTP_inverse,False,True,False,,False,2,
finite-mode-spin-boson-dephasing,spin_boson_01,3.2986722862692828,class_II_analytically_invertible_numerically_effectively_singular_without_CPTP_inverse,False,True,False,,False,2,
finite-mode-spin-boson-dephasing,spin_boson_01,3.4557519189487724,class_II_analytically_invertible_numerically_effectively_singular_without_CPTP_inverse,False,True,False,,False,2,
finite-mode-spin-boson-dephasing,spin_boson_01,3.612831551628262,class_II_analytically_invertible_numerically_effectively_singular_without_CPTP_inverse,False,True,False,,False,2,
finite-mode-spin-boson-dephasing,spin_boson_01,3.7699111843077517,class_II_analytically_invertible_numerically_effectively_singular_without_CPTP_inverse,False,True,False,,False,2,
finite-mode-spin-boson-dephasing,spin_boson_01,3.9269908169872414,class_II_analytically_invertible_numerically_effectively_singular_without_CPTP_inverse,False,True,False,,False,2,
finite-mode-spin-boson-dephasing,spin_boson_01,4.084070449666731,class_II_analytically_invertible_numerically_effectively_singular_without_CPTP_inverse,False,True,False,,False,2,
finite-mode-spin-boson-dephasing,spin_boson_01,4.241150082346221,class_II_analytically_invertible_numerically_effectively_singular_without_CPTP_inverse,False,True,False,,False,2,
finite-mode-spin-boson-dephasing,spin_boson_01,4.39822971502571,class_II_analytically_invertible_numerically_effectively_singular_without_CPTP_inverse,False,True,False,,False,2,
finite-mode-spin-boson-dephasing,spin_boson_01,4.5553093477052,class_II_analytically_invertible_numerically_effectively_singular_without_CPTP_inverse,False,True,False,,False,2,
finite-mode-spin-boson-dephasing,spin_boson_01,4.71238898038469,class_II_analytically_invertible_numerically_effectively_singular_without_CPTP_inverse,False,True,False,,False,2,
finite-mode-spin-boson-dephasing,spin_boson_01,4.869468613064179,class_II_analytically_invertible_numerically_effectively_singular_without_CPTP_inverse,False,True,False,,False,2,
finite-mode-spin-boson-dephasing,spin_boson_01,5.026548245743669,class_II_analytically_invertible_numerically_effectively_singular_without_CPTP_inverse,False,True,False,,False,2,
finite-mode-spin-boson-dephasing,spin_boson_01,5.183627878423159,class_II_analytically_invertible_numerically_effectively_singular_without_CPTP_inverse,False,True,False,,False,2,
finite-mode-spin-boson-dephasing,spin_boson_01,5.340707511102648,class_II_analytically_invertible_numerically_effectively_singular_without_CPTP_inverse,False,True,False,,False,2,
finite-mode-spin-boson-dephasing,spin_boson_01,5.497787143782138,class_II_analytically_invertible_numerically_effectively_singular_without_CPTP_inverse,False,True,False,,False,2,
finite-mode-spin-boson-dephasing,spin_boson_01,5.654866776461628,class_II_analytically_invertible_numerically_effectively_singular_without_CPTP_inverse,False,True,False,,False,2,
finite-mode-spin-boson-dephasing,spin_boson_01,5.811946409141117,class_II_analytically_invertible_numerically_effectively_singular_without_CPTP_inverse,False,True,False,,False,2,
finite-mode-spin-boson-dephasing,spin_boson_01,5.969026041820607,class_II_analytically_invertible_numerically_effectively_singular_without_CPTP_inverse,False,True,False,,False,2,
finite-mode-spin-boson-dephasing,spin_boson_01,6.126105674500097,class_II_analytically_invertible_numerically_effectively_singular_without_CPTP_inverse,False,True,False,,False,2,
finite-mode-spin-boson-dephasing,spin_boson_01,6.283185307179586,class_II_analytically_invertible_numerically_effectively_singular_without_CPTP_inverse,False,True,False,,False,2,
finite-mode-spin-boson-dephasing,spin_boson_01,6.440264939859076,class_II_analytically_invertible_numerically_effectively_singular_without_CPTP_inverse,False,True,False,,False,2,
finite-mode-spin-boson-dephasing,spin_boson_01,6.5973445725385655,class_II_analytically_invertible_numerically_effectively_singular_without_CPTP_inverse,False,True,False,,False,2,
finite-mode-spin-boson-dephasing,spin_boson_01,6.754424205218055,class_II_analytically_invertible_numerically_effectively_singular_without_CPTP_inverse,False,True,False,,False,2,
finite-mode-spin-boson-dephasing,spin_boson_01,6.911503837897545,class_II_analytically_invertible_numerically_effectively_singular_without_CPTP_inverse,False,True,False,,False,2,
finite-mode-spin-boson-dephasing,spin_boson_01,7.0685834705770345,class_II_analytically_invertible_numerically_effectively_singular_without_CPTP_inverse,False,True,False,,False,2,
finite-mode-spin-boson-dephasing,spin_boson_01,7.225663103256524,class_II_analytically_invertible_numerically_effectively_singular_without_CPTP_inverse,False,True,False,,False,2,
finite-mode-spin-boson-dephasing,spin_boson_01,7.382742735936014,class_II_analytically_invertible_numerically_effectively_singular_without_CPTP_inverse,False,True,False,,False,2,
finite-mode-spin-boson-dephasing,spin_boson_01,7.5398223686155035,class_II_analytically_invertible_numerically_effectively_singular_without_CPTP_inverse,False,True,False,,False,2,
finite-mode-spin-boson-dephasing,spin_boson_01,7.696902001294993,class_II_analytically_invertible_numerically_effectively_singular_without_CPTP_inverse,False,True,False,,False,2,
finite-mode-spin-boson-dephasing,spin_boson_01,7.853981633974483,class_II_analytically_invertible_numerically_effectively_singular_without_CPTP_inverse,False,True,False,,False,2,
finite-mode-spin-boson-dephasing,spin_boson_01,8.011061266653972,class_II_analytically_invertible_numerically_effectively_singular_without_CPTP_inverse,False,True,False,,False,2,
finite-mode-spin-boson-dephasing,spin_boson_01,8.168140899333462,class_II_analytically_invertible_numerically_effectively_singular_without_CPTP_inverse,False,True,False,,False,2,
finite-mode-spin-boson-dephasing,spin_boson_01,8.325220532012953,class_II_analytically_invertible_numerically_effectively_singular_without_CPTP_inverse,False,True,False,,False,2,
finite-mode-spin-boson-dephasing,spin_boson_01,8.482300164692441,class_II_analytically_invertible_numerically_effectively_singular_without_CPTP_inverse,False,True,False,,False,2,
finite-mode-spin-boson-dephasing,spin_boson_01,8.63937979737193,class_II_analytically_invertible_numerically_effectively_singular_without_CPTP_inverse,False,True,False,,False,2,
finite-mode-spin-boson-dephasing,spin_boson_01,8.79645943005142,class_II_analytically_invertible_numerically_effectively_singular_without_CPTP_inverse,False,True,False,,False,2,
finite-mode-spin-boson-dephasing,spin_boson_01,8.953539062730911,class_II_analytically_invertible_numerically_effectively_singular_without_CPTP_inverse,False,True,False,,False,2,
finite-mode-spin-boson-dephasing,spin_boson_01,9.1106186954104,class_II_analytically_invertible_numerically_effectively_singular_without_CPTP_inverse,False,True,False,,False,2,
finite-mode-spin-boson-dephasing,spin_boson_01,9.267698328089889,class_II_analytically_invertible_numerically_effectively_singular_without_CPTP_inverse,False,True,False,,False,2,
finite-mode-spin-boson-dephasing,spin_boson_01,9.42477796076938,class_II_analytically_invertible_numerically_effectively_singular_without_CPTP_inverse,False,True,False,,False,2,
finite-mode-spin-boson-dephasing,spin_boson_01,9.58185759344887,class_II_analytically_invertible_numerically_effectively_singular_without_CPTP_inverse,False,True,False,,False,2,
finite-mode-spin-boson-dephasing,spin_boson_01,9.738937226128359,class_II_linearly_invertible_without_CPTP_inverse,True,True,True,False,False,2,4471828404.513529
finite-mode-spin-boson-dephasing,spin_boson_01,9.896016858807847,class_II_linearly_invertible_without_CPTP_inverse,True,True,True,False,False,2,980363691.3997211
finite-mode-spin-boson-dephasing,spin_boson_01,10.053096491487338,class_II_linearly_invertible_without_CPTP_inverse,True,True,True,False,False,2,200106192.67069668
finite-mode-spin-boson-dephasing,spin_boson_01,10.210176124166829,class_II_linearly_invertible_without_CPTP_inverse,True,True,True,False,False,2,38654898.1595506
finite-mode-spin-boson-dephasing,spin_boson_01,10.367255756846317,class_II_linearly_invertible_without_CPTP_inverse,True,True,True,False,False,2,7197094.378529469
finite-mode-spin-boson-dephasing,spin_boson_01,10.524335389525806,class_II_linearly_invertible_without_CPTP_inverse,True,True,True,False,False,2,1317525.9390465403
finite-mode-spin-boson-dephasing,spin_boson_01,10.681415022205297,class_II_linearly_invertible_without_CPTP_inverse,True,True,True,False,False,2,242213.61749615613
finite-mode-spin-boson-dephasing,spin_boson_01,10.838494654884787,class_II_linearly_invertible_without_CPTP_inverse,True,True,True,False,False,2,45713.02267796583
finite-mode-spin-boson-dephasing,spin_boson_01,10.995574287564276,class_II_linearly_invertible_without_CPTP_inverse,True,True,True,False,False,2,9058.193730433695
finite-mode-spin-boson-dephasing,spin_boson_01,11.152653920243765,class_II_linearly_invertible_without_CPTP_inverse,True,True,True,False,False,2,1927.369628788778
finite-mode-spin-boson-dephasing,spin_boson_01,11.309733552923255,class_II_linearly_invertible_without_CPTP_inverse,True,True,True,False,False,2,450.1745851409754
finite-mode-spin-boson-dephasing,spin_boson_01,11.466813185602746,class_II_linearly_invertible_without_CPTP_inverse,True,True,True,False,False,2,117.8900138566005
finite-mode-spin-boson-dephasing,spin_boson_01,11.623892818282235,class_II_linearly_invertible_without_CPTP_inverse,True,True,True,False,False,2,35.30777901034781
finite-mode-spin-boson-dephasing,spin_boson_01,11.780972450961723,class_II_linearly_invertible_without_CPTP_inverse,True,True,True,False,False,2,12.314906423069376
finite-mode-spin-boson-dephasing,spin_boson_01,11.938052083641214,class_II_linearly_invertible_without_CPTP_inverse,True,True,True,False,False,2,5.082988179037133
finite-mode-spin-boson-dephasing,spin_boson_01,12.095131716320704,class_II_linearly_invertible_without_CPTP_inverse,True,True,True,False,False,2,2.5167459066442497
finite-mode-spin-boson-dephasing,spin_boson_01,12.252211349000193,class_II_linearly_invertible_without_CPTP_inverse,True,True,True,False,False,2,1.5111882710955828
finite-mode-spin-boson-dephasing,spin_boson_01,12.409290981679682,class_II_linearly_invertible_without_CPTP_inverse,True,True,True,False,False,2,1.109189617464555
finite-mode-spin-boson-dephasing,spin_boson_01,12.566370614359172,class_I_direct_unitary_reversible,True,True,True,True,True,1,1.0
finite-mode-spin-boson-dephasing,spin_boson_02,0.0,class_I_direct_unitary_reversible,True,True,True,True,True,1,1.0
finite-mode-spin-boson-dephasing,spin_boson_02,0.15707963267948966,class_II_linearly_invertible_without_CPTP_inverse,True,True,True,False,False,2,1.1247358812778423
finite-mode-spin-boson-dephasing,spin_boson_02,0.3141592653589793,class_II_linearly_invertible_without_CPTP_inverse,True,True,True,False,False,2,1.5881824713305337
finite-mode-spin-boson-dephasing,spin_boson_02,0.47123889803846897,class_II_linearly_invertible_without_CPTP_inverse,True,True,True,False,False,2,2.753756878667954
finite-mode-spin-boson-dephasing,spin_boson_02,0.6283185307179586,class_II_linearly_invertible_without_CPTP_inverse,True,True,True,False,False,2,5.66236541096049
finite-mode-spin-boson-dephasing,spin_boson_02,0.7853981633974483,class_II_linearly_invertible_without_CPTP_inverse,True,True,True,False,False,2,13.205717066481625
finite-mode-spin-boson-dephasing,spin_boson_02,0.9424777960769379,class_II_linearly_invertible_without_CPTP_inverse,True,True,True,False,False,2,33.20872105884698
finite-mode-spin-boson-dephasing,spin_boson_02,1.0995574287564276,class_II_linearly_invertible_without_CPTP_inverse,True,True,True,False,False,2,85.44700046186715
finite-mode-spin-boson-dephasing,spin_boson_02,1.2566370614359172,class_II_linearly_invertible_without_CPTP_inverse,True,True,True,False,False,2,213.9651632882513
finite-mode-spin-boson-dephasing,spin_boson_02,1.413716694115407,class_II_linearly_invertible_without_CPTP_inverse,True,True,True,False,False,2,499.03642449921506
finite-mode-spin-boson-dephasing,spin_boson_02,1.5707963267948966,class_II_linearly_invertible_without_CPTP_inverse,True,True,True,False,False,2,1047.307012426762
finite-mode-spin-boson-dephasing,spin_boson_02,1.7278759594743862,class_II_linearly_invertible_without_CPTP_inverse,True,True,True,False,False,2,1932.8418628453805
finite-mode-spin-boson-dephasing,spin_boson_02,1.8849555921538759,class_II_linearly_invertible_without_CPTP_inverse,True,True,True,False,False,2,3104.496219083371
finite-mode-spin-boson-dephasing,spin_boson_02,2.0420352248333655,class_II_linearly_invertible_without_CPTP_inverse,True,True,True,False,False,2,4348.357527797755
finite-mode-spin-boson-dephasing,spin_boson_02,2.199114857512855,class_II_linearly_invertible_without_CPTP_inverse,True,True,True,False,False,2,5380.691286933117
finite-mode-spin-boson-dephasing,spin_boson_02,2.356194490192345,class_II_linearly_invertible_without_CPTP_inverse,True,True,True,False,False,2,6010.326661392719
finite-mode-spin-boson-dephasing,spin_boson_02,2.5132741228718345,class_II_linearly_invertible_without_CPTP_inverse,True,True,True,False,False,2,6226.328231184902
finite-mode-spin-boson-dephasing,spin_boson_02,2.670353755551324,class_II_linearly_invertible_without_CPTP_inverse,True,True,True,False,False,2,6157.046983449371
finite-mode-spin-boson-dephasing,spin_boson_02,2.827433388230814,class_II_linearly_invertible_without_CPTP_inverse,True,True,True,False,False,2,5971.528734187208
finite-mode-spin-boson-dephasing,spin_boson_02,2.9845130209103035,class_II_linearly_invertible_without_CPTP_inverse,True,True,True,False,False,2,5806.855383615222
finite-mode-spin-boson-dephasing,spin_boson_02,3.141592653589793,class_II_linearly_invertible_without_CPTP_inverse,True,True,True,False,False,2,5743.440241310624
finite-mode-spin-boson-dephasing,spin_boson_02,3.2986722862692828,class_II_linearly_invertible_without_CPTP_inverse,True,True,True,False,False,2,5806.855383615222
finite-mode-spin-boson-dephasing,spin_boson_02,3.4557519189487724,class_II_linearly_invertible_without_CPTP_inverse,True,True,True,False,False,2,5971.528734187208
finite-mode-spin-boson-dephasing,spin_boson_02,3.612831551628262,class_II_linearly_invertible_without_CPTP_inverse,True,True,True,False,False,2,6157.046983449371
finite-mode-spin-boson-dephasing,spin_boson_02,3.7699111843077517,class_II_linearly_invertible_without_CPTP_inverse,True,True,True,False,False,2,6226.328231184902
finite-mode-spin-boson-dephasing,spin_boson_02,3.9269908169872414,class_II_linearly_invertible_without_CPTP_inverse,True,True,True,False,False,2,6010.326661392719
finite-mode-spin-boson-dephasing,spin_boson_02,4.084070449666731,class_II_linearly_invertible_without_CPTP_inverse,True,True,True,False,False,2,5380.691286933117
finite-mode-spin-boson-dephasing,spin_boson_02,4.241150082346221,class_II_linearly_invertible_without_CPTP_inverse,True,True,True,False,False,2,4348.357527797755
finite-mode-spin-boson-dephasing,spin_boson_02,4.39822971502571,class_II_linearly_invertible_without_CPTP_inverse,True,True,True,False,False,2,3104.496219083371
finite-mode-spin-boson-dephasing,spin_boson_02,4.5553093477052,class_II_linearly_invertible_without_CPTP_inverse,True,True,True,False,False,2,1932.8418628453805
finite-mode-spin-boson-dephasing,spin_boson_02,4.71238898038469,class_II_linearly_invertible_without_CPTP_inverse,True,True,True,False,False,2,1047.307012426762
finite-mode-spin-boson-dephasing,spin_boson_02,4.869468613064179,class_II_linearly_invertible_without_CPTP_inverse,True,True,True,False,False,2,499.03642449921506
finite-mode-spin-boson-dephasing,spin_boson_02,5.026548245743669,class_II_linearly_invertible_without_CPTP_inverse,True,True,True,False,False,2,213.9651632882513
finite-mode-spin-boson-dephasing,spin_boson_02,5.183627878423159,class_II_linearly_invertible_without_CPTP_inverse,True,True,True,False,False,2,85.44700046186715
finite-mode-spin-boson-dephasing,spin_boson_02,5.340707511102648,class_II_linearly_invertible_without_CPTP_inverse,True,True,True,False,False,2,33.20872105884698
finite-mode-spin-boson-dephasing,spin_boson_02,5.497787143782138,class_II_linearly_invertible_without_CPTP_inverse,True,True,True,False,False,2,13.205717066481625
finite-mode-spin-boson-dephasing,spin_boson_02,5.654866776461628,class_II_linearly_invertible_without_CPTP_inverse,True,True,True,False,False,2,5.6623654109604935
finite-mode-spin-boson-dephasing,spin_boson_02,5.811946409141117,class_II_linearly_invertible_without_CPTP_inverse,True,True,True,False,False,2,2.7537568786679576
finite-mode-spin-boson-dephasing,spin_boson_02,5.969026041820607,class_II_linearly_invertible_without_CPTP_inverse,True,True,True,False,False,2,1.588182471330534
finite-mode-spin-boson-dephasing,spin_boson_02,6.126105674500097,class_II_linearly_invertible_without_CPTP_inverse,True,True,True,False,False,2,1.1247358812778432
finite-mode-spin-boson-dephasing,spin_boson_02,6.283185307179586,class_I_direct_unitary_reversible,True,True,True,True,True,1,1.0
finite-mode-spin-boson-dephasing,spin_boson_02,6.440264939859076,class_II_linearly_invertible_without_CPTP_inverse,True,True,True,False,False,2,1.124735881277842
finite-mode-spin-boson-dephasing,spin_boson_02,6.5973445725385655,class_II_linearly_invertible_without_CPTP_inverse,True,True,True,False,False,2,1.5881824713305317
finite-mode-spin-boson-dephasing,spin_boson_02,6.754424205218055,class_II_linearly_invertible_without_CPTP_inverse,True,True,True,False,False,2,2.7537568786679496
finite-mode-spin-boson-dephasing,spin_boson_02,6.911503837897545,class_II_linearly_invertible_without_CPTP_inverse,True,True,True,False,False,2,5.662365410960486
finite-mode-spin-boson-dephasing,spin_boson_02,7.0685834705770345,class_II_linearly_invertible_without_CPTP_inverse,True,True,True,False,False,2,13.205717066481558
finite-mode-spin-boson-dephasing,spin_boson_02,7.225663103256524,class_II_linearly_invertible_without_CPTP_inverse,True,True,True,False,False,2,33.20872105884698
finite-mode-spin-boson-dephasing,spin_boson_02,7.382742735936014,class_II_linearly_invertible_without_CPTP_inverse,True,True,True,False,False,2,85.44700046186715
finite-mode-spin-boson-dephasing,spin_boson_02,7.5398223686155035,class_II_linearly_invertible_without_CPTP_inverse,True,True,True,False,False,2,213.9651632882513
finite-mode-spin-boson-dephasing,spin_boson_02,7.696902001294993,class_II_linearly_invertible_without_CPTP_inverse,True,True,True,False,False,2,499.03642449921506
finite-mode-spin-boson-dephasing,spin_boson_02,7.853981633974483,class_II_linearly_invertible_without_CPTP_inverse,True,True,True,False,False,2,1047.307012426762
finite-mode-spin-boson-dephasing,spin_boson_02,8.011061266653972,class_II_linearly_invertible_without_CPTP_inverse,True,True,True,False,False,2,1932.8418628453805
finite-mode-spin-boson-dephasing,spin_boson_02,8.168140899333462,class_II_linearly_invertible_without_CPTP_inverse,True,True,True,False,False,2,3104.496219083371
finite-mode-spin-boson-dephasing,spin_boson_02,8.325220532012953,class_II_linearly_invertible_without_CPTP_inverse,True,True,True,False,False,2,4348.357527797755
finite-mode-spin-boson-dephasing,spin_boson_02,8.482300164692441,class_II_linearly_invertible_without_CPTP_inverse,True,True,True,False,False,2,5380.691286933117
finite-mode-spin-boson-dephasing,spin_boson_02,8.63937979737193,class_II_linearly_invertible_without_CPTP_inverse,True,True,True,False,False,2,6010.326661392719
finite-mode-spin-boson-dephasing,spin_boson_02,8.79645943005142,class_II_linearly_invertible_without_CPTP_inverse,True,True,True,False,False,2,6226.328231184902
finite-mode-spin-boson-dephasing,spin_boson_02,8.953539062730911,class_II_linearly_invertible_without_CPTP_inverse,True,True,True,False,False,2,6157.046983449371
finite-mode-spin-boson-dephasing,spin_boson_02,9.1106186954104,class_II_linearly_invertible_without_CPTP_inverse,True,True,True,False,False,2,5971.528734187208
finite-mode-spin-boson-dephasing,spin_boson_02,9.267698328089889,class_II_linearly_invertible_without_CPTP_inverse,True,True,True,False,False,2,5806.855383615222
finite-mode-spin-boson-dephasing,spin_boson_02,9.42477796076938,class_II_linearly_invertible_without_CPTP_inverse,True,True,True,False,False,2,5743.440241310624
finite-mode-spin-boson-dephasing,spin_boson_02,9.58185759344887,class_II_linearly_invertible_without_CPTP_inverse,True,True,True,False,False,2,5806.855383615222
finite-mode-spin-boson-dephasing,spin_boson_02,9.738937226128359,class_II_linearly_invertible_without_CPTP_inverse,True,True,True,False,False,2,5971.528734187208
finite-mode-spin-boson-dephasing,spin_boson_02,9.896016858807847,class_II_linearly_invertible_without_CPTP_inverse,True,True,True,False,False,2,6157.046983449371
finite-mode-spin-boson-dephasing,spin_boson_02,10.053096491487338,class_II_linearly_invertible_without_CPTP_inverse,True,True,True,False,False,2,6226.328231184902
finite-mode-spin-boson-dephasing,spin_boson_02,10.210176124166829,class_II_linearly_invertible_without_CPTP_inverse,True,True,True,False,False,2,6010.326661392719
finite-mode-spin-boson-dephasing,spin_boson_02,10.367255756846317,class_II_linearly_invertible_without_CPTP_inverse,True,True,True,False,False,2,5380.691286933117
finite-mode-spin-boson-dephasing,spin_boson_02,10.524335389525806,class_II_linearly_invertible_without_CPTP_inverse,True,True,True,False,False,2,4348.357527797755
finite-mode-spin-boson-dephasing,spin_boson_02,10.681415022205297,class_II_linearly_invertible_without_CPTP_inverse,True,True,True,False,False,2,3104.496219083371
finite-mode-spin-boson-dephasing,spin_boson_02,10.838494654884787,class_II_linearly_invertible_without_CPTP_inverse,True,True,True,False,False,2,1932.8418628453805
finite-mode-spin-boson-dephasing,spin_boson_02,10.995574287564276,class_II_linearly_invertible_without_CPTP_inverse,True,True,True,False,False,2,1047.307012426762
finite-mode-spin-boson-dephasing,spin_boson_02,11.152653920243765,class_II_linearly_invertible_without_CPTP_inverse,True,True,True,False,False,2,499.03642449921506
finite-mode-spin-boson-dephasing,spin_boson_02,11.309733552923255,class_II_linearly_invertible_without_CPTP_inverse,True,True,True,False,False,2,213.9651632882513
finite-mode-spin-boson-dephasing,spin_boson_02,11.466813185602746,class_II_linearly_invertible_without_CPTP_inverse,True,True,True,False,False,2,85.44700046186715
finite-mode-spin-boson-dephasing,spin_boson_02,11.623892818282235,class_II_linearly_invertible_without_CPTP_inverse,True,True,True,False,False,2,33.20872105884698
finite-mode-spin-boson-dephasing,spin_boson_02,11.780972450961723,class_II_linearly_invertible_without_CPTP_inverse,True,True,True,False,False,2,13.205717066481675
finite-mode-spin-boson-dephasing,spin_boson_02,11.938052083641214,class_II_linearly_invertible_without_CPTP_inverse,True,True,True,False,False,2,5.662365410960506
finite-mode-spin-boson-dephasing,spin_boson_02,12.095131716320704,class_II_linearly_invertible_without_CPTP_inverse,True,True,True,False,False,2,2.7537568786679496
finite-mode-spin-boson-dephasing,spin_boson_02,12.252211349000193,class_II_linearly_invertible_without_CPTP_inverse,True,True,True,False,False,2,1.5881824713305353
finite-mode-spin-boson-dephasing,spin_boson_02,12.409290981679682,class_II_linearly_invertible_without_CPTP_inverse,True,True,True,False,False,2,1.1247358812778445
finite-mode-spin-boson-dephasing,spin_boson_02,12.566370614359172,class_I_direct_unitary_reversible,True,True,True,True,True,1,1.0
finite-mode-spin-boson-dephasing,spin_boson_03,0.0,class_I_direct_unitary_reversible,True,True,True,True,True,1,1.0
finite-mode-spin-boson-dephasing,spin_boson_03,0.15707963267948966,class_II_linearly_invertible_without_CPTP_inverse,True,True,True,False,False,2,1.2293039783127602
finite-mode-spin-boson-dephasing,spin_boson_03,0.3141592653589793,class_II_linearly_invertible_without_CPTP_inverse,True,True,True,False,False,2,2.2545483314928347
finite-mode-spin-boson-dephasing,spin_boson_03,0.47123889803846897,class_II_linearly_invertible_without_CPTP_inverse,True,True,True,False,False,2,5.942034921670166
finite-mode-spin-boson-dephasing,spin_boson_03,0.6283185307179586,class_II_linearly_invertible_without_CPTP_inverse,True,True,True,False,False,2,21.217318047787334
finite-mode-spin-boson-dephasing,spin_boson_03,0.7853981633974483,class_II_linearly_invertible_without_CPTP_inverse,True,True,True,False,False,2,95.17454350004873
finite-mode-spin-boson-dephasing,spin_boson_03,0.9424777960769379,class_II_linearly_invertible_without_CPTP_inverse,True,True,True,False,False,2,492.1520268066511
finite-mode-spin-boson-dephasing,spin_boson_03,1.0995574287564276,class_II_linearly_invertible_without_CPTP_inverse,True,True,True,False,False,2,2682.7400881612625
finite-mode-spin-boson-dephasing,spin_boson_03,1.2566370614359172,class_II_linearly_invertible_without_CPTP_inverse,True,True,True,False,False,2,14145.889539412226
finite-mode-spin-boson-dephasing,spin_boson_03,1.413716694115407,class_II_linearly_invertible_without_CPTP_inverse,True,True,True,False,False,2,66871.73096582659
finite-mode-spin-boson-dephasing,spin_boson_03,1.5707963267948966,class_II_linearly_invertible_without_CPTP_inverse,True,True,True,False,False,2,266700.91943312867
finite-mode-spin-boson-dephasing,spin_boson_03,1.7278759594743862,class_II_linearly_invertible_without_CPTP_inverse,True,True,True,False,False,2,860623.0457312266
finite-mode-spin-boson-dephasing,spin_boson_03,1.8849555921538759,class_II_linearly_invertible_without_CPTP_inverse,True,True,True,False,False,2,2200137.2275720355
finite-mode-spin-boson-dephasing,spin_boson_03,2.0420352248333655,class_II_linearly_invertible_without_CPTP_inverse,True,True,True,False,False,2,4453252.660220073
finite-mode-spin-boson-dephasing,spin_boson_03,2.199114857512855,class_II_linearly_invertible_without_CPTP_inverse,True,True,True,False,False,2,7264198.907696882
finite-mode-spin-boson-dephasing,spin_boson_03,2.356194490192345,class_II_linearly_invertible_without_CPTP_inverse,True,True,True,False,False,2,9861481.638712766
finite-mode-spin-boson-dephasing,spin_boson_03,2.5132741228718345,class_II_linearly_invertible_without_CPTP_inverse,True,True,True,False,False,2,11613107.675105317
finite-mode-spin-boson-dephasing,spin_boson_03,2.670353755551324,class_II_linearly_invertible_without_CPTP_inverse,True,True,True,False,False,2,12408943.578943094
finite-mode-spin-boson-dephasing,spin_boson_03,2.827433388230814,class_II_linearly_invertible_without_CPTP_inverse,True,True,True,False,False,2,12554122.51212251
finite-mode-spin-boson-dephasing,spin_boson_03,2.9845130209103035,class_II_linearly_invertible_without_CPTP_inverse,True,True,True,False,False,2,12451197.475811997
finite-mode-spin-boson-dephasing,spin_boson_03,3.141592653589793,class_II_linearly_invertible_without_CPTP_inverse,True,True,True,False,False,2,12384455.554481905
finite-mode-spin-boson-dephasing,spin_boson_03,3.2986722862692828,class_II_linearly_invertible_without_CPTP_inverse,True,True,True,False,False,2,12451197.475811997
finite-mode-spin-boson-dephasing,spin_boson_03,3.4557519189487724,class_II_linearly_invertible_without_CPTP_inverse,True,True,True,False,False,2,12554122.51212251
finite-mode-spin-boson-dephasing,spin_boson_03,3.612831551628262,class_II_linearly_invertible_without_CPTP_inverse,True,True,True,False,False,2,12408943.578943094
finite-mode-spin-boson-dephasing,spin_boson_03,3.7699111843077517,class_II_linearly_invertible_without_CPTP_inverse,True,True,True,False,False,2,11613107.675105317
finite-mode-spin-boson-dephasing,spin_boson_03,3.9269908169872414,class_II_linearly_invertible_without_CPTP_inverse,True,True,True,False,False,2,9861481.638712766
finite-mode-spin-boson-dephasing,spin_boson_03,4.084070449666731,class_II_linearly_invertible_without_CPTP_inverse,True,True,True,False,False,2,7264198.907696882
finite-mode-spin-boson-dephasing,spin_boson_03,4.241150082346221,class_II_linearly_invertible_without_CPTP_inverse,True,True,True,False,False,2,4453252.660220073
finite-mode-spin-boson-dephasing,spin_boson_03,4.39822971502571,class_II_linearly_invertible_without_CPTP_inverse,True,True,True,False,False,2,2200137.2275720355
finite-mode-spin-boson-dephasing,spin_boson_03,4.5553093477052,class_II_linearly_invertible_without_CPTP_inverse,True,True,True,False,False,2,860623.0457312266
finite-mode-spin-boson-dephasing,spin_boson_03,4.71238898038469,class_II_linearly_invertible_without_CPTP_inverse,True,True,True,False,False,2,266700.91943312867
finite-mode-spin-boson-dephasing,spin_boson_03,4.869468613064179,class_II_linearly_invertible_without_CPTP_inverse,True,True,True,False,False,2,66871.73096582659
finite-mode-spin-boson-dephasing,spin_boson_03,5.026548245743669,class_II_linearly_invertible_without_CPTP_inverse,True,True,True,False,False,2,14145.889539412226
finite-mode-spin-boson-dephasing,spin_boson_03,5.183627878423159,class_II_linearly_invertible_without_CPTP_inverse,True,True,True,False,False,2,2682.7400881612625
finite-mode-spin-boson-dephasing,spin_boson_03,5.340707511102648,class_II_linearly_invertible_without_CPTP_inverse,True,True,True,False,False,2,492.1520268066511
finite-mode-spin-boson-dephasing,spin_boson_03,5.497787143782138,class_II_linearly_invertible_without_CPTP_inverse,True,True,True,False,False,2,95.17454350004873
finite-mode-spin-boson-dephasing,spin_boson_03,5.654866776461628,class_II_linearly_invertible_without_CPTP_inverse,True,True,True,False,False,2,21.217318047787334
finite-mode-spin-boson-dephasing,spin_boson_03,5.811946409141117,class_II_linearly_invertible_without_CPTP_inverse,True,True,True,False,False,2,5.942034921670172
finite-mode-spin-boson-dephasing,spin_boson_03,5.969026041820607,class_II_linearly_invertible_without_CPTP_inverse,True,True,True,False,False,2,2.2545483314928365
finite-mode-spin-boson-dephasing,spin_boson_03,6.126105674500097,class_II_linearly_invertible_without_CPTP_inverse,True,True,True,False,False,2,1.2293039783127617
finite-mode-spin-boson-dephasing,spin_boson_03,6.283185307179586,class_I_direct_unitary_reversible,True,True,True,True,True,1,1.0
finite-mode-spin-boson-dephasing,spin_boson_03,6.440264939859076,class_II_linearly_invertible_without_CPTP_inverse,True,True,True,False,False,2,1.2293039783127595
finite-mode-spin-boson-dephasing,spin_boson_03,6.5973445725385655,class_II_linearly_invertible_without_CPTP_inverse,True,True,True,False,False,2,2.2545483314928316
finite-mode-spin-boson-dephasing,spin_boson_03,6.754424205218055,class_II_linearly_invertible_without_CPTP_inverse,True,True,True,False,False,2,5.942034921670158
finite-mode-spin-boson-dephasing,spin_boson_03,6.911503837897545,class_II_linearly_invertible_without_CPTP_inverse,True,True,True,False,False,2,21.217318047787256
finite-mode-spin-boson-dephasing,spin_boson_03,7.0685834705770345,class_II_linearly_invertible_without_CPTP_inverse,True,True,True,False,False,2,95.17454350004772
finite-mode-spin-boson-dephasing,spin_boson_03,7.225663103256524,class_II_linearly_invertible_without_CPTP_inverse,True,True,True,False,False,2,492.1520268066511
finite-mode-spin-boson-dephasing,spin_boson_03,7.382742735936014,class_II_linearly_invertible_without_CPTP_inverse,True,True,True,False,False,2,2682.7400881612625
finite-mode-spin-boson-dephasing,spin_boson_03,7.5398223686155035,class_II_linearly_invertible_without_CPTP_inverse,True,True,True,False,False,2,14145.889539412226
finite-mode-spin-boson-dephasing,spin_boson_03,7.696902001294993,class_II_linearly_invertible_without_CPTP_inverse,True,True,True,False,False,2,66871.73096582659
finite-mode-spin-boson-dephasing,spin_boson_03,7.853981633974483,class_II_linearly_invertible_without_CPTP_inverse,True,True,True,False,False,2,266700.91943312867
finite-mode-spin-boson-dephasing,spin_boson_03,8.011061266653972,class_II_linearly_invertible_without_CPTP_inverse,True,True,True,False,False,2,860623.0457312266
finite-mode-spin-boson-dephasing,spin_boson_03,8.168140899333462,class_II_linearly_invertible_without_CPTP_inverse,True,True,True,False,False,2,2200137.2275720355
finite-mode-spin-boson-dephasing,spin_boson_03,8.325220532012953,class_II_linearly_invertible_without_CPTP_inverse,True,True,True,False,False,2,4453252.660220073
finite-mode-spin-boson-dephasing,spin_boson_03,8.482300164692441,class_II_linearly_invertible_without_CPTP_inverse,True,True,True,False,False,2,7264198.907696882
finite-mode-spin-boson-dephasing,spin_boson_03,8.63937979737193,class_II_linearly_invertible_without_CPTP_inverse,True,True,True,False,False,2,9861481.638712766
finite-mode-spin-boson-dephasing,spin_boson_03,8.79645943005142,class_II_linearly_invertible_without_CPTP_inverse,True,True,True,False,False,2,11613107.675105317
finite-mode-spin-boson-dephasing,spin_boson_03,8.953539062730911,class_II_linearly_invertible_without_CPTP_inverse,True,True,True,False,False,2,12408943.578943094
finite-mode-spin-boson-dephasing,spin_boson_03,9.1106186954104,class_II_linearly_invertible_without_CPTP_inverse,True,True,True,False,False,2,12554122.51212251
finite-mode-spin-boson-dephasing,spin_boson_03,9.267698328089889,class_II_linearly_invertible_without_CPTP_inverse,True,True,True,False,False,2,12451197.475811997
finite-mode-spin-boson-dephasing,spin_boson_03,9.42477796076938,class_II_linearly_invertible_without_CPTP_inverse,True,True,True,False,False,2,12384455.554481905
finite-mode-spin-boson-dephasing,spin_boson_03,9.58185759344887,class_II_linearly_invertible_without_CPTP_inverse,True,True,True,False,False,2,12451197.475811997
finite-mode-spin-boson-dephasing,spin_boson_03,9.738937226128359,class_II_linearly_invertible_without_CPTP_inverse,True,True,True,False,False,2,12554122.51212251
finite-mode-spin-boson-dephasing,spin_boson_03,9.896016858807847,class_II_linearly_invertible_without_CPTP_inverse,True,True,True,False,False,2,12408943.578943094
finite-mode-spin-boson-dephasing,spin_boson_03,10.053096491487338,class_II_linearly_invertible_without_CPTP_inverse,True,True,True,False,False,2,11613107.675105317
finite-mode-spin-boson-dephasing,spin_boson_03,10.210176124166829,class_II_linearly_invertible_without_CPTP_inverse,True,True,True,False,False,2,9861481.638712766
finite-mode-spin-boson-dephasing,spin_boson_03,10.367255756846317,class_II_linearly_invertible_without_CPTP_inverse,True,True,True,False,False,2,7264198.907696882
finite-mode-spin-boson-dephasing,spin_boson_03,10.524335389525806,class_II_linearly_invertible_without_CPTP_inverse,True,True,True,False,False,2,4453252.660220073
finite-mode-spin-boson-dephasing,spin_boson_03,10.681415022205297,class_II_linearly_invertible_without_CPTP_inverse,True,True,True,False,False,2,2200137.2275720355
finite-mode-spin-boson-dephasing,spin_boson_03,10.838494654884787,class_II_linearly_invertible_without_CPTP_inverse,True,True,True,False,False,2,860623.0457312266
finite-mode-spin-boson-dephasing,spin_boson_03,10.995574287564276,class_II_linearly_invertible_without_CPTP_inverse,True,True,True,False,False,2,266700.91943312867
finite-mode-spin-boson-dephasing,spin_boson_03,11.152653920243765,class_II_linearly_invertible_without_CPTP_inverse,True,True,True,False,False,2,66871.73096582659
finite-mode-spin-boson-dephasing,spin_boson_03,11.309733552923255,class_II_linearly_invertible_without_CPTP_inverse,True,True,True,False,False,2,14145.889539412226
finite-mode-spin-boson-dephasing,spin_boson_03,11.466813185602746,class_II_linearly_invertible_without_CPTP_inverse,True,True,True,False,False,2,2682.7400881612625
finite-mode-spin-boson-dephasing,spin_boson_03,11.623892818282235,class_II_linearly_invertible_without_CPTP_inverse,True,True,True,False,False,2,492.1520268066511
finite-mode-spin-boson-dephasing,spin_boson_03,11.780972450961723,class_II_linearly_invertible_without_CPTP_inverse,True,True,True,False,False,2,95.17454350004873
finite-mode-spin-boson-dephasing,spin_boson_03,11.938052083641214,class_II_linearly_invertible_without_CPTP_inverse,True,True,True,False,False,2,21.217318047787433
finite-mode-spin-boson-dephasing,spin_boson_03,12.095131716320704,class_II_linearly_invertible_without_CPTP_inverse,True,True,True,False,False,2,5.942034921670158
finite-mode-spin-boson-dephasing,spin_boson_03,12.252211349000193,class_II_linearly_invertible_without_CPTP_inverse,True,True,True,False,False,2,2.25454833149284
finite-mode-spin-boson-dephasing,spin_boson_03,12.409290981679682,class_II_linearly_invertible_without_CPTP_inverse,True,True,True,False,False,2,1.2293039783127644
finite-mode-spin-boson-dephasing,spin_boson_03,12.566370614359172,class_I_direct_unitary_reversible,True,True,True,True,True,1,1.0
finite-mode-spin-boson-dephasing,spin_boson_04,0.0,class_I_direct_unitary_reversible,True,True,True,True,True,1,1.0
finite-mode-spin-boson-dephasing,spin_boson_04,0.15707963267948966,class_II_linearly_invertible_without_CPTP_inverse,True,True,True,False,False,2,1.0582848028774332
finite-mode-spin-boson-dephasing,spin_boson_04,0.3141592653589793,class_II_linearly_invertible_without_CPTP_inverse,True,True,True,False,False,2,1.2534459331373196
finite-mode-spin-boson-dephasing,spin_boson_04,0.47123889803846897,class_II_linearly_invertible_without_CPTP_inverse,True,True,True,False,False,2,1.65806267666112
finite-mode-spin-boson-dephasing,spin_boson_04,0.6283185307179586,class_II_linearly_invertible_without_CPTP_inverse,True,True,True,False,False,2,2.441146296048257
finite-mode-spin-boson-dephasing,spin_boson_04,0.7853981633974483,class_II_linearly_invertible_without_CPTP_inverse,True,True,True,False,False,2,3.9813537731914606
finite-mode-spin-boson-dephasing,spin_boson_04,0.9424777960769379,class_II_linearly_invertible_without_CPTP_inverse,True,True,True,False,False,2,7.150525672034974
finite-mode-spin-boson-dephasing,spin_boson_04,1.0995574287564276,class_II_linearly_invertible_without_CPTP_inverse,True,True,True,False,False,2,14.043289197214628
finite-mode-spin-boson-dephasing,spin_boson_04,1.2566370614359172,class_II_linearly_invertible_without_CPTP_inverse,True,True,True,False,False,2,29.919910893026042
finite-mode-spin-boson-dephasing,spin_boson_04,1.413716694115407,class_II_linearly_invertible_without_CPTP_inverse,True,True,True,False,False,2,68.54822450380225
finite-mode-spin-boson-dephasing,spin_boson_04,1.5707963267948966,class_II_linearly_invertible_without_CPTP_inverse,True,True,True,False,False,2,167.29262177310721
finite-mode-spin-boson-dephasing,spin_boson_04,1.7278759594743862,class_II_linearly_invertible_without_CPTP_inverse,True,True,True,False,False,2,430.61820127723934
finite-mode-spin-boson-dephasing,spin_boson_04,1.8849555921538759,class_II_linearly_invertible_without_CPTP_inverse,True,True,True,False,False,2,1157.1780868877108
finite-mode-spin-boson-dephasing,spin_boson_04,2.0420352248333655,class_II_linearly_invertible_without_CPTP_inverse,True,True,True,False,False,2,3212.93736424632
finite-mode-spin-boson-dephasing,spin_boson_04,2.199114857512855,class_II_linearly_invertible_without_CPTP_inverse,True,True,True,False,False,2,9122.691411932303
finite-mode-spin-boson-dephasing,spin_boson_04,2.356194490192345,class_II_linearly_invertible_without_CPTP_inverse,True,True,True,False,False,2,26223.14921612712
finite-mode-spin-boson-dephasing,spin_boson_04,2.5132741228718345,class_II_linearly_invertible_without_CPTP_inverse,True,True,True,False,False,2,75575.4025720071
finite-mode-spin-boson-dephasing,spin_boson_04,2.670353755551324,class_II_linearly_invertible_without_CPTP_inverse,True,True,True,False,False,2,216391.28995984222
finite-mode-spin-boson-dephasing,spin_boson_04,2.827433388230814,class_II_linearly_invertible_without_CPTP_inverse,True,True,True,False,False,2,610366.6888222857
finite-mode-spin-boson-dephasing,spin_boson_04,2.9845130209103035,class_II_linearly_invertible_without_CPTP_inverse,True,True,True,False,False,2,1683112.5676036181
finite-mode-spin-boson-dephasing,spin_boson_04,3.141592653589793,class_II_linearly_invertible_without_CPTP_inverse,True,True,True,False,False,2,4506949.72873591
finite-mode-spin-boson-dephasing,spin_boson_04,3.2986722862692828,class_II_linearly_invertible_without_CPTP_inverse,True,True,True,False,False,2,11652184.942445029
finite-mode-spin-boson-dephasing,spin_boson_04,3.4557519189487724,class_II_linearly_invertible_without_CPTP_inverse,True,True,True,False,False,2,28950277.74517633
finite-mode-spin-boson-dephasing,spin_boson_04,3.612831551628262,class_II_linearly_invertible_without_CPTP_inverse,True,True,True,False,False,2,68874373.66379438
finite-mode-spin-boson-dephasing,spin_boson_04,3.7699111843077517,class_II_linearly_invertible_without_CPTP_inverse,True,True,True,False,False,2,156509041.40291053
finite-mode-spin-boson-dephasing,spin_boson_04,3.9269908169872414,class_II_linearly_invertible_without_CPTP_inverse,True,True,True,False,False,2,339225691.26169854
finite-mode-spin-boson-dephasing,spin_boson_04,4.084070449666731,class_II_linearly_invertible_without_CPTP_inverse,True,True,True,False,False,2,701059454.686424
finite-mode-spin-boson-dephasing,spin_boson_04,4.241150082346221,class_II_linearly_invertible_without_CPTP_inverse,True,True,True,False,False,2,1382360211.5501478
finite-mode-spin-boson-dephasing,spin_boson_04,4.39822971502571,class_II_linearly_invertible_without_CPTP_inverse,True,True,True,False,False,2,2604791749.1615276
finite-mode-spin-boson-dephasing,spin_boson_04,4.5553093477052,class_II_linearly_invertible_without_CPTP_inverse,True,True,True,False,False,2,4701715827.180396
finite-mode-spin-boson-dephasing,spin_boson_04,4.71238898038469,class_II_linearly_invertible_without_CPTP_inverse,True,True,True,False,False,2,8155141876.357305
finite-mode-spin-boson-dephasing,spin_boson_04,4.869468613064179,class_II_analytically_invertible_numerically_effectively_singular_without_CPTP_inverse,False,True,False,,False,2,
finite-mode-spin-boson-dephasing,spin_boson_04,5.026548245743669,class_II_analytically_invertible_numerically_effectively_singular_without_CPTP_inverse,False,True,False,,False,2,
finite-mode-spin-boson-dephasing,spin_boson_04,5.183627878423159,class_II_analytically_invertible_numerically_effectively_singular_without_CPTP_inverse,False,True,False,,False,2,
finite-mode-spin-boson-dephasing,spin_boson_04,5.340707511102648,class_II_analytically_invertible_numerically_effectively_singular_without_CPTP_inverse,False,True,False,,False,2,
finite-mode-spin-boson-dephasing,spin_boson_04,5.497787143782138,class_II_analytically_invertible_numerically_effectively_singular_without_CPTP_inverse,False,True,False,,False,2,
finite-mode-spin-boson-dephasing,spin_boson_04,5.654866776461628,class_II_analytically_invertible_numerically_effectively_singular_without_CPTP_inverse,False,True,False,,False,2,
finite-mode-spin-boson-dephasing,spin_boson_04,5.811946409141117,class_II_analytically_invertible_numerically_effectively_singular_without_CPTP_inverse,False,True,False,,False,2,
finite-mode-spin-boson-dephasing,spin_boson_04,5.969026041820607,class_II_analytically_invertible_numerically_effectively_singular_without_CPTP_inverse,False,True,False,,False,2,
finite-mode-spin-boson-dephasing,spin_boson_04,6.126105674500097,class_II_analytically_invertible_numerically_effectively_singular_without_CPTP_inverse,False,True,False,,False,2,
finite-mode-spin-boson-dephasing,spin_boson_04,6.283185307179586,class_II_analytically_invertible_numerically_effectively_singular_without_CPTP_inverse,False,True,False,,False,2,
finite-mode-spin-boson-dephasing,spin_boson_04,6.440264939859076,class_II_analytically_invertible_numerically_effectively_singular_without_CPTP_inverse,False,True,False,,False,2,
finite-mode-spin-boson-dephasing,spin_boson_04,6.5973445725385655,class_II_analytically_invertible_numerically_effectively_singular_without_CPTP_inverse,False,True,False,,False,2,
finite-mode-spin-boson-dephasing,spin_boson_04,6.754424205218055,class_II_analytically_invertible_numerically_effectively_singular_without_CPTP_inverse,False,True,False,,False,2,
finite-mode-spin-boson-dephasing,spin_boson_04,6.911503837897545,class_II_analytically_invertible_numerically_effectively_singular_without_CPTP_inverse,False,True,False,,False,2,
finite-mode-spin-boson-dephasing,spin_boson_04,7.0685834705770345,class_II_analytically_invertible_numerically_effectively_singular_without_CPTP_inverse,False,True,False,,False,2,
finite-mode-spin-boson-dephasing,spin_boson_04,7.225663103256524,class_II_analytically_invertible_numerically_effectively_singular_without_CPTP_inverse,False,True,False,,False,2,
finite-mode-spin-boson-dephasing,spin_boson_04,7.382742735936014,class_II_analytically_invertible_numerically_effectively_singular_without_CPTP_inverse,False,True,False,,False,2,
finite-mode-spin-boson-dephasing,spin_boson_04,7.5398223686155035,class_II_analytically_invertible_numerically_effectively_singular_without_CPTP_inverse,False,True,False,,False,2,
finite-mode-spin-boson-dephasing,spin_boson_04,7.696902001294993,class_II_analytically_invertible_numerically_effectively_singular_without_CPTP_inverse,False,True,False,,False,2,
finite-mode-spin-boson-dephasing,spin_boson_04,7.853981633974483,class_II_analytically_invertible_numerically_effectively_singular_without_CPTP_inverse,False,True,False,,False,2,
finite-mode-spin-boson-dephasing,spin_boson_04,8.011061266653972,class_II_analytically_invertible_numerically_effectively_singular_without_CPTP_inverse,False,True,False,,False,2,
finite-mode-spin-boson-dephasing,spin_boson_04,8.168140899333462,class_II_analytically_invertible_numerically_effectively_singular_without_CPTP_inverse,False,True,False,,False,2,
finite-mode-spin-boson-dephasing,spin_boson_04,8.325220532012953,class_II_analytically_invertible_numerically_effectively_singular_without_CPTP_inverse,False,True,False,,False,2,
finite-mode-spin-boson-dephasing,spin_boson_04,8.482300164692441,class_II_analytically_invertible_numerically_effectively_singular_without_CPTP_inverse,False,True,False,,False,2,
finite-mode-spin-boson-dephasing,spin_boson_04,8.63937979737193,class_II_analytically_invertible_numerically_effectively_singular_without_CPTP_inverse,False,True,False,,False,2,
finite-mode-spin-boson-dephasing,spin_boson_04,8.79645943005142,class_II_analytically_invertible_numerically_effectively_singular_without_CPTP_inverse,False,True,False,,False,2,
finite-mode-spin-boson-dephasing,spin_boson_04,8.953539062730911,class_II_analytically_invertible_numerically_effectively_singular_without_CPTP_inverse,False,True,False,,False,2,
finite-mode-spin-boson-dephasing,spin_boson_04,9.1106186954104,class_II_analytically_invertible_numerically_effectively_singular_without_CPTP_inverse,False,True,False,,False,2,
finite-mode-spin-boson-dephasing,spin_boson_04,9.267698328089889,class_II_analytically_invertible_numerically_effectively_singular_without_CPTP_inverse,False,True,False,,False,2,
finite-mode-spin-boson-dephasing,spin_boson_04,9.42477796076938,class_II_analytically_invertible_numerically_effectively_singular_without_CPTP_inverse,False,True,False,,False,2,
finite-mode-spin-boson-dephasing,spin_boson_04,9.58185759344887,class_II_analytically_invertible_numerically_effectively_singular_without_CPTP_inverse,False,True,False,,False,2,
finite-mode-spin-boson-dephasing,spin_boson_04,9.738937226128359,class_II_analytically_invertible_numerically_effectively_singular_without_CPTP_inverse,False,True,False,,False,2,
finite-mode-spin-boson-dephasing,spin_boson_04,9.896016858807847,class_II_analytically_invertible_numerically_effectively_singular_without_CPTP_inverse,False,True,False,,False,2,
finite-mode-spin-boson-dephasing,spin_boson_04,10.053096491487338,class_II_analytically_invertible_numerically_effectively_singular_without_CPTP_inverse,False,True,False,,False,2,
finite-mode-spin-boson-dephasing,spin_boson_04,10.210176124166829,class_II_analytically_invertible_numerically_effectively_singular_without_CPTP_inverse,False,True,False,,False,2,
finite-mode-spin-boson-dephasing,spin_boson_04,10.367255756846317,class_II_analytically_invertible_numerically_effectively_singular_without_CPTP_inverse,False,True,False,,False,2,
finite-mode-spin-boson-dephasing,spin_boson_04,10.524335389525806,class_II_analytically_invertible_numerically_effectively_singular_without_CPTP_inverse,False,True,False,,False,2,
finite-mode-spin-boson-dephasing,spin_boson_04,10.681415022205297,class_II_analytically_invertible_numerically_effectively_singular_without_CPTP_inverse,False,True,False,,False,2,
finite-mode-spin-boson-dephasing,spin_boson_04,10.838494654884787,class_II_analytically_invertible_numerically_effectively_singular_without_CPTP_inverse,False,True,False,,False,2,
finite-mode-spin-boson-dephasing,spin_boson_04,10.995574287564276,class_II_analytically_invertible_numerically_effectively_singular_without_CPTP_inverse,False,True,False,,False,2,
finite-mode-spin-boson-dephasing,spin_boson_04,11.152653920243765,class_II_analytically_invertible_numerically_effectively_singular_without_CPTP_inverse,False,True,False,,False,2,
finite-mode-spin-boson-dephasing,spin_boson_04,11.309733552923255,class_II_analytically_invertible_numerically_effectively_singular_without_CPTP_inverse,False,True,False,,False,2,
finite-mode-spin-boson-dephasing,spin_boson_04,11.466813185602746,class_II_analytically_invertible_numerically_effectively_singular_without_CPTP_inverse,False,True,False,,False,2,
finite-mode-spin-boson-dephasing,spin_boson_04,11.623892818282235,class_II_analytically_invertible_numerically_effectively_singular_without_CPTP_inverse,False,True,False,,False,2,
finite-mode-spin-boson-dephasing,spin_boson_04,11.780972450961723,class_II_analytically_invertible_numerically_effectively_singular_without_CPTP_inverse,False,True,False,,False,2,
finite-mode-spin-boson-dephasing,spin_boson_04,11.938052083641214,class_II_analytically_invertible_numerically_effectively_singular_without_CPTP_inverse,False,True,False,,False,2,
finite-mode-spin-boson-dephasing,spin_boson_04,12.095131716320704,class_II_analytically_invertible_numerically_effectively_singular_without_CPTP_inverse,False,True,False,,False,2,
finite-mode-spin-boson-dephasing,spin_boson_04,12.252211349000193,class_II_analytically_invertible_numerically_effectively_singular_without_CPTP_inverse,False,True,False,,False,2,
finite-mode-spin-boson-dephasing,spin_boson_04,12.409290981679682,class_II_analytically_invertible_numerically_effectively_singular_without_CPTP_inverse,False,True,False,,False,2,
finite-mode-spin-boson-dephasing,spin_boson_04,12.566370614359172,class_II_analytically_invertible_numerically_effectively_singular_without_CPTP_inverse,False,True,False,,False,2,
finite-mode-spin-boson-dephasing,spin_boson_05,0.0,class_I_direct_unitary_reversible,True,True,True,True,True,1,1.0
finite-mode-spin-boson-dephasing,spin_boson_05,0.15707963267948966,class_II_linearly_invertible_without_CPTP_inverse,True,True,True,False,False,2,1.1078310489884093
finite-mode-spin-boson-dephasing,spin_boson_05,0.3141592653589793,class_II_linearly_invertible_without_CPTP_inverse,True,True,True,False,False,2,1.5044229402483624
finite-mode-spin-boson-dephasing,spin_boson_05,0.47123889803846897,class_II_linearly_invertible_without_CPTP_inverse,True,True,True,False,False,2,2.4953202945034088
finite-mode-spin-boson-dephasing,spin_boson_05,0.6283185307179586,class_II_linearly_invertible_without_CPTP_inverse,True,True,True,False,False,2,5.02538692513929
finite-mode-spin-boson-dephasing,spin_boson_05,0.7853981633974483,class_II_linearly_invertible_without_CPTP_inverse,True,True,True,False,False,2,12.188867914884922
finite-mode-spin-boson-dephasing,spin_boson_05,0.9424777960769379,class_II_linearly_invertible_without_CPTP_inverse,True,True,True,False,False,2,35.24301109091262
finite-mode-spin-boson-dephasing,spin_boson_05,1.0995574287564276,class_II_linearly_invertible_without_CPTP_inverse,True,True,True,False,False,2,120.01769553741899
finite-mode-spin-boson-dephasing,spin_boson_05,1.2566370614359172,class_II_linearly_invertible_without_CPTP_inverse,True,True,True,False,False,2,474.7922281046903
finite-mode-spin-boson-dephasing,spin_boson_05,1.413716694115407,class_II_linearly_invertible_without_CPTP_inverse,True,True,True,False,False,2,2149.09180387768
finite-mode-spin-boson-dephasing,spin_boson_05,1.5707963267948966,class_II_linearly_invertible_without_CPTP_inverse,True,True,True,False,False,2,10949.823785264034
finite-mode-spin-boson-dephasing,spin_boson_05,1.7278759594743862,class_II_linearly_invertible_without_CPTP_inverse,True,True,True,False,False,2,61729.57566325532
finite-mode-spin-boson-dephasing,spin_boson_05,1.8849555921538759,class_II_linearly_invertible_without_CPTP_inverse,True,True,True,False,False,2,378269.92014099326
finite-mode-spin-boson-dephasing,spin_boson_05,2.0420352248333655,class_II_linearly_invertible_without_CPTP_inverse,True,True,True,False,False,2,2474617.985498684
finite-mode-spin-boson-dephasing,spin_boson_05,2.199114857512855,class_II_linearly_invertible_without_CPTP_inverse,True,True,True,False,False,2,16974872.413538463
finite-mode-spin-boson-dephasing,spin_boson_05,2.356194490192345,class_II_linearly_invertible_without_CPTP_inverse,True,True,True,False,False,2,119960454.74276303
finite-mode-spin-boson-dephasing,spin_boson_05,2.5132741228718345,class_II_linearly_invertible_without_CPTP_inverse,True,True,True,False,False,2,858645603.9634088
finite-mode-spin-boson-dephasing,spin_boson_05,2.670353755551324,class_II_linearly_invertible_without_CPTP_inverse,True,True,True,False,False,2,6125329656.589933
finite-mode-spin-boson-dephasing,spin_boson_05,2.827433388230814,class_II_analytically_invertible_numerically_effectively_singular_without_CPTP_inverse,False,True,False,,False,2,
finite-mode-spin-boson-dephasing,spin_boson_05,2.9845130209103035,class_II_analytically_invertible_numerically_effectively_singular_without_CPTP_inverse,False,True,False,,False,2,
finite-mode-spin-boson-dephasing,spin_boson_05,3.141592653589793,class_II_analytically_invertible_numerically_effectively_singular_without_CPTP_inverse,False,True,False,,False,2,
finite-mode-spin-boson-dephasing,spin_boson_05,3.2986722862692828,class_II_analytically_invertible_numerically_effectively_singular_without_CPTP_inverse,False,True,False,,False,2,
finite-mode-spin-boson-dephasing,spin_boson_05,3.4557519189487724,class_II_analytically_invertible_numerically_effectively_singular_without_CPTP_inverse,False,True,False,,False,2,
finite-mode-spin-boson-dephasing,spin_boson_05,3.612831551628262,class_II_analytically_invertible_numerically_effectively_singular_without_CPTP_inverse,False,True,False,,False,2,
finite-mode-spin-boson-dephasing,spin_boson_05,3.7699111843077517,class_II_analytically_invertible_numerically_effectively_singular_without_CPTP_inverse,False,True,False,,False,2,
finite-mode-spin-boson-dephasing,spin_boson_05,3.9269908169872414,class_II_analytically_invertible_numerically_effectively_singular_without_CPTP_inverse,False,True,False,,False,2,
finite-mode-spin-boson-dephasing,spin_boson_05,4.084070449666731,class_II_analytically_invertible_numerically_effectively_singular_without_CPTP_inverse,False,True,False,,False,2,
finite-mode-spin-boson-dephasing,spin_boson_05,4.241150082346221,class_II_analytically_invertible_numerically_effectively_singular_without_CPTP_inverse,False,True,False,,False,2,
finite-mode-spin-boson-dephasing,spin_boson_05,4.39822971502571,class_II_analytically_invertible_numerically_effectively_singular_without_CPTP_inverse,False,True,False,,False,2,
finite-mode-spin-boson-dephasing,spin_boson_05,4.5553093477052,class_II_analytically_invertible_numerically_effectively_singular_without_CPTP_inverse,False,True,False,,False,2,
finite-mode-spin-boson-dephasing,spin_boson_05,4.71238898038469,class_II_analytically_invertible_numerically_effectively_singular_without_CPTP_inverse,False,True,False,,False,2,
finite-mode-spin-boson-dephasing,spin_boson_05,4.869468613064179,class_II_analytically_invertible_numerically_effectively_singular_without_CPTP_inverse,False,True,False,,False,2,
finite-mode-spin-boson-dephasing,spin_boson_05,5.026548245743669,class_II_analytically_invertible_numerically_effectively_singular_without_CPTP_inverse,False,True,False,,False,2,
finite-mode-spin-boson-dephasing,spin_boson_05,5.183627878423159,class_II_analytically_invertible_numerically_effectively_singular_without_CPTP_inverse,False,True,False,,False,2,
finite-mode-spin-boson-dephasing,spin_boson_05,5.340707511102648,class_II_analytically_invertible_numerically_effectively_singular_without_CPTP_inverse,False,True,False,,False,2,
finite-mode-spin-boson-dephasing,spin_boson_05,5.497787143782138,class_II_analytically_invertible_numerically_effectively_singular_without_CPTP_inverse,False,True,False,,False,2,
finite-mode-spin-boson-dephasing,spin_boson_05,5.654866776461628,class_II_analytically_invertible_numerically_effectively_singular_without_CPTP_inverse,False,True,False,,False,2,
finite-mode-spin-boson-dephasing,spin_boson_05,5.811946409141117,class_II_analytically_invertible_numerically_effectively_singular_without_CPTP_inverse,False,True,False,,False,2,
finite-mode-spin-boson-dephasing,spin_boson_05,5.969026041820607,class_II_analytically_invertible_numerically_effectively_singular_without_CPTP_inverse,False,True,False,,False,2,
finite-mode-spin-boson-dephasing,spin_boson_05,6.126105674500097,class_II_analytically_invertible_numerically_effectively_singular_without_CPTP_inverse,False,True,False,,False,2,
finite-mode-spin-boson-dephasing,spin_boson_05,6.283185307179586,class_II_analytically_invertible_numerically_effectively_singular_without_CPTP_inverse,False,True,False,,False,2,
finite-mode-spin-boson-dephasing,spin_boson_05,6.440264939859076,class_II_analytically_invertible_numerically_effectively_singular_without_CPTP_inverse,False,True,False,,False,2,
finite-mode-spin-boson-dephasing,spin_boson_05,6.5973445725385655,class_II_analytically_invertible_numerically_effectively_singular_without_CPTP_inverse,False,True,False,,False,2,
finite-mode-spin-boson-dephasing,spin_boson_05,6.754424205218055,class_II_analytically_invertible_numerically_effectively_singular_without_CPTP_inverse,False,True,False,,False,2,
finite-mode-spin-boson-dephasing,spin_boson_05,6.911503837897545,class_II_analytically_invertible_numerically_effectively_singular_without_CPTP_inverse,False,True,False,,False,2,
finite-mode-spin-boson-dephasing,spin_boson_05,7.0685834705770345,class_II_analytically_invertible_numerically_effectively_singular_without_CPTP_inverse,False,True,False,,False,2,
finite-mode-spin-boson-dephasing,spin_boson_05,7.225663103256524,class_II_analytically_invertible_numerically_effectively_singular_without_CPTP_inverse,False,True,False,,False,2,
finite-mode-spin-boson-dephasing,spin_boson_05,7.382742735936014,class_II_analytically_invertible_numerically_effectively_singular_without_CPTP_inverse,False,True,False,,False,2,
finite-mode-spin-boson-dephasing,spin_boson_05,7.5398223686155035,class_II_analytically_invertible_numerically_effectively_singular_without_CPTP_inverse,False,True,False,,False,2,
finite-mode-spin-boson-dephasing,spin_boson_05,7.696902001294993,class_II_analytically_invertible_numerically_effectively_singular_without_CPTP_inverse,False,True,False,,False,2,
finite-mode-spin-boson-dephasing,spin_boson_05,7.853981633974483,class_II_analytically_invertible_numerically_effectively_singular_without_CPTP_inverse,False,True,False,,False,2,
finite-mode-spin-boson-dephasing,spin_boson_05,8.011061266653972,class_II_analytically_invertible_numerically_effectively_singular_without_CPTP_inverse,False,True,False,,False,2,
finite-mode-spin-boson-dephasing,spin_boson_05,8.168140899333462,class_II_analytically_invertible_numerically_effectively_singular_without_CPTP_inverse,False,True,False,,False,2,
finite-mode-spin-boson-dephasing,spin_boson_05,8.325220532012953,class_II_analytically_invertible_numerically_effectively_singular_without_CPTP_inverse,False,True,False,,False,2,
finite-mode-spin-boson-dephasing,spin_boson_05,8.482300164692441,class_II_analytically_invertible_numerically_effectively_singular_without_CPTP_inverse,False,True,False,,False,2,
finite-mode-spin-boson-dephasing,spin_boson_05,8.63937979737193,class_II_analytically_invertible_numerically_effectively_singular_without_CPTP_inverse,False,True,False,,False,2,
finite-mode-spin-boson-dephasing,spin_boson_05,8.79645943005142,class_II_analytically_invertible_numerically_effectively_singular_without_CPTP_inverse,False,True,False,,False,2,
finite-mode-spin-boson-dephasing,spin_boson_05,8.953539062730911,class_II_analytically_invertible_numerically_effectively_singular_without_CPTP_inverse,False,True,False,,False,2,
finite-mode-spin-boson-dephasing,spin_boson_05,9.1106186954104,class_II_analytically_invertible_numerically_effectively_singular_without_CPTP_inverse,False,True,False,,False,2,
finite-mode-spin-boson-dephasing,spin_boson_05,9.267698328089889,class_II_analytically_invertible_numerically_effectively_singular_without_CPTP_inverse,False,True,False,,False,2,
finite-mode-spin-boson-dephasing,spin_boson_05,9.42477796076938,class_II_analytically_invertible_numerically_effectively_singular_without_CPTP_inverse,False,True,False,,False,2,
finite-mode-spin-boson-dephasing,spin_boson_05,9.58185759344887,class_II_analytically_invertible_numerically_effectively_singular_without_CPTP_inverse,False,True,False,,False,2,
finite-mode-spin-boson-dephasing,spin_boson_05,9.738937226128359,class_II_analytically_invertible_numerically_effectively_singular_without_CPTP_inverse,False,True,False,,False,2,
finite-mode-spin-boson-dephasing,spin_boson_05,9.896016858807847,class_II_analytically_invertible_numerically_effectively_singular_without_CPTP_inverse,False,True,False,,False,2,
finite-mode-spin-boson-dephasing,spin_boson_05,10.053096491487338,class_II_analytically_invertible_numerically_effectively_singular_without_CPTP_inverse,False,True,False,,False,2,
finite-mode-spin-boson-dephasing,spin_boson_05,10.210176124166829,class_II_analytically_invertible_numerically_effectively_singular_without_CPTP_inverse,False,True,False,,False,2,
finite-mode-spin-boson-dephasing,spin_boson_05,10.367255756846317,class_II_analytically_invertible_numerically_effectively_singular_without_CPTP_inverse,False,True,False,,False,2,
finite-mode-spin-boson-dephasing,spin_boson_05,10.524335389525806,class_II_analytically_invertible_numerically_effectively_singular_without_CPTP_inverse,False,True,False,,False,2,
finite-mode-spin-boson-dephasing,spin_boson_05,10.681415022205297,class_II_analytically_invertible_numerically_effectively_singular_without_CPTP_inverse,False,True,False,,False,2,
finite-mode-spin-boson-dephasing,spin_boson_05,10.838494654884787,class_II_analytically_invertible_numerically_effectively_singular_without_CPTP_inverse,False,True,False,,False,2,
finite-mode-spin-boson-dephasing,spin_boson_05,10.995574287564276,class_II_analytically_invertible_numerically_effectively_singular_without_CPTP_inverse,False,True,False,,False,2,
finite-mode-spin-boson-dephasing,spin_boson_05,11.152653920243765,class_II_analytically_invertible_numerically_effectively_singular_without_CPTP_inverse,False,True,False,,False,2,
finite-mode-spin-boson-dephasing,spin_boson_05,11.309733552923255,class_II_analytically_invertible_numerically_effectively_singular_without_CPTP_inverse,False,True,False,,False,2,
finite-mode-spin-boson-dephasing,spin_boson_05,11.466813185602746,class_II_analytically_invertible_numerically_effectively_singular_without_CPTP_inverse,False,True,False,,False,2,
finite-mode-spin-boson-dephasing,spin_boson_05,11.623892818282235,class_II_analytically_invertible_numerically_effectively_singular_without_CPTP_inverse,False,True,False,,False,2,
finite-mode-spin-boson-dephasing,spin_boson_05,11.780972450961723,class_II_analytically_invertible_numerically_effectively_singular_without_CPTP_inverse,False,True,False,,False,2,
finite-mode-spin-boson-dephasing,spin_boson_05,11.938052083641214,class_II_analytically_invertible_numerically_effectively_singular_without_CPTP_inverse,False,True,False,,False,2,
finite-mode-spin-boson-dephasing,spin_boson_05,12.095131716320704,class_II_analytically_invertible_numerically_effectively_singular_without_CPTP_inverse,False,True,False,,False,2,
finite-mode-spin-boson-dephasing,spin_boson_05,12.252211349000193,class_II_analytically_invertible_numerically_effectively_singular_without_CPTP_inverse,False,True,False,,False,2,
finite-mode-spin-boson-dephasing,spin_boson_05,12.409290981679682,class_II_analytically_invertible_numerically_effectively_singular_without_CPTP_inverse,False,True,False,,False,2,
finite-mode-spin-boson-dephasing,spin_boson_05,12.566370614359172,class_II_analytically_invertible_numerically_effectively_singular_without_CPTP_inverse,False,True,False,,False,2,
finite-mode-spin-boson-dephasing,spin_boson_06,0.0,class_I_direct_unitary_reversible,True,True,True,True,True,1,1.0
finite-mode-spin-boson-dephasing,spin_boson_06,0.15707963267948966,class_II_linearly_invertible_without_CPTP_inverse,True,True,True,False,False,2,1.1195739962759583
finite-mode-spin-boson-dephasing,spin_boson_06,0.3141592653589793,class_II_linearly_invertible_without_CPTP_inverse,True,True,True,False,False,2,1.5624168125209927
finite-mode-spin-boson-dephasing,spin_boson_06,0.47123889803846897,class_II_linearly_invertible_without_CPTP_inverse,True,True,True,False,False,2,2.6740466847149413
finite-mode-spin-boson-dephasing,spin_boson_06,0.6283185307179586,class_II_linearly_invertible_without_CPTP_inverse,True,True,True,False,False,2,5.469909587280759
finite-mode-spin-boson-dephasing,spin_boson_06,0.7853981633974483,class_II_linearly_invertible_without_CPTP_inverse,True,True,True,False,False,2,12.934164904357324
finite-mode-spin-boson-dephasing,spin_boson_06,0.9424777960769379,class_II_linearly_invertible_without_CPTP_inverse,True,True,True,False,False,2,34.01732039546628
finite-mode-spin-boson-dephasing,spin_boson_06,1.0995574287564276,class_II_linearly_invertible_without_CPTP_inverse,True,True,True,False,False,2,95.51278140612055
finite-mode-spin-boson-dephasing,spin_boson_06,1.2566370614359172,class_II_linearly_invertible_without_CPTP_inverse,True,True,True,False,False,2,274.9098080673326
finite-mode-spin-boson-dephasing,spin_boson_06,1.413716694115407,class_II_linearly_invertible_without_CPTP_inverse,True,True,True,False,False,2,781.2596807761947
finite-mode-spin-boson-dephasing,spin_boson_06,1.5707963267948966,class_II_linearly_invertible_without_CPTP_inverse,True,True,True,False,False,2,2122.9577785765746
finite-mode-spin-boson-dephasing,spin_boson_06,1.7278759594743862,class_II_linearly_invertible_without_CPTP_inverse,True,True,True,False,False,2,5380.546227605725
finite-mode-spin-boson-dephasing,spin_boson_06,1.8849555921538759,class_II_linearly_invertible_without_CPTP_inverse,True,True,True,False,False,2,12510.357324520617
finite-mode-spin-boson-dephasing,spin_boson_06,2.0420352248333655,class_II_linearly_invertible_without_CPTP_inverse,True,True,True,False,False,2,26477.527412056625
finite-mode-spin-boson-dephasing,spin_boson_06,2.199114857512855,class_II_linearly_invertible_without_CPTP_inverse,True,True,True,False,False,2,51037.15825465964
finite-mode-spin-boson-dephasing,spin_boson_06,2.356194490192345,class_II_linearly_invertible_without_CPTP_inverse,True,True,True,False,False,2,90305.80480072903
finite-mode-spin-boson-dephasing,spin_boson_06,2.5132741228718345,class_II_linearly_invertible_without_CPTP_inverse,True,True,True,False,False,2,148688.22513566358
finite-mode-spin-boson-dephasing,spin_boson_06,2.670353755551324,class_II_linearly_invertible_without_CPTP_inverse,True,True,True,False,False,2,231802.54019053013
finite-mode-spin-boson-dephasing,spin_boson_06,2.827433388230814,class_II_linearly_invertible_without_CPTP_inverse,True,True,True,False,False,2,348731.1418962154
finite-mode-spin-boson-dephasing,spin_boson_06,2.9845130209103035,class_II_linearly_invertible_without_CPTP_inverse,True,True,True,False,False,2,515725.8048892952
finite-mode-spin-boson-dephasing,spin_boson_06,3.141592653589793,class_II_linearly_invertible_without_CPTP_inverse,True,True,True,False,False,2,761850.5701900801
finite-mode-spin-boson-dephasing,spin_boson_06,3.2986722862692828,class_II_linearly_invertible_without_CPTP_inverse,True,True,True,False,False,2,1137862.1079551636
finite-mode-spin-boson-dephasing,spin_boson_06,3.4557519189487724,class_II_linearly_invertible_without_CPTP_inverse,True,True,True,False,False,2,1730462.8562633863
finite-mode-spin-boson-dephasing,spin_boson_06,3.612831551628262,class_II_linearly_invertible_without_CPTP_inverse,True,True,True,False,False,2,2684242.596270173
finite-mode-spin-boson-dephasing,spin_boson_06,3.7699111843077517,class_II_linearly_invertible_without_CPTP_inverse,True,True,True,False,False,2,4231778.435218714
finite-mode-spin-boson-dephasing,spin_boson_06,3.9269908169872414,class_II_linearly_invertible_without_CPTP_inverse,True,True,True,False,False,2,6725892.100743694
finite-mode-spin-boson-dephasing,spin_boson_06,4.084070449666731,class_II_linearly_invertible_without_CPTP_inverse,True,True,True,False,False,2,10654156.630201962
finite-mode-spin-boson-dephasing,spin_boson_06,4.241150082346221,class_II_linearly_invertible_without_CPTP_inverse,True,True,True,False,False,2,16596453.960803742
finite-mode-spin-boson-dephasing,spin_boson_06,4.39822971502571,class_II_linearly_invertible_without_CPTP_inverse,True,True,True,False,False,2,25077769.587635122
finite-mode-spin-boson-dephasing,spin_boson_06,4.5553093477052,class_II_linearly_invertible_without_CPTP_inverse,True,True,True,False,False,2,36302576.018025436
finite-mode-spin-boson-dephasing,spin_boson_06,4.71238898038469,class_II_linearly_invertible_without_CPTP_inverse,True,True,True,False,False,2,49854015.041111186
finite-mode-spin-boson-dephasing,spin_boson_06,4.869468613064179,class_II_linearly_invertible_without_CPTP_inverse,True,True,True,False,False,2,64551199.917631075
finite-mode-spin-boson-dephasing,spin_boson_06,5.026548245743669,class_II_linearly_invertible_without_CPTP_inverse,True,True,True,False,False,2,78653911.22429787
finite-mode-spin-boson-dephasing,spin_boson_06,5.183627878423159,class_II_linearly_invertible_without_CPTP_inverse,True,True,True,False,False,2,90407158.55428241
finite-mode-spin-boson-dephasing,spin_boson_06,5.340707511102648,class_II_linearly_invertible_without_CPTP_inverse,True,True,True,False,False,2,98655098.05141972
finite-mode-spin-boson-dephasing,spin_boson_06,5.497787143782138,class_II_linearly_invertible_without_CPTP_inverse,True,True,True,False,False,2,103178944.3724006
finite-mode-spin-boson-dephasing,spin_boson_06,5.654866776461628,class_II_linearly_invertible_without_CPTP_inverse,True,True,True,False,False,2,104612896.41790454
finite-mode-spin-boson-dephasing,spin_boson_06,5.811946409141117,class_II_linearly_invertible_without_CPTP_inverse,True,True,True,False,False,2,104069650.35399902
finite-mode-spin-boson-dephasing,spin_boson_06,5.969026041820607,class_II_linearly_invertible_without_CPTP_inverse,True,True,True,False,False,2,102723778.19005507
finite-mode-spin-boson-dephasing,spin_boson_06,6.126105674500097,class_II_linearly_invertible_without_CPTP_inverse,True,True,True,False,False,2,101523186.11124322
finite-mode-spin-boson-dephasing,spin_boson_06,6.283185307179586,class_II_linearly_invertible_without_CPTP_inverse,True,True,True,False,False,2,101057253.53824385
finite-mode-spin-boson-dephasing,spin_boson_06,6.440264939859076,class_II_linearly_invertible_without_CPTP_inverse,True,True,True,False,False,2,101523186.11124322
finite-mode-spin-boson-dephasing,spin_boson_06,6.5973445725385655,class_II_linearly_invertible_without_CPTP_inverse,True,True,True,False,False,2,102723778.19005507
finite-mode-spin-boson-dephasing,spin_boson_06,6.754424205218055,class_II_linearly_invertible_without_CPTP_inverse,True,True,True,False,False,2,104069650.35399902
finite-mode-spin-boson-dephasing,spin_boson_06,6.911503837897545,class_II_linearly_invertible_without_CPTP_inverse,True,True,True,False,False,2,104612896.41790454
finite-mode-spin-boson-dephasing,spin_boson_06,7.0685834705770345,class_II_linearly_invertible_without_CPTP_inverse,True,True,True,False,False,2,103178944.3724006
finite-mode-spin-boson-dephasing,spin_boson_06,7.225663103256524,class_II_linearly_invertible_without_CPTP_inverse,True,True,True,False,False,2,98655098.05141972
finite-mode-spin-boson-dephasing,spin_boson_06,7.382742735936014,class_II_linearly_invertible_without_CPTP_inverse,True,True,True,False,False,2,90407158.55428241
finite-mode-spin-boson-dephasing,spin_boson_06,7.5398223686155035,class_II_linearly_invertible_without_CPTP_inverse,True,True,True,False,False,2,78653911.22429787
finite-mode-spin-boson-dephasing,spin_boson_06,7.696902001294993,class_II_linearly_invertible_without_CPTP_inverse,True,True,True,False,False,2,64551199.917631075
finite-mode-spin-boson-dephasing,spin_boson_06,7.853981633974483,class_II_linearly_invertible_without_CPTP_inverse,True,True,True,False,False,2,49854015.041111186
finite-mode-spin-boson-dephasing,spin_boson_06,8.011061266653972,class_II_linearly_invertible_without_CPTP_inverse,True,True,True,False,False,2,36302576.018025436
finite-mode-spin-boson-dephasing,spin_boson_06,8.168140899333462,class_II_linearly_invertible_without_CPTP_inverse,True,True,True,False,False,2,25077769.587635122
finite-mode-spin-boson-dephasing,spin_boson_06,8.325220532012953,class_II_linearly_invertible_without_CPTP_inverse,True,True,True,False,False,2,16596453.960803742
finite-mode-spin-boson-dephasing,spin_boson_06,8.482300164692441,class_II_linearly_invertible_without_CPTP_inverse,True,True,True,False,False,2,10654156.630201962
finite-mode-spin-boson-dephasing,spin_boson_06,8.63937979737193,class_II_linearly_invertible_without_CPTP_inverse,True,True,True,False,False,2,6725892.100743694
finite-mode-spin-boson-dephasing,spin_boson_06,8.79645943005142,class_II_linearly_invertible_without_CPTP_inverse,True,True,True,False,False,2,4231778.435218714
finite-mode-spin-boson-dephasing,spin_boson_06,8.953539062730911,class_II_linearly_invertible_without_CPTP_inverse,True,True,True,False,False,2,2684242.596270173
finite-mode-spin-boson-dephasing,spin_boson_06,9.1106186954104,class_II_linearly_invertible_without_CPTP_inverse,True,True,True,False,False,2,1730462.8562633863
finite-mode-spin-boson-dephasing,spin_boson_06,9.267698328089889,class_II_linearly_invertible_without_CPTP_inverse,True,True,True,False,False,2,1137862.1079551636
finite-mode-spin-boson-dephasing,spin_boson_06,9.42477796076938,class_II_linearly_invertible_without_CPTP_inverse,True,True,True,False,False,2,761850.5701900801
finite-mode-spin-boson-dephasing,spin_boson_06,9.58185759344887,class_II_linearly_invertible_without_CPTP_inverse,True,True,True,False,False,2,515725.8048892952
finite-mode-spin-boson-dephasing,spin_boson_06,9.738937226128359,class_II_linearly_invertible_without_CPTP_inverse,True,True,True,False,False,2,348731.1418962154
finite-mode-spin-boson-dephasing,spin_boson_06,9.896016858807847,class_II_linearly_invertible_without_CPTP_inverse,True,True,True,False,False,2,231802.54019053013
finite-mode-spin-boson-dephasing,spin_boson_06,10.053096491487338,class_II_linearly_invertible_without_CPTP_inverse,True,True,True,False,False,2,148688.22513566358
finite-mode-spin-boson-dephasing,spin_boson_06,10.210176124166829,class_II_linearly_invertible_without_CPTP_inverse,True,True,True,False,False,2,90305.80480072903
finite-mode-spin-boson-dephasing,spin_boson_06,10.367255756846317,class_II_linearly_invertible_without_CPTP_inverse,True,True,True,False,False,2,51037.15825465964
finite-mode-spin-boson-dephasing,spin_boson_06,10.524335389525806,class_II_linearly_invertible_without_CPTP_inverse,True,True,True,False,False,2,26477.527412056625
finite-mode-spin-boson-dephasing,spin_boson_06,10.681415022205297,class_II_linearly_invertible_without_CPTP_inverse,True,True,True,False,False,2,12510.357324520617
finite-mode-spin-boson-dephasing,spin_boson_06,10.838494654884787,class_II_linearly_invertible_without_CPTP_inverse,True,True,True,False,False,2,5380.546227605725
finite-mode-spin-boson-dephasing,spin_boson_06,10.995574287564276,class_II_linearly_invertible_without_CPTP_inverse,True,True,True,False,False,2,2122.9577785765746
finite-mode-spin-boson-dephasing,spin_boson_06,11.152653920243765,class_II_linearly_invertible_without_CPTP_inverse,True,True,True,False,False,2,781.2596807761947
finite-mode-spin-boson-dephasing,spin_boson_06,11.309733552923255,class_II_linearly_invertible_without_CPTP_inverse,True,True,True,False,False,2,274.9098080673326
finite-mode-spin-boson-dephasing,spin_boson_06,11.466813185602746,class_II_linearly_invertible_without_CPTP_inverse,True,True,True,False,False,2,95.51278140612055
finite-mode-spin-boson-dephasing,spin_boson_06,11.623892818282235,class_II_linearly_invertible_without_CPTP_inverse,True,True,True,False,False,2,34.01732039546647
finite-mode-spin-boson-dephasing,spin_boson_06,11.780972450961723,class_II_linearly_invertible_without_CPTP_inverse,True,True,True,False,False,2,12.934164904357425
finite-mode-spin-boson-dephasing,spin_boson_06,11.938052083641214,class_II_linearly_invertible_without_CPTP_inverse,True,True,True,False,False,2,5.469909587280765
finite-mode-spin-boson-dephasing,spin_boson_06,12.095131716320704,class_II_linearly_invertible_without_CPTP_inverse,True,True,True,False,False,2,2.6740466847149413
finite-mode-spin-boson-dephasing,spin_boson_06,12.252211349000193,class_II_linearly_invertible_without_CPTP_inverse,True,True,True,False,False,2,1.5624168125209943
finite-mode-spin-boson-dephasing,spin_boson_06,12.409290981679682,class_II_linearly_invertible_without_CPTP_inverse,True,True,True,False,False,2,1.1195739962759597
finite-mode-spin-boson-dephasing,spin_boson_06,12.566370614359172,class_I_direct_unitary_reversible,True,True,True,True,True,1,1.0
finite-mode-spin-boson-dephasing,spin_boson_07,0.0,class_I_direct_unitary_reversible,True,True,True,True,True,1,1.0
finite-mode-spin-boson-dephasing,spin_boson_07,0.15707963267948966,class_II_linearly_invertible_without_CPTP_inverse,True,True,True,False,False,2,1.2265492000928306
finite-mode-spin-boson-dephasing,spin_boson_07,0.3141592653589793,class_II_linearly_invertible_without_CPTP_inverse,True,True,True,False,False,2,2.241737479086096
finite-mode-spin-boson-dephasing,spin_boson_07,0.47123889803846897,class_II_linearly_invertible_without_CPTP_inverse,True,True,True,False,False,2,5.936582442021056
finite-mode-spin-boson-dephasing,spin_boson_07,0.6283185307179586,class_II_linearly_invertible_without_CPTP_inverse,True,True,True,False,False,2,21.789727582158207
finite-mode-spin-boson-dephasing,spin_boson_07,0.7853981633974483,class_II_linearly_invertible_without_CPTP_inverse,True,True,True,False,False,2,104.64140569226933
finite-mode-spin-boson-dephasing,spin_boson_07,0.9424777960769379,class_II_linearly_invertible_without_CPTP_inverse,True,True,True,False,False,2,615.0365193498319
finite-mode-spin-boson-dephasing,spin_boson_07,1.0995574287564276,class_II_linearly_invertible_without_CPTP_inverse,True,True,True,False,False,2,4120.057330732093
finite-mode-spin-boson-dephasing,spin_boson_07,1.2566370614359172,class_II_linearly_invertible_without_CPTP_inverse,True,True,True,False,False,2,29302.654292462612
finite-mode-spin-boson-dephasing,spin_boson_07,1.413716694115407,class_II_linearly_invertible_without_CPTP_inverse,True,True,True,False,False,2,207125.67333345424
finite-mode-spin-boson-dephasing,spin_boson_07,1.5707963267948966,class_II_linearly_invertible_without_CPTP_inverse,True,True,True,False,False,2,1374244.6548262862
finite-mode-spin-boson-dephasing,spin_boson_07,1.7278759594743862,class_II_linearly_invertible_without_CPTP_inverse,True,True,True,False,False,2,8180471.74858789
finite-mode-spin-boson-dephasing,spin_boson_07,1.8849555921538759,class_II_linearly_invertible_without_CPTP_inverse,True,True,True,False,False,2,42346462.34911083
finite-mode-spin-boson-dephasing,spin_boson_07,2.0420352248333655,class_II_linearly_invertible_without_CPTP_inverse,True,True,True,False,False,2,187500404.07329202
finite-mode-spin-boson-dephasing,spin_boson_07,2.199114857512855,class_II_linearly_invertible_without_CPTP_inverse,True,True,True,False,False,2,708468552.8755417
finite-mode-spin-boson-dephasing,spin_boson_07,2.356194490192345,class_II_linearly_invertible_without_CPTP_inverse,True,True,True,False,False,2,2307887243.418424
finite-mode-spin-boson-dephasing,spin_boson_07,2.5132741228718345,class_II_linearly_invertible_without_CPTP_inverse,True,True,True,False,False,2,6614035996.199964
finite-mode-spin-boson-dephasing,spin_boson_07,2.670353755551324,class_II_analytically_invertible_numerically_effectively_singular_without_CPTP_inverse,False,True,False,,False,2,
finite-mode-spin-boson-dephasing,spin_boson_07,2.827433388230814,class_II_analytically_invertible_numerically_effectively_singular_without_CPTP_inverse,False,True,False,,False,2,
finite-mode-spin-boson-dephasing,spin_boson_07,2.9845130209103035,class_II_analytically_invertible_numerically_effectively_singular_without_CPTP_inverse,False,True,False,,False,2,
finite-mode-spin-boson-dephasing,spin_boson_07,3.141592653589793,class_II_analytically_invertible_numerically_effectively_singular_without_CPTP_inverse,False,True,False,,False,2,
finite-mode-spin-boson-dephasing,spin_boson_07,3.2986722862692828,class_II_analytically_invertible_numerically_effectively_singular_without_CPTP_inverse,False,True,False,,False,2,
finite-mode-spin-boson-dephasing,spin_boson_07,3.4557519189487724,class_II_analytically_invertible_numerically_effectively_singular_without_CPTP_inverse,False,True,False,,False,2,
finite-mode-spin-boson-dephasing,spin_boson_07,3.612831551628262,class_II_analytically_invertible_numerically_effectively_singular_without_CPTP_inverse,False,True,False,,False,2,
finite-mode-spin-boson-dephasing,spin_boson_07,3.7699111843077517,class_II_analytically_invertible_numerically_effectively_singular_without_CPTP_inverse,False,True,False,,False,2,
finite-mode-spin-boson-dephasing,spin_boson_07,3.9269908169872414,class_II_analytically_invertible_numerically_effectively_singular_without_CPTP_inverse,False,True,False,,False,2,
finite-mode-spin-boson-dephasing,spin_boson_07,4.084070449666731,class_II_analytically_invertible_numerically_effectively_singular_without_CPTP_inverse,False,True,False,,False,2,
finite-mode-spin-boson-dephasing,spin_boson_07,4.241150082346221,class_II_analytically_invertible_numerically_effectively_singular_without_CPTP_inverse,False,True,False,,False,2,
finite-mode-spin-boson-dephasing,spin_boson_07,4.39822971502571,class_II_analytically_invertible_numerically_effectively_singular_without_CPTP_inverse,False,True,False,,False,2,
finite-mode-spin-boson-dephasing,spin_boson_07,4.5553093477052,class_II_analytically_invertible_numerically_effectively_singular_without_CPTP_inverse,False,True,False,,False,2,
finite-mode-spin-boson-dephasing,spin_boson_07,4.71238898038469,class_II_analytically_invertible_numerically_effectively_singular_without_CPTP_inverse,False,True,False,,False,2,
finite-mode-spin-boson-dephasing,spin_boson_07,4.869468613064179,class_II_analytically_invertible_numerically_effectively_singular_without_CPTP_inverse,False,True,False,,False,2,
finite-mode-spin-boson-dephasing,spin_boson_07,5.026548245743669,class_II_analytically_invertible_numerically_effectively_singular_without_CPTP_inverse,False,True,False,,False,2,
finite-mode-spin-boson-dephasing,spin_boson_07,5.183627878423159,class_II_analytically_invertible_numerically_effectively_singular_without_CPTP_inverse,False,True,False,,False,2,
finite-mode-spin-boson-dephasing,spin_boson_07,5.340707511102648,class_II_analytically_invertible_numerically_effectively_singular_without_CPTP_inverse,False,True,False,,False,2,
finite-mode-spin-boson-dephasing,spin_boson_07,5.497787143782138,class_II_analytically_invertible_numerically_effectively_singular_without_CPTP_inverse,False,True,False,,False,2,
finite-mode-spin-boson-dephasing,spin_boson_07,5.654866776461628,class_II_analytically_invertible_numerically_effectively_singular_without_CPTP_inverse,False,True,False,,False,2,
finite-mode-spin-boson-dephasing,spin_boson_07,5.811946409141117,class_II_analytically_invertible_numerically_effectively_singular_without_CPTP_inverse,False,True,False,,False,2,
finite-mode-spin-boson-dephasing,spin_boson_07,5.969026041820607,class_II_analytically_invertible_numerically_effectively_singular_without_CPTP_inverse,False,True,False,,False,2,
finite-mode-spin-boson-dephasing,spin_boson_07,6.126105674500097,class_II_analytically_invertible_numerically_effectively_singular_without_CPTP_inverse,False,True,False,,False,2,
finite-mode-spin-boson-dephasing,spin_boson_07,6.283185307179586,class_II_analytically_invertible_numerically_effectively_singular_without_CPTP_inverse,False,True,False,,False,2,
finite-mode-spin-boson-dephasing,spin_boson_07,6.440264939859076,class_II_analytically_invertible_numerically_effectively_singular_without_CPTP_inverse,False,True,False,,False,2,
finite-mode-spin-boson-dephasing,spin_boson_07,6.5973445725385655,class_II_analytically_invertible_numerically_effectively_singular_without_CPTP_inverse,False,True,False,,False,2,
finite-mode-spin-boson-dephasing,spin_boson_07,6.754424205218055,class_II_analytically_invertible_numerically_effectively_singular_without_CPTP_inverse,False,True,False,,False,2,
finite-mode-spin-boson-dephasing,spin_boson_07,6.911503837897545,class_II_analytically_invertible_numerically_effectively_singular_without_CPTP_inverse,False,True,False,,False,2,
finite-mode-spin-boson-dephasing,spin_boson_07,7.0685834705770345,class_II_analytically_invertible_numerically_effectively_singular_without_CPTP_inverse,False,True,False,,False,2,
finite-mode-spin-boson-dephasing,spin_boson_07,7.225663103256524,class_II_analytically_invertible_numerically_effectively_singular_without_CPTP_inverse,False,True,False,,False,2,
finite-mode-spin-boson-dephasing,spin_boson_07,7.382742735936014,class_II_analytically_invertible_numerically_effectively_singular_without_CPTP_inverse,False,True,False,,False,2,
finite-mode-spin-boson-dephasing,spin_boson_07,7.5398223686155035,class_II_analytically_invertible_numerically_effectively_singular_without_CPTP_inverse,False,True,False,,False,2,
finite-mode-spin-boson-dephasing,spin_boson_07,7.696902001294993,class_II_analytically_invertible_numerically_effectively_singular_without_CPTP_inverse,False,True,False,,False,2,
finite-mode-spin-boson-dephasing,spin_boson_07,7.853981633974483,class_II_analytically_invertible_numerically_effectively_singular_without_CPTP_inverse,False,True,False,,False,2,
finite-mode-spin-boson-dephasing,spin_boson_07,8.011061266653972,class_II_analytically_invertible_numerically_effectively_singular_without_CPTP_inverse,False,True,False,,False,2,
finite-mode-spin-boson-dephasing,spin_boson_07,8.168140899333462,class_II_analytically_invertible_numerically_effectively_singular_without_CPTP_inverse,False,True,False,,False,2,
finite-mode-spin-boson-dephasing,spin_boson_07,8.325220532012953,class_II_analytically_invertible_numerically_effectively_singular_without_CPTP_inverse,False,True,False,,False,2,
finite-mode-spin-boson-dephasing,spin_boson_07,8.482300164692441,class_II_analytically_invertible_numerically_effectively_singular_without_CPTP_inverse,False,True,False,,False,2,
finite-mode-spin-boson-dephasing,spin_boson_07,8.63937979737193,class_II_analytically_invertible_numerically_effectively_singular_without_CPTP_inverse,False,True,False,,False,2,
finite-mode-spin-boson-dephasing,spin_boson_07,8.79645943005142,class_II_analytically_invertible_numerically_effectively_singular_without_CPTP_inverse,False,True,False,,False,2,
finite-mode-spin-boson-dephasing,spin_boson_07,8.953539062730911,class_II_analytically_invertible_numerically_effectively_singular_without_CPTP_inverse,False,True,False,,False,2,
finite-mode-spin-boson-dephasing,spin_boson_07,9.1106186954104,class_II_analytically_invertible_numerically_effectively_singular_without_CPTP_inverse,False,True,False,,False,2,
finite-mode-spin-boson-dephasing,spin_boson_07,9.267698328089889,class_II_analytically_invertible_numerically_effectively_singular_without_CPTP_inverse,False,True,False,,False,2,
finite-mode-spin-boson-dephasing,spin_boson_07,9.42477796076938,class_II_analytically_invertible_numerically_effectively_singular_without_CPTP_inverse,False,True,False,,False,2,
finite-mode-spin-boson-dephasing,spin_boson_07,9.58185759344887,class_II_analytically_invertible_numerically_effectively_singular_without_CPTP_inverse,False,True,False,,False,2,
finite-mode-spin-boson-dephasing,spin_boson_07,9.738937226128359,class_II_analytically_invertible_numerically_effectively_singular_without_CPTP_inverse,False,True,False,,False,2,
finite-mode-spin-boson-dephasing,spin_boson_07,9.896016858807847,class_II_analytically_invertible_numerically_effectively_singular_without_CPTP_inverse,False,True,False,,False,2,
finite-mode-spin-boson-dephasing,spin_boson_07,10.053096491487338,class_II_linearly_invertible_without_CPTP_inverse,True,True,True,False,False,2,6614035996.199964
finite-mode-spin-boson-dephasing,spin_boson_07,10.210176124166829,class_II_linearly_invertible_without_CPTP_inverse,True,True,True,False,False,2,2307887243.418424
finite-mode-spin-boson-dephasing,spin_boson_07,10.367255756846317,class_II_linearly_invertible_without_CPTP_inverse,True,True,True,False,False,2,708468552.8755417
finite-mode-spin-boson-dephasing,spin_boson_07,10.524335389525806,class_II_linearly_invertible_without_CPTP_inverse,True,True,True,False,False,2,187500404.07329202
finite-mode-spin-boson-dephasing,spin_boson_07,10.681415022205297,class_II_linearly_invertible_without_CPTP_inverse,True,True,True,False,False,2,42346462.34911083
finite-mode-spin-boson-dephasing,spin_boson_07,10.838494654884787,class_II_linearly_invertible_without_CPTP_inverse,True,True,True,False,False,2,8180471.74858789
finite-mode-spin-boson-dephasing,spin_boson_07,10.995574287564276,class_II_linearly_invertible_without_CPTP_inverse,True,True,True,False,False,2,1374244.6548262862
finite-mode-spin-boson-dephasing,spin_boson_07,11.152653920243765,class_II_linearly_invertible_without_CPTP_inverse,True,True,True,False,False,2,207125.67333345424
finite-mode-spin-boson-dephasing,spin_boson_07,11.309733552923255,class_II_linearly_invertible_without_CPTP_inverse,True,True,True,False,False,2,29302.654292462612
finite-mode-spin-boson-dephasing,spin_boson_07,11.466813185602746,class_II_linearly_invertible_without_CPTP_inverse,True,True,True,False,False,2,4120.057330732093
finite-mode-spin-boson-dephasing,spin_boson_07,11.623892818282235,class_II_linearly_invertible_without_CPTP_inverse,True,True,True,False,False,2,615.0365193498319
finite-mode-spin-boson-dephasing,spin_boson_07,11.780972450961723,class_II_linearly_invertible_without_CPTP_inverse,True,True,True,False,False,2,104.64140569226933
finite-mode-spin-boson-dephasing,spin_boson_07,11.938052083641214,class_II_linearly_invertible_without_CPTP_inverse,True,True,True,False,False,2,21.789727582158207
finite-mode-spin-boson-dephasing,spin_boson_07,12.095131716320704,class_II_linearly_invertible_without_CPTP_inverse,True,True,True,False,False,2,5.936582442021046
finite-mode-spin-boson-dephasing,spin_boson_07,12.252211349000193,class_II_linearly_invertible_without_CPTP_inverse,True,True,True,False,False,2,2.2417374790861033
finite-mode-spin-boson-dephasing,spin_boson_07,12.409290981679682,class_II_linearly_invertible_without_CPTP_inverse,True,True,True,False,False,2,1.2265492000928337
finite-mode-spin-boson-dephasing,spin_boson_07,12.566370614359172,class_I_direct_unitary_reversible,True,True,True,True,True,1,1.0
finite-mode-spin-boson-dephasing,spin_boson_08,0.0,class_I_direct_unitary_reversible,True,True,True,True,True,1,1.0
finite-mode-spin-boson-dephasing,spin_boson_08,0.15707963267948966,class_II_linearly_invertible_without_CPTP_inverse,True,True,True,False,False,2,1.0566180910722491
finite-mode-spin-boson-dephasing,spin_boson_08,0.3141592653589793,class_II_linearly_invertible_without_CPTP_inverse,True,True,True,False,False,2,1.2457777966868726
finite-mode-spin-boson-dephasing,spin_boson_08,0.47123889803846897,class_II_linearly_invertible_without_CPTP_inverse,True,True,True,False,False,2,1.63635160507552
finite-mode-spin-boson-dephasing,spin_boson_08,0.6283185307179586,class_II_linearly_invertible_without_CPTP_inverse,True,True,True,False,False,2,2.388289094408607
finite-mode-spin-boson-dephasing,spin_boson_08,0.7853981633974483,class_II_linearly_invertible_without_CPTP_inverse,True,True,True,False,False,2,3.85924388021063
finite-mode-spin-boson-dephasing,spin_boson_08,0.9424777960769379,class_II_linearly_invertible_without_CPTP_inverse,True,True,True,False,False,2,6.873038314423368
finite-mode-spin-boson-dephasing,spin_boson_08,1.0995574287564276,class_II_linearly_invertible_without_CPTP_inverse,True,True,True,False,False,2,13.417746787945537
finite-mode-spin-boson-dephasing,spin_boson_08,1.2566370614359172,class_II_linearly_invertible_without_CPTP_inverse,True,True,True,False,False,2,28.537247827518314
finite-mode-spin-boson-dephasing,spin_boson_08,1.413716694115407,class_II_linearly_invertible_without_CPTP_inverse,True,True,True,False,False,2,65.6705129203125
finite-mode-spin-boson-dephasing,spin_boson_08,1.5707963267948966,class_II_linearly_invertible_without_CPTP_inverse,True,True,True,False,False,2,162.30513022804692
finite-mode-spin-boson-dephasing,spin_boson_08,1.7278759594743862,class_II_linearly_invertible_without_CPTP_inverse,True,True,True,False,False,2,427.44377674458974
finite-mode-spin-boson-dephasing,spin_boson_08,1.8849555921538759,class_II_linearly_invertible_without_CPTP_inverse,True,True,True,False,False,2,1189.7300040299142
finite-mode-spin-boson-dephasing,spin_boson_08,2.0420352248333655,class_II_linearly_invertible_without_CPTP_inverse,True,True,True,False,False,2,3470.4738369047336
finite-mode-spin-boson-dephasing,spin_boson_08,2.199114857512855,class_II_linearly_invertible_without_CPTP_inverse,True,True,True,False,False,2,10519.947599078829
finite-mode-spin-boson-dephasing,spin_boson_08,2.356194490192345,class_II_linearly_invertible_without_CPTP_inverse,True,True,True,False,False,2,32859.1067419174
finite-mode-spin-boson-dephasing,spin_boson_08,2.5132741228718345,class_II_linearly_invertible_without_CPTP_inverse,True,True,True,False,False,2,104886.70691712871
finite-mode-spin-boson-dephasing,spin_boson_08,2.670353755551324,class_II_linearly_invertible_without_CPTP_inverse,True,True,True,False,False,2,339418.43214752246
finite-mode-spin-boson-dephasing,spin_boson_08,2.827433388230814,class_II_linearly_invertible_without_CPTP_inverse,True,True,True,False,False,2,1105091.342219188
finite-mode-spin-boson-dephasing,spin_boson_08,2.9845130209103035,class_II_linearly_invertible_without_CPTP_inverse,True,True,True,False,False,2,3594339.074926143
finite-mode-spin-boson-dephasing,spin_boson_08,3.141592653589793,class_II_linearly_invertible_without_CPTP_inverse,True,True,True,False,False,2,11602711.45457545
finite-mode-spin-boson-dephasing,spin_boson_08,3.2986722862692828,class_II_linearly_invertible_without_CPTP_inverse,True,True,True,False,False,2,36954303.81090712
finite-mode-spin-boson-dephasing,spin_boson_08,3.4557519189487724,class_II_linearly_invertible_without_CPTP_inverse,True,True,True,False,False,2,115529317.17624803
finite-mode-spin-boson-dephasing,spin_boson_08,3.612831551628262,class_II_linearly_invertible_without_CPTP_inverse,True,True,True,False,False,2,352963220.9542811
finite-mode-spin-boson-dephasing,spin_boson_08,3.7699111843077517,class_II_linearly_invertible_without_CPTP_inverse,True,True,True,False,False,2,1050053003.3324184
finite-mode-spin-boson-dephasing,spin_boson_08,3.9269908169872414,class_II_linearly_invertible_without_CPTP_inverse,True,True,True,False,False,2,3033371996.349053
finite-mode-spin-boson-dephasing,spin_boson_08,4.084070449666731,class_II_linearly_invertible_without_CPTP_inverse,True,True,True,False,False,2,8492102297.7676
finite-mode-spin-boson-dephasing,spin_boson_08,4.241150082346221,class_II_analytically_invertible_numerically_effectively_singular_without_CPTP_inverse,False,True,False,,False,2,
finite-mode-spin-boson-dephasing,spin_boson_08,4.39822971502571,class_II_analytically_invertible_numerically_effectively_singular_without_CPTP_inverse,False,True,False,,False,2,
finite-mode-spin-boson-dephasing,spin_boson_08,4.5553093477052,class_II_analytically_invertible_numerically_effectively_singular_without_CPTP_inverse,False,True,False,,False,2,
finite-mode-spin-boson-dephasing,spin_boson_08,4.71238898038469,class_II_analytically_invertible_numerically_effectively_singular_without_CPTP_inverse,False,True,False,,False,2,
finite-mode-spin-boson-dephasing,spin_boson_08,4.869468613064179,class_II_analytically_invertible_numerically_effectively_singular_without_CPTP_inverse,False,True,False,,False,2,
finite-mode-spin-boson-dephasing,spin_boson_08,5.026548245743669,class_II_analytically_invertible_numerically_effectively_singular_without_CPTP_inverse,False,True,False,,False,2,
finite-mode-spin-boson-dephasing,spin_boson_08,5.183627878423159,class_II_analytically_invertible_numerically_effectively_singular_without_CPTP_inverse,False,True,False,,False,2,
finite-mode-spin-boson-dephasing,spin_boson_08,5.340707511102648,class_II_analytically_invertible_numerically_effectively_singular_without_CPTP_inverse,False,True,False,,False,2,
finite-mode-spin-boson-dephasing,spin_boson_08,5.497787143782138,class_II_analytically_invertible_numerically_effectively_singular_without_CPTP_inverse,False,True,False,,False,2,
finite-mode-spin-boson-dephasing,spin_boson_08,5.654866776461628,class_II_analytically_invertible_numerically_effectively_singular_without_CPTP_inverse,False,True,False,,False,2,
finite-mode-spin-boson-dephasing,spin_boson_08,5.811946409141117,class_II_analytically_invertible_numerically_effectively_singular_without_CPTP_inverse,False,True,False,,False,2,
finite-mode-spin-boson-dephasing,spin_boson_08,5.969026041820607,class_II_analytically_invertible_numerically_effectively_singular_without_CPTP_inverse,False,True,False,,False,2,
finite-mode-spin-boson-dephasing,spin_boson_08,6.126105674500097,class_II_analytically_invertible_numerically_effectively_singular_without_CPTP_inverse,False,True,False,,False,2,
finite-mode-spin-boson-dephasing,spin_boson_08,6.283185307179586,class_II_analytically_invertible_numerically_effectively_singular_without_CPTP_inverse,False,True,False,,False,2,
finite-mode-spin-boson-dephasing,spin_boson_08,6.440264939859076,class_II_analytically_invertible_numerically_effectively_singular_without_CPTP_inverse,False,True,False,,False,2,
finite-mode-spin-boson-dephasing,spin_boson_08,6.5973445725385655,class_II_analytically_invertible_numerically_effectively_singular_without_CPTP_inverse,False,True,False,,False,2,
finite-mode-spin-boson-dephasing,spin_boson_08,6.754424205218055,class_II_analytically_invertible_numerically_effectively_singular_without_CPTP_inverse,False,True,False,,False,2,
finite-mode-spin-boson-dephasing,spin_boson_08,6.911503837897545,class_II_analytically_invertible_numerically_effectively_singular_without_CPTP_inverse,False,True,False,,False,2,
finite-mode-spin-boson-dephasing,spin_boson_08,7.0685834705770345,class_II_analytically_invertible_numerically_effectively_singular_without_CPTP_inverse,False,True,False,,False,2,
finite-mode-spin-boson-dephasing,spin_boson_08,7.225663103256524,class_II_analytically_invertible_numerically_effectively_singular_without_CPTP_inverse,False,True,False,,False,2,
finite-mode-spin-boson-dephasing,spin_boson_08,7.382742735936014,class_II_analytically_invertible_numerically_effectively_singular_without_CPTP_inverse,False,True,False,,False,2,
finite-mode-spin-boson-dephasing,spin_boson_08,7.5398223686155035,class_II_analytically_invertible_numerically_effectively_singular_without_CPTP_inverse,False,True,False,,False,2,
finite-mode-spin-boson-dephasing,spin_boson_08,7.696902001294993,class_II_analytically_invertible_numerically_effectively_singular_without_CPTP_inverse,False,True,False,,False,2,
finite-mode-spin-boson-dephasing,spin_boson_08,7.853981633974483,class_II_analytically_invertible_numerically_effectively_singular_without_CPTP_inverse,False,True,False,,False,2,
finite-mode-spin-boson-dephasing,spin_boson_08,8.011061266653972,class_II_analytically_invertible_numerically_effectively_singular_without_CPTP_inverse,False,True,False,,False,2,
finite-mode-spin-boson-dephasing,spin_boson_08,8.168140899333462,class_II_analytically_invertible_numerically_effectively_singular_without_CPTP_inverse,False,True,False,,False,2,
finite-mode-spin-boson-dephasing,spin_boson_08,8.325220532012953,class_II_analytically_invertible_numerically_effectively_singular_without_CPTP_inverse,False,True,False,,False,2,
finite-mode-spin-boson-dephasing,spin_boson_08,8.482300164692441,class_II_analytically_invertible_numerically_effectively_singular_without_CPTP_inverse,False,True,False,,False,2,
finite-mode-spin-boson-dephasing,spin_boson_08,8.63937979737193,class_II_analytically_invertible_numerically_effectively_singular_without_CPTP_inverse,False,True,False,,False,2,
finite-mode-spin-boson-dephasing,spin_boson_08,8.79645943005142,class_II_analytically_invertible_numerically_effectively_singular_without_CPTP_inverse,False,True,False,,False,2,
finite-mode-spin-boson-dephasing,spin_boson_08,8.953539062730911,class_II_analytically_invertible_numerically_effectively_singular_without_CPTP_inverse,False,True,False,,False,2,
finite-mode-spin-boson-dephasing,spin_boson_08,9.1106186954104,class_II_analytically_invertible_numerically_effectively_singular_without_CPTP_inverse,False,True,False,,False,2,
finite-mode-spin-boson-dephasing,spin_boson_08,9.267698328089889,class_II_analytically_invertible_numerically_effectively_singular_without_CPTP_inverse,False,True,False,,False,2,
finite-mode-spin-boson-dephasing,spin_boson_08,9.42477796076938,class_II_analytically_invertible_numerically_effectively_singular_without_CPTP_inverse,False,True,False,,False,2,
finite-mode-spin-boson-dephasing,spin_boson_08,9.58185759344887,class_II_analytically_invertible_numerically_effectively_singular_without_CPTP_inverse,False,True,False,,False,2,
finite-mode-spin-boson-dephasing,spin_boson_08,9.738937226128359,class_II_analytically_invertible_numerically_effectively_singular_without_CPTP_inverse,False,True,False,,False,2,
finite-mode-spin-boson-dephasing,spin_boson_08,9.896016858807847,class_II_analytically_invertible_numerically_effectively_singular_without_CPTP_inverse,False,True,False,,False,2,
finite-mode-spin-boson-dephasing,spin_boson_08,10.053096491487338,class_II_analytically_invertible_numerically_effectively_singular_without_CPTP_inverse,False,True,False,,False,2,
finite-mode-spin-boson-dephasing,spin_boson_08,10.210176124166829,class_II_analytically_invertible_numerically_effectively_singular_without_CPTP_inverse,False,True,False,,False,2,
finite-mode-spin-boson-dephasing,spin_boson_08,10.367255756846317,class_II_analytically_invertible_numerically_effectively_singular_without_CPTP_inverse,False,True,False,,False,2,
finite-mode-spin-boson-dephasing,spin_boson_08,10.524335389525806,class_II_analytically_invertible_numerically_effectively_singular_without_CPTP_inverse,False,True,False,,False,2,
finite-mode-spin-boson-dephasing,spin_boson_08,10.681415022205297,class_II_analytically_invertible_numerically_effectively_singular_without_CPTP_inverse,False,True,False,,False,2,
finite-mode-spin-boson-dephasing,spin_boson_08,10.838494654884787,class_II_analytically_invertible_numerically_effectively_singular_without_CPTP_inverse,False,True,False,,False,2,
finite-mode-spin-boson-dephasing,spin_boson_08,10.995574287564276,class_II_analytically_invertible_numerically_effectively_singular_without_CPTP_inverse,False,True,False,,False,2,
finite-mode-spin-boson-dephasing,spin_boson_08,11.152653920243765,class_II_analytically_invertible_numerically_effectively_singular_without_CPTP_inverse,False,True,False,,False,2,
finite-mode-spin-boson-dephasing,spin_boson_08,11.309733552923255,class_II_analytically_invertible_numerically_effectively_singular_without_CPTP_inverse,False,True,False,,False,2,
finite-mode-spin-boson-dephasing,spin_boson_08,11.466813185602746,class_II_analytically_invertible_numerically_effectively_singular_without_CPTP_inverse,False,True,False,,False,2,
finite-mode-spin-boson-dephasing,spin_boson_08,11.623892818282235,class_II_analytically_invertible_numerically_effectively_singular_without_CPTP_inverse,False,True,False,,False,2,
finite-mode-spin-boson-dephasing,spin_boson_08,11.780972450961723,class_II_analytically_invertible_numerically_effectively_singular_without_CPTP_inverse,False,True,False,,False,2,
finite-mode-spin-boson-dephasing,spin_boson_08,11.938052083641214,class_II_analytically_invertible_numerically_effectively_singular_without_CPTP_inverse,False,True,False,,False,2,
finite-mode-spin-boson-dephasing,spin_boson_08,12.095131716320704,class_II_analytically_invertible_numerically_effectively_singular_without_CPTP_inverse,False,True,False,,False,2,
finite-mode-spin-boson-dephasing,spin_boson_08,12.252211349000193,class_II_analytically_invertible_numerically_effectively_singular_without_CPTP_inverse,False,True,False,,False,2,
finite-mode-spin-boson-dephasing,spin_boson_08,12.409290981679682,class_II_analytically_invertible_numerically_effectively_singular_without_CPTP_inverse,False,True,False,,False,2,
finite-mode-spin-boson-dephasing,spin_boson_08,12.566370614359172,class_II_analytically_invertible_numerically_effectively_singular_without_CPTP_inverse,False,True,False,,False,2,
finite-mode-spin-boson-dephasing,spin_boson_09,0.0,class_I_direct_unitary_reversible,True,True,True,True,True,1,1.0
finite-mode-spin-boson-dephasing,spin_boson_09,0.15707963267948966,class_II_linearly_invertible_without_CPTP_inverse,True,True,True,False,False,2,1.1069303121812744
finite-mode-spin-boson-dephasing,spin_boson_09,0.3141592653589793,class_II_linearly_invertible_without_CPTP_inverse,True,True,True,False,False,2,1.4999461865556516
finite-mode-spin-boson-dephasing,spin_boson_09,0.47123889803846897,class_II_linearly_invertible_without_CPTP_inverse,True,True,True,False,False,2,2.481168621942482
finite-mode-spin-boson-dephasing,spin_boson_09,0.6283185307179586,class_II_linearly_invertible_without_CPTP_inverse,True,True,True,False,False,2,4.987315362814007
finite-mode-spin-boson-dephasing,spin_boson_09,0.7853981633974483,class_II_linearly_invertible_without_CPTP_inverse,True,True,True,False,False,2,12.1048165954736
finite-mode-spin-boson-dephasing,spin_boson_09,0.9424777960769379,class_II_linearly_invertible_without_CPTP_inverse,True,True,True,False,False,2,35.194167633833935
finite-mode-spin-boson-dephasing,spin_boson_09,1.0995574287564276,class_II_linearly_invertible_without_CPTP_inverse,True,True,True,False,False,2,121.41941712804609
finite-mode-spin-boson-dephasing,spin_boson_09,1.2566370614359172,class_II_linearly_invertible_without_CPTP_inverse,True,True,True,False,False,2,491.7021977463342
finite-mode-spin-boson-dephasing,spin_boson_09,1.413716694115407,class_II_linearly_invertible_without_CPTP_inverse,True,True,True,False,False,2,2309.32449421291
finite-mode-spin-boson-dephasing,spin_boson_09,1.5707963267948966,class_II_linearly_invertible_without_CPTP_inverse,True,True,True,False,False,2,12415.65932185385
finite-mode-spin-boson-dephasing,spin_boson_09,1.7278759594743862,class_II_linearly_invertible_without_CPTP_inverse,True,True,True,False,False,2,75359.3300674781
finite-mode-spin-boson-dephasing,spin_boson_09,1.8849555921538759,class_II_linearly_invertible_without_CPTP_inverse,True,True,True,False,False,2,508984.86878290685
finite-mode-spin-boson-dephasing,spin_boson_09,2.0420352248333655,class_II_linearly_invertible_without_CPTP_inverse,True,True,True,False,False,2,3768968.9491083133
finite-mode-spin-boson-dephasing,spin_boson_09,2.199114857512855,class_II_linearly_invertible_without_CPTP_inverse,True,True,True,False,False,2,30141487.728839185
finite-mode-spin-boson-dephasing,spin_boson_09,2.356194490192345,class_II_linearly_invertible_without_CPTP_inverse,True,True,True,False,False,2,256463045.52314797
finite-mode-spin-boson-dephasing,spin_boson_09,2.5132741228718345,class_II_linearly_invertible_without_CPTP_inverse,True,True,True,False,False,2,2287739921.89066
finite-mode-spin-boson-dephasing,spin_boson_09,2.670353755551324,class_II_analytically_invertible_numerically_effectively_singular_without_CPTP_inverse,False,True,False,,False,2,
finite-mode-spin-boson-dephasing,spin_boson_09,2.827433388230814,class_II_analytically_invertible_numerically_effectively_singular_without_CPTP_inverse,False,True,False,,False,2,
finite-mode-spin-boson-dephasing,spin_boson_09,2.9845130209103035,class_II_analytically_invertible_numerically_effectively_singular_without_CPTP_inverse,False,True,False,,False,2,
finite-mode-spin-boson-dephasing,spin_boson_09,3.141592653589793,class_II_analytically_invertible_numerically_effectively_singular_without_CPTP_inverse,False,True,False,,False,2,
finite-mode-spin-boson-dephasing,spin_boson_09,3.2986722862692828,class_II_analytically_invertible_numerically_effectively_singular_without_CPTP_inverse,False,True,False,,False,2,
finite-mode-spin-boson-dephasing,spin_boson_09,3.4557519189487724,class_II_analytically_invertible_numerically_effectively_singular_without_CPTP_inverse,False,True,False,,False,2,
finite-mode-spin-boson-dephasing,spin_boson_09,3.612831551628262,class_II_analytically_invertible_numerically_effectively_singular_without_CPTP_inverse,False,True,False,,False,2,
finite-mode-spin-boson-dephasing,spin_boson_09,3.7699111843077517,class_II_analytically_invertible_numerically_effectively_singular_without_CPTP_inverse,False,True,False,,False,2,
finite-mode-spin-boson-dephasing,spin_boson_09,3.9269908169872414,class_II_analytically_invertible_numerically_effectively_singular_without_CPTP_inverse,False,True,False,,False,2,
finite-mode-spin-boson-dephasing,spin_boson_09,4.084070449666731,class_II_analytically_invertible_numerically_effectively_singular_without_CPTP_inverse,False,True,False,,False,2,
finite-mode-spin-boson-dephasing,spin_boson_09,4.241150082346221,class_II_analytically_invertible_numerically_effectively_singular_without_CPTP_inverse,False,True,False,,False,2,
finite-mode-spin-boson-dephasing,spin_boson_09,4.39822971502571,class_II_analytically_invertible_numerically_effectively_singular_without_CPTP_inverse,False,True,False,,False,2,
finite-mode-spin-boson-dephasing,spin_boson_09,4.5553093477052,class_II_analytically_invertible_numerically_effectively_singular_without_CPTP_inverse,False,True,False,,False,2,
finite-mode-spin-boson-dephasing,spin_boson_09,4.71238898038469,class_II_analytically_invertible_numerically_effectively_singular_without_CPTP_inverse,False,True,False,,False,2,
finite-mode-spin-boson-dephasing,spin_boson_09,4.869468613064179,class_II_analytically_invertible_numerically_effectively_singular_without_CPTP_inverse,False,True,False,,False,2,
finite-mode-spin-boson-dephasing,spin_boson_09,5.026548245743669,class_II_analytically_invertible_numerically_effectively_singular_without_CPTP_inverse,False,True,False,,False,2,
finite-mode-spin-boson-dephasing,spin_boson_09,5.183627878423159,class_II_analytically_invertible_numerically_effectively_singular_without_CPTP_inverse,False,True,False,,False,2,
finite-mode-spin-boson-dephasing,spin_boson_09,5.340707511102648,class_II_analytically_invertible_numerically_effectively_singular_without_CPTP_inverse,False,True,False,,False,2,
finite-mode-spin-boson-dephasing,spin_boson_09,5.497787143782138,class_II_analytically_invertible_numerically_effectively_singular_without_CPTP_inverse,False,True,False,,False,2,
finite-mode-spin-boson-dephasing,spin_boson_09,5.654866776461628,class_II_analytically_invertible_numerically_effectively_singular_without_CPTP_inverse,False,True,False,,False,2,
finite-mode-spin-boson-dephasing,spin_boson_09,5.811946409141117,class_II_analytically_invertible_numerically_effectively_singular_without_CPTP_inverse,False,True,False,,False,2,
finite-mode-spin-boson-dephasing,spin_boson_09,5.969026041820607,class_II_analytically_invertible_numerically_effectively_singular_without_CPTP_inverse,False,True,False,,False,2,
finite-mode-spin-boson-dephasing,spin_boson_09,6.126105674500097,class_II_analytically_invertible_numerically_effectively_singular_without_CPTP_inverse,False,True,False,,False,2,
finite-mode-spin-boson-dephasing,spin_boson_09,6.283185307179586,class_II_analytically_invertible_numerically_effectively_singular_without_CPTP_inverse,False,True,False,,False,2,
finite-mode-spin-boson-dephasing,spin_boson_09,6.440264939859076,class_II_analytically_invertible_numerically_effectively_singular_without_CPTP_inverse,False,True,False,,False,2,
finite-mode-spin-boson-dephasing,spin_boson_09,6.5973445725385655,class_II_analytically_invertible_numerically_effectively_singular_without_CPTP_inverse,False,True,False,,False,2,
finite-mode-spin-boson-dephasing,spin_boson_09,6.754424205218055,class_II_analytically_invertible_numerically_effectively_singular_without_CPTP_inverse,False,True,False,,False,2,
finite-mode-spin-boson-dephasing,spin_boson_09,6.911503837897545,class_II_analytically_invertible_numerically_effectively_singular_without_CPTP_inverse,False,True,False,,False,2,
finite-mode-spin-boson-dephasing,spin_boson_09,7.0685834705770345,class_II_analytically_invertible_numerically_effectively_singular_without_CPTP_inverse,False,True,False,,False,2,
finite-mode-spin-boson-dephasing,spin_boson_09,7.225663103256524,class_II_analytically_invertible_numerically_effectively_singular_without_CPTP_inverse,False,True,False,,False,2,
finite-mode-spin-boson-dephasing,spin_boson_09,7.382742735936014,class_II_analytically_invertible_numerically_effectively_singular_without_CPTP_inverse,False,True,False,,False,2,
finite-mode-spin-boson-dephasing,spin_boson_09,7.5398223686155035,class_II_analytically_invertible_numerically_effectively_singular_without_CPTP_inverse,False,True,False,,False,2,
finite-mode-spin-boson-dephasing,spin_boson_09,7.696902001294993,class_II_analytically_invertible_numerically_effectively_singular_without_CPTP_inverse,False,True,False,,False,2,
finite-mode-spin-boson-dephasing,spin_boson_09,7.853981633974483,class_II_analytically_invertible_numerically_effectively_singular_without_CPTP_inverse,False,True,False,,False,2,
finite-mode-spin-boson-dephasing,spin_boson_09,8.011061266653972,class_II_analytically_invertible_numerically_effectively_singular_without_CPTP_inverse,False,True,False,,False,2,
finite-mode-spin-boson-dephasing,spin_boson_09,8.168140899333462,class_II_analytically_invertible_numerically_effectively_singular_without_CPTP_inverse,False,True,False,,False,2,
finite-mode-spin-boson-dephasing,spin_boson_09,8.325220532012953,class_II_analytically_invertible_numerically_effectively_singular_without_CPTP_inverse,False,True,False,,False,2,
finite-mode-spin-boson-dephasing,spin_boson_09,8.482300164692441,class_II_analytically_invertible_numerically_effectively_singular_without_CPTP_inverse,False,True,False,,False,2,
finite-mode-spin-boson-dephasing,spin_boson_09,8.63937979737193,class_II_analytically_invertible_numerically_effectively_singular_without_CPTP_inverse,False,True,False,,False,2,
finite-mode-spin-boson-dephasing,spin_boson_09,8.79645943005142,class_II_analytically_invertible_numerically_effectively_singular_without_CPTP_inverse,False,True,False,,False,2,
finite-mode-spin-boson-dephasing,spin_boson_09,8.953539062730911,class_II_analytically_invertible_numerically_effectively_singular_without_CPTP_inverse,False,True,False,,False,2,
finite-mode-spin-boson-dephasing,spin_boson_09,9.1106186954104,class_II_analytically_invertible_numerically_effectively_singular_without_CPTP_inverse,False,True,False,,False,2,
finite-mode-spin-boson-dephasing,spin_boson_09,9.267698328089889,class_II_analytically_invertible_numerically_effectively_singular_without_CPTP_inverse,False,True,False,,False,2,
finite-mode-spin-boson-dephasing,spin_boson_09,9.42477796076938,class_II_analytically_invertible_numerically_effectively_singular_without_CPTP_inverse,False,True,False,,False,2,
finite-mode-spin-boson-dephasing,spin_boson_09,9.58185759344887,class_II_analytically_invertible_numerically_effectively_singular_without_CPTP_inverse,False,True,False,,False,2,
finite-mode-spin-boson-dephasing,spin_boson_09,9.738937226128359,class_II_analytically_invertible_numerically_effectively_singular_without_CPTP_inverse,False,True,False,,False,2,
finite-mode-spin-boson-dephasing,spin_boson_09,9.896016858807847,class_II_analytically_invertible_numerically_effectively_singular_without_CPTP_inverse,False,True,False,,False,2,
finite-mode-spin-boson-dephasing,spin_boson_09,10.053096491487338,class_II_analytically_invertible_numerically_effectively_singular_without_CPTP_inverse,False,True,False,,False,2,
finite-mode-spin-boson-dephasing,spin_boson_09,10.210176124166829,class_II_analytically_invertible_numerically_effectively_singular_without_CPTP_inverse,False,True,False,,False,2,
finite-mode-spin-boson-dephasing,spin_boson_09,10.367255756846317,class_II_analytically_invertible_numerically_effectively_singular_without_CPTP_inverse,False,True,False,,False,2,
finite-mode-spin-boson-dephasing,spin_boson_09,10.524335389525806,class_II_analytically_invertible_numerically_effectively_singular_without_CPTP_inverse,False,True,False,,False,2,
finite-mode-spin-boson-dephasing,spin_boson_09,10.681415022205297,class_II_analytically_invertible_numerically_effectively_singular_without_CPTP_inverse,False,True,False,,False,2,
finite-mode-spin-boson-dephasing,spin_boson_09,10.838494654884787,class_II_analytically_invertible_numerically_effectively_singular_without_CPTP_inverse,False,True,False,,False,2,
finite-mode-spin-boson-dephasing,spin_boson_09,10.995574287564276,class_II_analytically_invertible_numerically_effectively_singular_without_CPTP_inverse,False,True,False,,False,2,
finite-mode-spin-boson-dephasing,spin_boson_09,11.152653920243765,class_II_analytically_invertible_numerically_effectively_singular_without_CPTP_inverse,False,True,False,,False,2,
finite-mode-spin-boson-dephasing,spin_boson_09,11.309733552923255,class_II_analytically_invertible_numerically_effectively_singular_without_CPTP_inverse,False,True,False,,False,2,
finite-mode-spin-boson-dephasing,spin_boson_09,11.466813185602746,class_II_analytically_invertible_numerically_effectively_singular_without_CPTP_inverse,False,True,False,,False,2,
finite-mode-spin-boson-dephasing,spin_boson_09,11.623892818282235,class_II_analytically_invertible_numerically_effectively_singular_without_CPTP_inverse,False,True,False,,False,2,
finite-mode-spin-boson-dephasing,spin_boson_09,11.780972450961723,class_II_analytically_invertible_numerically_effectively_singular_without_CPTP_inverse,False,True,False,,False,2,
finite-mode-spin-boson-dephasing,spin_boson_09,11.938052083641214,class_II_analytically_invertible_numerically_effectively_singular_without_CPTP_inverse,False,True,False,,False,2,
finite-mode-spin-boson-dephasing,spin_boson_09,12.095131716320704,class_II_analytically_invertible_numerically_effectively_singular_without_CPTP_inverse,False,True,False,,False,2,
finite-mode-spin-boson-dephasing,spin_boson_09,12.252211349000193,class_II_analytically_invertible_numerically_effectively_singular_without_CPTP_inverse,False,True,False,,False,2,
finite-mode-spin-boson-dephasing,spin_boson_09,12.409290981679682,class_II_analytically_invertible_numerically_effectively_singular_without_CPTP_inverse,False,True,False,,False,2,
finite-mode-spin-boson-dephasing,spin_boson_09,12.566370614359172,class_II_analytically_invertible_numerically_effectively_singular_without_CPTP_inverse,False,True,False,,False,2,
finite-mode-spin-boson-dephasing,spin_boson_10,0.0,class_I_direct_unitary_reversible,True,True,True,True,True,1,1.0
finite-mode-spin-boson-dephasing,spin_boson_10,0.15707963267948966,class_II_linearly_invertible_without_CPTP_inverse,True,True,True,False,False,2,1.1161441648312607
finite-mode-spin-boson-dephasing,spin_boson_10,0.3141592653589793,class_II_linearly_invertible_without_CPTP_inverse,True,True,True,False,False,2,1.5454090378953427
finite-mode-spin-boson-dephasing,spin_boson_10,0.47123889803846897,class_II_linearly_invertible_without_CPTP_inverse,True,True,True,False,False,2,2.6216480149751935
finite-mode-spin-boson-dephasing,spin_boson_10,0.6283185307179586,class_II_linearly_invertible_without_CPTP_inverse,True,True,True,False,False,2,5.342026565594583
finite-mode-spin-boson-dephasing,spin_boson_10,0.7853981633974483,class_II_linearly_invertible_without_CPTP_inverse,True,True,True,False,False,2,12.739903069805742
finite-mode-spin-boson-dephasing,spin_boson_10,0.9424777960769379,class_II_linearly_invertible_without_CPTP_inverse,True,True,True,False,False,2,34.492463003239855
finite-mode-spin-boson-dephasing,spin_boson_10,1.0995574287564276,class_II_linearly_invertible_without_CPTP_inverse,True,True,True,False,False,2,102.56679579219391
finite-mode-spin-boson-dephasing,spin_boson_10,1.2566370614359172,class_II_linearly_invertible_without_CPTP_inverse,True,True,True,False,False,2,323.8621727168473
finite-mode-spin-boson-dephasing,spin_boson_10,1.413716694115407,class_II_linearly_invertible_without_CPTP_inverse,True,True,True,False,False,2,1051.2332482026493
finite-mode-spin-boson-dephasing,spin_boson_10,1.5707963267948966,class_II_linearly_invertible_without_CPTP_inverse,True,True,True,False,False,2,3406.2753028589477
finite-mode-spin-boson-dephasing,spin_boson_10,1.7278759594743862,class_II_linearly_invertible_without_CPTP_inverse,True,True,True,False,False,2,10748.456615532054
finite-mode-spin-boson-dephasing,spin_boson_10,1.8849555921538759,class_II_linearly_invertible_without_CPTP_inverse,True,True,True,False,False,2,32404.520557949832
finite-mode-spin-boson-dephasing,spin_boson_10,2.0420352248333655,class_II_linearly_invertible_without_CPTP_inverse,True,True,True,False,False,2,92152.6155810778
finite-mode-spin-boson-dephasing,spin_boson_10,2.199114857512855,class_II_linearly_invertible_without_CPTP_inverse,True,True,True,False,False,2,245647.97667589484
finite-mode-spin-boson-dephasing,spin_boson_10,2.356194490192345,class_II_linearly_invertible_without_CPTP_inverse,True,True,True,False,False,2,613705.2409591225
finite-mode-spin-boson-dephasing,spin_boson_10,2.5132741228718345,class_II_linearly_invertible_without_CPTP_inverse,True,True,True,False,False,2,1444587.8506430686
finite-mode-spin-boson-dephasing,spin_boson_10,2.670353755551324,class_II_linearly_invertible_without_CPTP_inverse,True,True,True,False,False,2,3234844.937278676
finite-mode-spin-boson-dephasing,spin_boson_10,2.827433388230814,class_II_linearly_invertible_without_CPTP_inverse,True,True,True,False,False,2,6979046.480273637
finite-mode-spin-boson-dephasing,spin_boson_10,2.9845130209103035,class_II_linearly_invertible_without_CPTP_inverse,True,True,True,False,False,2,14715469.370261444
finite-mode-spin-boson-dephasing,spin_boson_10,3.141592653589793,class_II_linearly_invertible_without_CPTP_inverse,True,True,True,False,False,2,30765109.41447843
finite-mode-spin-boson-dephasing,spin_boson_10,3.2986722862692828,class_II_linearly_invertible_without_CPTP_inverse,True,True,True,False,False,2,64626757.036898606
finite-mode-spin-boson-dephasing,spin_boson_10,3.4557519189487724,class_II_linearly_invertible_without_CPTP_inverse,True,True,True,False,False,2,137914075.83878374
finite-mode-spin-boson-dephasing,spin_boson_10,3.612831551628262,class_II_linearly_invertible_without_CPTP_inverse,True,True,True,False,False,2,301351782.42410856
finite-mode-spin-boson-dephasing,spin_boson_10,3.7699111843077517,class_II_linearly_invertible_without_CPTP_inverse,True,True,True,False,False,2,677144641.4769464
finite-mode-spin-boson-dephasing,spin_boson_10,3.9269908169872414,class_II_linearly_invertible_without_CPTP_inverse,True,True,True,False,False,2,1565672440.2623208
finite-mode-spin-boson-dephasing,spin_boson_10,4.084070449666731,class_II_linearly_invertible_without_CPTP_inverse,True,True,True,False,False,2,3714467506.0321097
finite-mode-spin-boson-dephasing,spin_boson_10,4.241150082346221,class_II_linearly_invertible_without_CPTP_inverse,True,True,True,False,False,2,8989987922.86267
finite-mode-spin-boson-dephasing,spin_boson_10,4.39822971502571,class_II_analytically_invertible_numerically_effectively_singular_without_CPTP_inverse,False,True,False,,False,2,
finite-mode-spin-boson-dephasing,spin_boson_10,4.5553093477052,class_II_analytically_invertible_numerically_effectively_singular_without_CPTP_inverse,False,True,False,,False,2,
finite-mode-spin-boson-dephasing,spin_boson_10,4.71238898038469,class_II_analytically_invertible_numerically_effectively_singular_without_CPTP_inverse,False,True,False,,False,2,
finite-mode-spin-boson-dephasing,spin_boson_10,4.869468613064179,class_II_analytically_invertible_numerically_effectively_singular_without_CPTP_inverse,False,True,False,,False,2,
finite-mode-spin-boson-dephasing,spin_boson_10,5.026548245743669,class_II_analytically_invertible_numerically_effectively_singular_without_CPTP_inverse,False,True,False,,False,2,
finite-mode-spin-boson-dephasing,spin_boson_10,5.183627878423159,class_II_analytically_invertible_numerically_effectively_singular_without_CPTP_inverse,False,True,False,,False,2,
finite-mode-spin-boson-dephasing,spin_boson_10,5.340707511102648,class_II_analytically_invertible_numerically_effectively_singular_without_CPTP_inverse,False,True,False,,False,2,
finite-mode-spin-boson-dephasing,spin_boson_10,5.497787143782138,class_II_analytically_invertible_numerically_effectively_singular_without_CPTP_inverse,False,True,False,,False,2,
finite-mode-spin-boson-dephasing,spin_boson_10,5.654866776461628,class_II_analytically_invertible_numerically_effectively_singular_without_CPTP_inverse,False,True,False,,False,2,
finite-mode-spin-boson-dephasing,spin_boson_10,5.811946409141117,class_II_analytically_invertible_numerically_effectively_singular_without_CPTP_inverse,False,True,False,,False,2,
finite-mode-spin-boson-dephasing,spin_boson_10,5.969026041820607,class_II_analytically_invertible_numerically_effectively_singular_without_CPTP_inverse,False,True,False,,False,2,
finite-mode-spin-boson-dephasing,spin_boson_10,6.126105674500097,class_II_analytically_invertible_numerically_effectively_singular_without_CPTP_inverse,False,True,False,,False,2,
finite-mode-spin-boson-dephasing,spin_boson_10,6.283185307179586,class_II_analytically_invertible_numerically_effectively_singular_without_CPTP_inverse,False,True,False,,False,2,
finite-mode-spin-boson-dephasing,spin_boson_10,6.440264939859076,class_II_analytically_invertible_numerically_effectively_singular_without_CPTP_inverse,False,True,False,,False,2,
finite-mode-spin-boson-dephasing,spin_boson_10,6.5973445725385655,class_II_analytically_invertible_numerically_effectively_singular_without_CPTP_inverse,False,True,False,,False,2,
finite-mode-spin-boson-dephasing,spin_boson_10,6.754424205218055,class_II_analytically_invertible_numerically_effectively_singular_without_CPTP_inverse,False,True,False,,False,2,
finite-mode-spin-boson-dephasing,spin_boson_10,6.911503837897545,class_II_analytically_invertible_numerically_effectively_singular_without_CPTP_inverse,False,True,False,,False,2,
finite-mode-spin-boson-dephasing,spin_boson_10,7.0685834705770345,class_II_analytically_invertible_numerically_effectively_singular_without_CPTP_inverse,False,True,False,,False,2,
finite-mode-spin-boson-dephasing,spin_boson_10,7.225663103256524,class_II_analytically_invertible_numerically_effectively_singular_without_CPTP_inverse,False,True,False,,False,2,
finite-mode-spin-boson-dephasing,spin_boson_10,7.382742735936014,class_II_analytically_invertible_numerically_effectively_singular_without_CPTP_inverse,False,True,False,,False,2,
finite-mode-spin-boson-dephasing,spin_boson_10,7.5398223686155035,class_II_analytically_invertible_numerically_effectively_singular_without_CPTP_inverse,False,True,False,,False,2,
finite-mode-spin-boson-dephasing,spin_boson_10,7.696902001294993,class_II_analytically_invertible_numerically_effectively_singular_without_CPTP_inverse,False,True,False,,False,2,
finite-mode-spin-boson-dephasing,spin_boson_10,7.853981633974483,class_II_analytically_invertible_numerically_effectively_singular_without_CPTP_inverse,False,True,False,,False,2,
finite-mode-spin-boson-dephasing,spin_boson_10,8.011061266653972,class_II_analytically_invertible_numerically_effectively_singular_without_CPTP_inverse,False,True,False,,False,2,
finite-mode-spin-boson-dephasing,spin_boson_10,8.168140899333462,class_II_analytically_invertible_numerically_effectively_singular_without_CPTP_inverse,False,True,False,,False,2,
finite-mode-spin-boson-dephasing,spin_boson_10,8.325220532012953,class_II_analytically_invertible_numerically_effectively_singular_without_CPTP_inverse,False,True,False,,False,2,
finite-mode-spin-boson-dephasing,spin_boson_10,8.482300164692441,class_II_analytically_invertible_numerically_effectively_singular_without_CPTP_inverse,False,True,False,,False,2,
finite-mode-spin-boson-dephasing,spin_boson_10,8.63937979737193,class_II_analytically_invertible_numerically_effectively_singular_without_CPTP_inverse,False,True,False,,False,2,
finite-mode-spin-boson-dephasing,spin_boson_10,8.79645943005142,class_II_analytically_invertible_numerically_effectively_singular_without_CPTP_inverse,False,True,False,,False,2,
finite-mode-spin-boson-dephasing,spin_boson_10,8.953539062730911,class_II_analytically_invertible_numerically_effectively_singular_without_CPTP_inverse,False,True,False,,False,2,
finite-mode-spin-boson-dephasing,spin_boson_10,9.1106186954104,class_II_analytically_invertible_numerically_effectively_singular_without_CPTP_inverse,False,True,False,,False,2,
finite-mode-spin-boson-dephasing,spin_boson_10,9.267698328089889,class_II_analytically_invertible_numerically_effectively_singular_without_CPTP_inverse,False,True,False,,False,2,
finite-mode-spin-boson-dephasing,spin_boson_10,9.42477796076938,class_II_analytically_invertible_numerically_effectively_singular_without_CPTP_inverse,False,True,False,,False,2,
finite-mode-spin-boson-dephasing,spin_boson_10,9.58185759344887,class_II_analytically_invertible_numerically_effectively_singular_without_CPTP_inverse,False,True,False,,False,2,
finite-mode-spin-boson-dephasing,spin_boson_10,9.738937226128359,class_II_analytically_invertible_numerically_effectively_singular_without_CPTP_inverse,False,True,False,,False,2,
finite-mode-spin-boson-dephasing,spin_boson_10,9.896016858807847,class_II_analytically_invertible_numerically_effectively_singular_without_CPTP_inverse,False,True,False,,False,2,
finite-mode-spin-boson-dephasing,spin_boson_10,10.053096491487338,class_II_analytically_invertible_numerically_effectively_singular_without_CPTP_inverse,False,True,False,,False,2,
finite-mode-spin-boson-dephasing,spin_boson_10,10.210176124166829,class_II_analytically_invertible_numerically_effectively_singular_without_CPTP_inverse,False,True,False,,False,2,
finite-mode-spin-boson-dephasing,spin_boson_10,10.367255756846317,class_II_analytically_invertible_numerically_effectively_singular_without_CPTP_inverse,False,True,False,,False,2,
finite-mode-spin-boson-dephasing,spin_boson_10,10.524335389525806,class_II_analytically_invertible_numerically_effectively_singular_without_CPTP_inverse,False,True,False,,False,2,
finite-mode-spin-boson-dephasing,spin_boson_10,10.681415022205297,class_II_analytically_invertible_numerically_effectively_singular_without_CPTP_inverse,False,True,False,,False,2,
finite-mode-spin-boson-dephasing,spin_boson_10,10.838494654884787,class_II_analytically_invertible_numerically_effectively_singular_without_CPTP_inverse,False,True,False,,False,2,
finite-mode-spin-boson-dephasing,spin_boson_10,10.995574287564276,class_II_analytically_invertible_numerically_effectively_singular_without_CPTP_inverse,False,True,False,,False,2,
finite-mode-spin-boson-dephasing,spin_boson_10,11.152653920243765,class_II_analytically_invertible_numerically_effectively_singular_without_CPTP_inverse,False,True,False,,False,2,
finite-mode-spin-boson-dephasing,spin_boson_10,11.309733552923255,class_II_analytically_invertible_numerically_effectively_singular_without_CPTP_inverse,False,True,False,,False,2,
finite-mode-spin-boson-dephasing,spin_boson_10,11.466813185602746,class_II_analytically_invertible_numerically_effectively_singular_without_CPTP_inverse,False,True,False,,False,2,
finite-mode-spin-boson-dephasing,spin_boson_10,11.623892818282235,class_II_analytically_invertible_numerically_effectively_singular_without_CPTP_inverse,False,True,False,,False,2,
finite-mode-spin-boson-dephasing,spin_boson_10,11.780972450961723,class_II_analytically_invertible_numerically_effectively_singular_without_CPTP_inverse,False,True,False,,False,2,
finite-mode-spin-boson-dephasing,spin_boson_10,11.938052083641214,class_II_analytically_invertible_numerically_effectively_singular_without_CPTP_inverse,False,True,False,,False,2,
finite-mode-spin-boson-dephasing,spin_boson_10,12.095131716320704,class_II_analytically_invertible_numerically_effectively_singular_without_CPTP_inverse,False,True,False,,False,2,
finite-mode-spin-boson-dephasing,spin_boson_10,12.252211349000193,class_II_analytically_invertible_numerically_effectively_singular_without_CPTP_inverse,False,True,False,,False,2,
finite-mode-spin-boson-dephasing,spin_boson_10,12.409290981679682,class_II_analytically_invertible_numerically_effectively_singular_without_CPTP_inverse,False,True,False,,False,2,
finite-mode-spin-boson-dephasing,spin_boson_10,12.566370614359172,class_II_analytically_invertible_numerically_effectively_singular_without_CPTP_inverse,False,True,False,,False,2,
finite-mode-spin-boson-dephasing,spin_boson_11,0.0,class_I_direct_unitary_reversible,True,True,True,True,True,1,1.0
finite-mode-spin-boson-dephasing,spin_boson_11,0.15707963267948966,class_II_linearly_invertible_without_CPTP_inverse,True,True,True,False,False,2,1.224722901947886
finite-mode-spin-boson-dephasing,spin_boson_11,0.3141592653589793,class_II_linearly_invertible_without_CPTP_inverse,True,True,True,False,False,2,2.2332298051956068
finite-mode-spin-boson-dephasing,spin_boson_11,0.47123889803846897,class_II_linearly_invertible_without_CPTP_inverse,True,True,True,False,False,2,5.9324672467561275
finite-mode-spin-boson-dephasing,spin_boson_11,0.6283185307179586,class_II_linearly_invertible_without_CPTP_inverse,True,True,True,False,False,2,22.174359015455632
finite-mode-spin-boson-dephasing,spin_boson_11,0.7853981633974483,class_II_linearly_invertible_without_CPTP_inverse,True,True,True,False,False,2,111.42557750291054
finite-mode-spin-boson-dephasing,spin_boson_11,0.9424777960769379,class_II_linearly_invertible_without_CPTP_inverse,True,True,True,False,False,2,713.4317548145814
finite-mode-spin-boson-dephasing,spin_boson_11,1.0995574287564276,class_II_linearly_invertible_without_CPTP_inverse,True,True,True,False,False,2,5490.126382158876
finite-mode-spin-boson-dephasing,spin_boson_11,1.2566370614359172,class_II_linearly_invertible_without_CPTP_inverse,True,True,True,False,False,2,47830.324662877545
finite-mode-spin-boson-dephasing,spin_boson_11,1.413716694115407,class_II_linearly_invertible_without_CPTP_inverse,True,True,True,False,False,2,445256.48445071356
finite-mode-spin-boson-dephasing,spin_boson_11,1.5707963267948966,class_II_linearly_invertible_without_CPTP_inverse,True,True,True,False,False,2,4201521.814557448
finite-mode-spin-boson-dephasing,spin_boson_11,1.7278759594743862,class_II_linearly_invertible_without_CPTP_inverse,True,True,True,False,False,2,38417827.2806092
finite-mode-spin-boson-dephasing,spin_boson_11,1.8849555921538759,class_II_linearly_invertible_without_CPTP_inverse,True,True,True,False,False,2,328554806.4765263
finite-mode-spin-boson-dephasing,spin_boson_11,2.0420352248333655,class_II_linearly_invertible_without_CPTP_inverse,True,True,True,False,False,2,2564109651.264033
finite-mode-spin-boson-dephasing,spin_boson_11,2.199114857512855,class_II_analytically_invertible_numerically_effectively_singular_without_CPTP_inverse,False,True,False,,False,2,
finite-mode-spin-boson-dephasing,spin_boson_11,2.356194490192345,class_II_analytically_invertible_numerically_effectively_singular_without_CPTP_inverse,False,True,False,,False,2,
finite-mode-spin-boson-dephasing,spin_boson_11,2.5132741228718345,class_II_analytically_invertible_numerically_effectively_singular_without_CPTP_inverse,False,True,False,,False,2,
finite-mode-spin-boson-dephasing,spin_boson_11,2.670353755551324,class_II_analytically_invertible_numerically_effectively_singular_without_CPTP_inverse,False,True,False,,False,2,
finite-mode-spin-boson-dephasing,spin_boson_11,2.827433388230814,class_II_analytically_invertible_numerically_effectively_singular_without_CPTP_inverse,False,True,False,,False,2,
finite-mode-spin-boson-dephasing,spin_boson_11,2.9845130209103035,class_II_analytically_invertible_numerically_effectively_singular_without_CPTP_inverse,False,True,False,,False,2,
finite-mode-spin-boson-dephasing,spin_boson_11,3.141592653589793,class_II_analytically_invertible_numerically_effectively_singular_without_CPTP_inverse,False,True,False,,False,2,
finite-mode-spin-boson-dephasing,spin_boson_11,3.2986722862692828,class_II_analytically_invertible_numerically_effectively_singular_without_CPTP_inverse,False,True,False,,False,2,
finite-mode-spin-boson-dephasing,spin_boson_11,3.4557519189487724,class_II_analytically_invertible_numerically_effectively_singular_without_CPTP_inverse,False,True,False,,False,2,
finite-mode-spin-boson-dephasing,spin_boson_11,3.612831551628262,class_II_analytically_invertible_numerically_effectively_singular_without_CPTP_inverse,False,True,False,,False,2,
finite-mode-spin-boson-dephasing,spin_boson_11,3.7699111843077517,class_II_analytically_invertible_numerically_effectively_singular_without_CPTP_inverse,False,True,False,,False,2,
finite-mode-spin-boson-dephasing,spin_boson_11,3.9269908169872414,class_II_analytically_invertible_numerically_effectively_singular_without_CPTP_inverse,False,True,False,,False,2,
finite-mode-spin-boson-dephasing,spin_boson_11,4.084070449666731,class_II_analytically_invertible_numerically_effectively_singular_without_CPTP_inverse,False,True,False,,False,2,
finite-mode-spin-boson-dephasing,spin_boson_11,4.241150082346221,class_II_analytically_invertible_numerically_effectively_singular_without_CPTP_inverse,False,True,False,,False,2,
finite-mode-spin-boson-dephasing,spin_boson_11,4.39822971502571,class_II_analytically_invertible_numerically_effectively_singular_without_CPTP_inverse,False,True,False,,False,2,
finite-mode-spin-boson-dephasing,spin_boson_11,4.5553093477052,class_II_analytically_invertible_numerically_effectively_singular_without_CPTP_inverse,False,True,False,,False,2,
finite-mode-spin-boson-dephasing,spin_boson_11,4.71238898038469,class_II_analytically_invertible_numerically_effectively_singular_without_CPTP_inverse,False,True,False,,False,2,
finite-mode-spin-boson-dephasing,spin_boson_11,4.869468613064179,class_II_analytically_invertible_numerically_effectively_singular_without_CPTP_inverse,False,True,False,,False,2,
finite-mode-spin-boson-dephasing,spin_boson_11,5.026548245743669,class_II_analytically_invertible_numerically_effectively_singular_without_CPTP_inverse,False,True,False,,False,2,
finite-mode-spin-boson-dephasing,spin_boson_11,5.183627878423159,class_II_analytically_invertible_numerically_effectively_singular_without_CPTP_inverse,False,True,False,,False,2,
finite-mode-spin-boson-dephasing,spin_boson_11,5.340707511102648,class_II_analytically_invertible_numerically_effectively_singular_without_CPTP_inverse,False,True,False,,False,2,
finite-mode-spin-boson-dephasing,spin_boson_11,5.497787143782138,class_II_analytically_invertible_numerically_effectively_singular_without_CPTP_inverse,False,True,False,,False,2,
finite-mode-spin-boson-dephasing,spin_boson_11,5.654866776461628,class_II_analytically_invertible_numerically_effectively_singular_without_CPTP_inverse,False,True,False,,False,2,
finite-mode-spin-boson-dephasing,spin_boson_11,5.811946409141117,class_II_analytically_invertible_numerically_effectively_singular_without_CPTP_inverse,False,True,False,,False,2,
finite-mode-spin-boson-dephasing,spin_boson_11,5.969026041820607,class_II_analytically_invertible_numerically_effectively_singular_without_CPTP_inverse,False,True,False,,False,2,
finite-mode-spin-boson-dephasing,spin_boson_11,6.126105674500097,class_II_analytically_invertible_numerically_effectively_singular_without_CPTP_inverse,False,True,False,,False,2,
finite-mode-spin-boson-dephasing,spin_boson_11,6.283185307179586,class_II_analytically_invertible_numerically_effectively_singular_without_CPTP_inverse,False,True,False,,False,2,
finite-mode-spin-boson-dephasing,spin_boson_11,6.440264939859076,class_II_analytically_invertible_numerically_effectively_singular_without_CPTP_inverse,False,True,False,,False,2,
finite-mode-spin-boson-dephasing,spin_boson_11,6.5973445725385655,class_II_analytically_invertible_numerically_effectively_singular_without_CPTP_inverse,False,True,False,,False,2,
finite-mode-spin-boson-dephasing,spin_boson_11,6.754424205218055,class_II_analytically_invertible_numerically_effectively_singular_without_CPTP_inverse,False,True,False,,False,2,
finite-mode-spin-boson-dephasing,spin_boson_11,6.911503837897545,class_II_analytically_invertible_numerically_effectively_singular_without_CPTP_inverse,False,True,False,,False,2,
finite-mode-spin-boson-dephasing,spin_boson_11,7.0685834705770345,class_II_analytically_invertible_numerically_effectively_singular_without_CPTP_inverse,False,True,False,,False,2,
finite-mode-spin-boson-dephasing,spin_boson_11,7.225663103256524,class_II_analytically_invertible_numerically_effectively_singular_without_CPTP_inverse,False,True,False,,False,2,
finite-mode-spin-boson-dephasing,spin_boson_11,7.382742735936014,class_II_analytically_invertible_numerically_effectively_singular_without_CPTP_inverse,False,True,False,,False,2,
finite-mode-spin-boson-dephasing,spin_boson_11,7.5398223686155035,class_II_analytically_invertible_numerically_effectively_singular_without_CPTP_inverse,False,True,False,,False,2,
finite-mode-spin-boson-dephasing,spin_boson_11,7.696902001294993,class_II_analytically_invertible_numerically_effectively_singular_without_CPTP_inverse,False,True,False,,False,2,
finite-mode-spin-boson-dephasing,spin_boson_11,7.853981633974483,class_II_analytically_invertible_numerically_effectively_singular_without_CPTP_inverse,False,True,False,,False,2,
finite-mode-spin-boson-dephasing,spin_boson_11,8.011061266653972,class_II_analytically_invertible_numerically_effectively_singular_without_CPTP_inverse,False,True,False,,False,2,
finite-mode-spin-boson-dephasing,spin_boson_11,8.168140899333462,class_II_analytically_invertible_numerically_effectively_singular_without_CPTP_inverse,False,True,False,,False,2,
finite-mode-spin-boson-dephasing,spin_boson_11,8.325220532012953,class_II_analytically_invertible_numerically_effectively_singular_without_CPTP_inverse,False,True,False,,False,2,
finite-mode-spin-boson-dephasing,spin_boson_11,8.482300164692441,class_II_analytically_invertible_numerically_effectively_singular_without_CPTP_inverse,False,True,False,,False,2,
finite-mode-spin-boson-dephasing,spin_boson_11,8.63937979737193,class_II_analytically_invertible_numerically_effectively_singular_without_CPTP_inverse,False,True,False,,False,2,
finite-mode-spin-boson-dephasing,spin_boson_11,8.79645943005142,class_II_analytically_invertible_numerically_effectively_singular_without_CPTP_inverse,False,True,False,,False,2,
finite-mode-spin-boson-dephasing,spin_boson_11,8.953539062730911,class_II_analytically_invertible_numerically_effectively_singular_without_CPTP_inverse,False,True,False,,False,2,
finite-mode-spin-boson-dephasing,spin_boson_11,9.1106186954104,class_II_analytically_invertible_numerically_effectively_singular_without_CPTP_inverse,False,True,False,,False,2,
finite-mode-spin-boson-dephasing,spin_boson_11,9.267698328089889,class_II_analytically_invertible_numerically_effectively_singular_without_CPTP_inverse,False,True,False,,False,2,
finite-mode-spin-boson-dephasing,spin_boson_11,9.42477796076938,class_II_analytically_invertible_numerically_effectively_singular_without_CPTP_inverse,False,True,False,,False,2,
finite-mode-spin-boson-dephasing,spin_boson_11,9.58185759344887,class_II_analytically_invertible_numerically_effectively_singular_without_CPTP_inverse,False,True,False,,False,2,
finite-mode-spin-boson-dephasing,spin_boson_11,9.738937226128359,class_II_analytically_invertible_numerically_effectively_singular_without_CPTP_inverse,False,True,False,,False,2,
finite-mode-spin-boson-dephasing,spin_boson_11,9.896016858807847,class_II_analytically_invertible_numerically_effectively_singular_without_CPTP_inverse,False,True,False,,False,2,
finite-mode-spin-boson-dephasing,spin_boson_11,10.053096491487338,class_II_analytically_invertible_numerically_effectively_singular_without_CPTP_inverse,False,True,False,,False,2,
finite-mode-spin-boson-dephasing,spin_boson_11,10.210176124166829,class_II_analytically_invertible_numerically_effectively_singular_without_CPTP_inverse,False,True,False,,False,2,
finite-mode-spin-boson-dephasing,spin_boson_11,10.367255756846317,class_II_analytically_invertible_numerically_effectively_singular_without_CPTP_inverse,False,True,False,,False,2,
finite-mode-spin-boson-dephasing,spin_boson_11,10.524335389525806,class_II_analytically_invertible_numerically_effectively_singular_without_CPTP_inverse,False,True,False,,False,2,
finite-mode-spin-boson-dephasing,spin_boson_11,10.681415022205297,class_II_analytically_invertible_numerically_effectively_singular_without_CPTP_inverse,False,True,False,,False,2,
finite-mode-spin-boson-dephasing,spin_boson_11,10.838494654884787,class_II_analytically_invertible_numerically_effectively_singular_without_CPTP_inverse,False,True,False,,False,2,
finite-mode-spin-boson-dephasing,spin_boson_11,10.995574287564276,class_II_analytically_invertible_numerically_effectively_singular_without_CPTP_inverse,False,True,False,,False,2,
finite-mode-spin-boson-dephasing,spin_boson_11,11.152653920243765,class_II_analytically_invertible_numerically_effectively_singular_without_CPTP_inverse,False,True,False,,False,2,
finite-mode-spin-boson-dephasing,spin_boson_11,11.309733552923255,class_II_analytically_invertible_numerically_effectively_singular_without_CPTP_inverse,False,True,False,,False,2,
finite-mode-spin-boson-dephasing,spin_boson_11,11.466813185602746,class_II_analytically_invertible_numerically_effectively_singular_without_CPTP_inverse,False,True,False,,False,2,
finite-mode-spin-boson-dephasing,spin_boson_11,11.623892818282235,class_II_analytically_invertible_numerically_effectively_singular_without_CPTP_inverse,False,True,False,,False,2,
finite-mode-spin-boson-dephasing,spin_boson_11,11.780972450961723,class_II_analytically_invertible_numerically_effectively_singular_without_CPTP_inverse,False,True,False,,False,2,
finite-mode-spin-boson-dephasing,spin_boson_11,11.938052083641214,class_II_analytically_invertible_numerically_effectively_singular_without_CPTP_inverse,False,True,False,,False,2,
finite-mode-spin-boson-dephasing,spin_boson_11,12.095131716320704,class_II_analytically_invertible_numerically_effectively_singular_without_CPTP_inverse,False,True,False,,False,2,
finite-mode-spin-boson-dephasing,spin_boson_11,12.252211349000193,class_II_analytically_invertible_numerically_effectively_singular_without_CPTP_inverse,False,True,False,,False,2,
finite-mode-spin-boson-dephasing,spin_boson_11,12.409290981679682,class_II_analytically_invertible_numerically_effectively_singular_without_CPTP_inverse,False,True,False,,False,2,
finite-mode-spin-boson-dephasing,spin_boson_11,12.566370614359172,class_II_analytically_invertible_numerically_effectively_singular_without_CPTP_inverse,False,True,False,,False,2,
finite-mode-spin-boson-dephasing,spin_boson_12,0.0,class_I_direct_unitary_reversible,True,True,True,True,True,1,1.0
finite-mode-spin-boson-dephasing,spin_boson_12,0.15707963267948966,class_II_linearly_invertible_without_CPTP_inverse,True,True,True,False,False,2,1.0562296381255711
finite-mode-spin-boson-dephasing,spin_boson_12,0.3141592653589793,class_II_linearly_invertible_without_CPTP_inverse,True,True,True,False,False,2,1.2439947223119805
finite-mode-spin-boson-dephasing,spin_boson_12,0.47123889803846897,class_II_linearly_invertible_without_CPTP_inverse,True,True,True,False,False,2,1.6313205306059573
finite-mode-spin-boson-dephasing,spin_boson_12,0.6283185307179586,class_II_linearly_invertible_without_CPTP_inverse,True,True,True,False,False,2,2.376089974519941
finite-mode-spin-boson-dephasing,spin_boson_12,0.7853981633974483,class_II_linearly_invertible_without_CPTP_inverse,True,True,True,False,False,2,3.8311691391266827
finite-mode-spin-boson-dephasing,spin_boson_12,0.9424777960769379,class_II_linearly_invertible_without_CPTP_inverse,True,True,True,False,False,2,6.809400879208229
finite-mode-spin-boson-dephasing,spin_boson_12,1.0995574287564276,class_II_linearly_invertible_without_CPTP_inverse,True,True,True,False,False,2,13.274256849632085
finite-mode-spin-boson-dephasing,spin_boson_12,1.2566370614359172,class_II_linearly_invertible_without_CPTP_inverse,True,True,True,False,False,2,28.218473533642662
finite-mode-spin-boson-dephasing,spin_boson_12,1.413716694115407,class_II_linearly_invertible_without_CPTP_inverse,True,True,True,False,False,2,64.9977912143366
finite-mode-spin-boson-dephasing,spin_boson_12,1.5707963267948966,class_II_linearly_invertible_without_CPTP_inverse,True,True,True,False,False,2,161.09743257622532
finite-mode-spin-boson-dephasing,spin_boson_12,1.7278759594743862,class_II_linearly_invertible_without_CPTP_inverse,True,True,True,False,False,2,426.4764782001147
finite-mode-spin-boson-dephasing,spin_boson_12,1.8849555921538759,class_II_linearly_invertible_without_CPTP_inverse,True,True,True,False,False,2,1196.644615834088
finite-mode-spin-boson-dephasing,spin_boson_12,2.0420352248333655,class_II_linearly_invertible_without_CPTP_inverse,True,True,True,False,False,2,3530.617898386509
finite-mode-spin-boson-dephasing,spin_boson_12,2.199114857512855,class_II_linearly_invertible_without_CPTP_inverse,True,True,True,False,False,2,10865.696426213157
finite-mode-spin-boson-dephasing,spin_boson_12,2.356194490192345,class_II_linearly_invertible_without_CPTP_inverse,True,True,True,False,False,2,34601.515816427025
finite-mode-spin-boson-dephasing,spin_boson_12,2.5132741228718345,class_II_linearly_invertible_without_CPTP_inverse,True,True,True,False,False,2,113116.14141980851
finite-mode-spin-boson-dephasing,spin_boson_12,2.670353755551324,class_II_linearly_invertible_without_CPTP_inverse,True,True,True,False,False,2,376708.47330417123
finite-mode-spin-boson-dephasing,spin_boson_12,2.827433388230814,class_II_linearly_invertible_without_CPTP_inverse,True,True,True,False,False,2,1268641.9360814178
finite-mode-spin-boson-dephasing,spin_boson_12,2.9845130209103035,class_II_linearly_invertible_without_CPTP_inverse,True,True,True,False,False,2,4290517.143088193
finite-mode-spin-boson-dephasing,spin_boson_12,3.141592653589793,class_II_linearly_invertible_without_CPTP_inverse,True,True,True,False,False,2,14478384.78375802
finite-mode-spin-boson-dephasing,spin_boson_12,3.2986722862692828,class_II_linearly_invertible_without_CPTP_inverse,True,True,True,False,False,2,48464561.19597405
finite-mode-spin-boson-dephasing,spin_boson_12,3.4557519189487724,class_II_linearly_invertible_without_CPTP_inverse,True,True,True,False,False,2,160086082.61796486
finite-mode-spin-boson-dephasing,spin_boson_12,3.612831551628262,class_II_linearly_invertible_without_CPTP_inverse,True,True,True,False,False,2,519443627.728633
finite-mode-spin-boson-dephasing,spin_boson_12,3.7699111843077517,class_II_linearly_invertible_without_CPTP_inverse,True,True,True,False,False,2,1649391971.56322
finite-mode-spin-boson-dephasing,spin_boson_12,3.9269908169872414,class_II_linearly_invertible_without_CPTP_inverse,True,True,True,False,False,2,5109521132.534025
finite-mode-spin-boson-dephasing,spin_boson_12,4.084070449666731,class_II_analytically_invertible_numerically_effectively_singular_without_CPTP_inverse,False,True,False,,False,2,
finite-mode-spin-boson-dephasing,spin_boson_12,4.241150082346221,class_II_analytically_invertible_numerically_effectively_singular_without_CPTP_inverse,False,True,False,,False,2,
finite-mode-spin-boson-dephasing,spin_boson_12,4.39822971502571,class_II_analytically_invertible_numerically_effectively_singular_without_CPTP_inverse,False,True,False,,False,2,
finite-mode-spin-boson-dephasing,spin_boson_12,4.5553093477052,class_II_analytically_invertible_numerically_effectively_singular_without_CPTP_inverse,False,True,False,,False,2,
finite-mode-spin-boson-dephasing,spin_boson_12,4.71238898038469,class_II_analytically_invertible_numerically_effectively_singular_without_CPTP_inverse,False,True,False,,False,2,
finite-mode-spin-boson-dephasing,spin_boson_12,4.869468613064179,class_II_analytically_invertible_numerically_effectively_singular_without_CPTP_inverse,False,True,False,,False,2,
finite-mode-spin-boson-dephasing,spin_boson_12,5.026548245743669,class_II_analytically_invertible_numerically_effectively_singular_without_CPTP_inverse,False,True,False,,False,2,
finite-mode-spin-boson-dephasing,spin_boson_12,5.183627878423159,class_II_analytically_invertible_numerically_effectively_singular_without_CPTP_inverse,False,True,False,,False,2,
finite-mode-spin-boson-dephasing,spin_boson_12,5.340707511102648,class_II_analytically_invertible_numerically_effectively_singular_without_CPTP_inverse,False,True,False,,False,2,
finite-mode-spin-boson-dephasing,spin_boson_12,5.497787143782138,class_II_analytically_invertible_numerically_effectively_singular_without_CPTP_inverse,False,True,False,,False,2,
finite-mode-spin-boson-dephasing,spin_boson_12,5.654866776461628,class_II_analytically_invertible_numerically_effectively_singular_without_CPTP_inverse,False,True,False,,False,2,
finite-mode-spin-boson-dephasing,spin_boson_12,5.811946409141117,class_II_analytically_invertible_numerically_effectively_singular_without_CPTP_inverse,False,True,False,,False,2,
finite-mode-spin-boson-dephasing,spin_boson_12,5.969026041820607,class_II_analytically_invertible_numerically_effectively_singular_without_CPTP_inverse,False,True,False,,False,2,
finite-mode-spin-boson-dephasing,spin_boson_12,6.126105674500097,class_II_analytically_invertible_numerically_effectively_singular_without_CPTP_inverse,False,True,False,,False,2,
finite-mode-spin-boson-dephasing,spin_boson_12,6.283185307179586,class_II_analytically_invertible_numerically_effectively_singular_without_CPTP_inverse,False,True,False,,False,2,
finite-mode-spin-boson-dephasing,spin_boson_12,6.440264939859076,class_II_analytically_invertible_numerically_effectively_singular_without_CPTP_inverse,False,True,False,,False,2,
finite-mode-spin-boson-dephasing,spin_boson_12,6.5973445725385655,class_II_analytically_invertible_numerically_effectively_singular_without_CPTP_inverse,False,True,False,,False,2,
finite-mode-spin-boson-dephasing,spin_boson_12,6.754424205218055,class_II_analytically_invertible_numerically_effectively_singular_without_CPTP_inverse,False,True,False,,False,2,
finite-mode-spin-boson-dephasing,spin_boson_12,6.911503837897545,class_II_analytically_invertible_numerically_effectively_singular_without_CPTP_inverse,False,True,False,,False,2,
finite-mode-spin-boson-dephasing,spin_boson_12,7.0685834705770345,class_II_analytically_invertible_numerically_effectively_singular_without_CPTP_inverse,False,True,False,,False,2,
finite-mode-spin-boson-dephasing,spin_boson_12,7.225663103256524,class_II_analytically_invertible_numerically_effectively_singular_without_CPTP_inverse,False,True,False,,False,2,
finite-mode-spin-boson-dephasing,spin_boson_12,7.382742735936014,class_II_analytically_invertible_numerically_effectively_singular_without_CPTP_inverse,False,True,False,,False,2,
finite-mode-spin-boson-dephasing,spin_boson_12,7.5398223686155035,class_II_analytically_invertible_numerically_effectively_singular_without_CPTP_inverse,False,True,False,,False,2,
finite-mode-spin-boson-dephasing,spin_boson_12,7.696902001294993,class_II_analytically_invertible_numerically_effectively_singular_without_CPTP_inverse,False,True,False,,False,2,
finite-mode-spin-boson-dephasing,spin_boson_12,7.853981633974483,class_II_analytically_invertible_numerically_effectively_singular_without_CPTP_inverse,False,True,False,,False,2,
finite-mode-spin-boson-dephasing,spin_boson_12,8.011061266653972,class_II_analytically_invertible_numerically_effectively_singular_without_CPTP_inverse,False,True,False,,False,2,
finite-mode-spin-boson-dephasing,spin_boson_12,8.168140899333462,class_II_analytically_invertible_numerically_effectively_singular_without_CPTP_inverse,False,True,False,,False,2,
finite-mode-spin-boson-dephasing,spin_boson_12,8.325220532012953,class_II_analytically_invertible_numerically_effectively_singular_without_CPTP_inverse,False,True,False,,False,2,
finite-mode-spin-boson-dephasing,spin_boson_12,8.482300164692441,class_II_analytically_invertible_numerically_effectively_singular_without_CPTP_inverse,False,True,False,,False,2,
finite-mode-spin-boson-dephasing,spin_boson_12,8.63937979737193,class_II_analytically_invertible_numerically_effectively_singular_without_CPTP_inverse,False,True,False,,False,2,
finite-mode-spin-boson-dephasing,spin_boson_12,8.79645943005142,class_II_analytically_invertible_numerically_effectively_singular_without_CPTP_inverse,False,True,False,,False,2,
finite-mode-spin-boson-dephasing,spin_boson_12,8.953539062730911,class_II_analytically_invertible_numerically_effectively_singular_without_CPTP_inverse,False,True,False,,False,2,
finite-mode-spin-boson-dephasing,spin_boson_12,9.1106186954104,class_II_analytically_invertible_numerically_effectively_singular_without_CPTP_inverse,False,True,False,,False,2,
finite-mode-spin-boson-dephasing,spin_boson_12,9.267698328089889,class_II_analytically_invertible_numerically_effectively_singular_without_CPTP_inverse,False,True,False,,False,2,
finite-mode-spin-boson-dephasing,spin_boson_12,9.42477796076938,class_II_analytically_invertible_numerically_effectively_singular_without_CPTP_inverse,False,True,False,,False,2,
finite-mode-spin-boson-dephasing,spin_boson_12,9.58185759344887,class_II_analytically_invertible_numerically_effectively_singular_without_CPTP_inverse,False,True,False,,False,2,
finite-mode-spin-boson-dephasing,spin_boson_12,9.738937226128359,class_II_analytically_invertible_numerically_effectively_singular_without_CPTP_inverse,False,True,False,,False,2,
finite-mode-spin-boson-dephasing,spin_boson_12,9.896016858807847,class_II_analytically_invertible_numerically_effectively_singular_without_CPTP_inverse,False,True,False,,False,2,
finite-mode-spin-boson-dephasing,spin_boson_12,10.053096491487338,class_II_analytically_invertible_numerically_effectively_singular_without_CPTP_inverse,False,True,False,,False,2,
finite-mode-spin-boson-dephasing,spin_boson_12,10.210176124166829,class_II_analytically_invertible_numerically_effectively_singular_without_CPTP_inverse,False,True,False,,False,2,
finite-mode-spin-boson-dephasing,spin_boson_12,10.367255756846317,class_II_analytically_invertible_numerically_effectively_singular_without_CPTP_inverse,False,True,False,,False,2,
finite-mode-spin-boson-dephasing,spin_boson_12,10.524335389525806,class_II_analytically_invertible_numerically_effectively_singular_without_CPTP_inverse,False,True,False,,False,2,
finite-mode-spin-boson-dephasing,spin_boson_12,10.681415022205297,class_II_analytically_invertible_numerically_effectively_singular_without_CPTP_inverse,False,True,False,,False,2,
finite-mode-spin-boson-dephasing,spin_boson_12,10.838494654884787,class_II_analytically_invertible_numerically_effectively_singular_without_CPTP_inverse,False,True,False,,False,2,
finite-mode-spin-boson-dephasing,spin_boson_12,10.995574287564276,class_II_analytically_invertible_numerically_effectively_singular_without_CPTP_inverse,False,True,False,,False,2,
finite-mode-spin-boson-dephasing,spin_boson_12,11.152653920243765,class_II_analytically_invertible_numerically_effectively_singular_without_CPTP_inverse,False,True,False,,False,2,
finite-mode-spin-boson-dephasing,spin_boson_12,11.309733552923255,class_II_analytically_invertible_numerically_effectively_singular_without_CPTP_inverse,False,True,False,,False,2,
finite-mode-spin-boson-dephasing,spin_boson_12,11.466813185602746,class_II_analytically_invertible_numerically_effectively_singular_without_CPTP_inverse,False,True,False,,False,2,
finite-mode-spin-boson-dephasing,spin_boson_12,11.623892818282235,class_II_analytically_invertible_numerically_effectively_singular_without_CPTP_inverse,False,True,False,,False,2,
finite-mode-spin-boson-dephasing,spin_boson_12,11.780972450961723,class_II_analytically_invertible_numerically_effectively_singular_without_CPTP_inverse,False,True,False,,False,2,
finite-mode-spin-boson-dephasing,spin_boson_12,11.938052083641214,class_II_analytically_invertible_numerically_effectively_singular_without_CPTP_inverse,False,True,False,,False,2,
finite-mode-spin-boson-dephasing,spin_boson_12,12.095131716320704,class_II_analytically_invertible_numerically_effectively_singular_without_CPTP_inverse,False,True,False,,False,2,
finite-mode-spin-boson-dephasing,spin_boson_12,12.252211349000193,class_II_analytically_invertible_numerically_effectively_singular_without_CPTP_inverse,False,True,False,,False,2,
finite-mode-spin-boson-dephasing,spin_boson_12,12.409290981679682,class_II_analytically_invertible_numerically_effectively_singular_without_CPTP_inverse,False,True,False,,False,2,
finite-mode-spin-boson-dephasing,spin_boson_12,12.566370614359172,class_II_analytically_invertible_numerically_effectively_singular_without_CPTP_inverse,False,True,False,,False,2,
finite-mode-spin-boson-dephasing,spin_boson_13,0.0,class_I_direct_unitary_reversible,True,True,True,True,True,1,1.0
finite-mode-spin-boson-dephasing,spin_boson_13,0.15707963267948966,class_II_linearly_invertible_without_CPTP_inverse,True,True,True,False,False,2,1.106720900462748
finite-mode-spin-boson-dephasing,spin_boson_13,0.3141592653589793,class_II_linearly_invertible_without_CPTP_inverse,True,True,True,False,False,2,1.4989062058591567
finite-mode-spin-boson-dephasing,spin_boson_13,0.47123889803846897,class_II_linearly_invertible_without_CPTP_inverse,True,True,True,False,False,2,2.477882986645957
finite-mode-spin-boson-dephasing,spin_boson_13,0.6283185307179586,class_II_linearly_invertible_without_CPTP_inverse,True,True,True,False,False,2,4.978467618815324
finite-mode-spin-boson-dephasing,spin_boson_13,0.7853981633974483,class_II_linearly_invertible_without_CPTP_inverse,True,True,True,False,False,2,12.085165923045182
finite-mode-spin-boson-dephasing,spin_boson_13,0.9424777960769379,class_II_linearly_invertible_without_CPTP_inverse,True,True,True,False,False,2,35.18184554314819
finite-mode-spin-boson-dephasing,spin_boson_13,1.0995574287564276,class_II_linearly_invertible_without_CPTP_inverse,True,True,True,False,False,2,121.7426493165545
finite-mode-spin-boson-dephasing,spin_boson_13,1.2566370614359172,class_II_linearly_invertible_without_CPTP_inverse,True,True,True,False,False,2,495.693878761949
finite-mode-spin-boson-dephasing,spin_boson_13,1.413716694115407,class_II_linearly_invertible_without_CPTP_inverse,True,True,True,False,False,2,2348.14266543197
finite-mode-spin-boson-dephasing,spin_boson_13,1.5707963267948966,class_II_linearly_invertible_without_CPTP_inverse,True,True,True,False,False,2,12783.390500515963
finite-mode-spin-boson-dephasing,spin_boson_13,1.7278759594743862,class_II_linearly_invertible_without_CPTP_inverse,True,True,True,False,False,2,78941.18411431933
finite-mode-spin-boson-dephasing,spin_boson_13,1.8849555921538759,class_II_linearly_invertible_without_CPTP_inverse,True,True,True,False,False,2,545455.4222155064
finite-mode-spin-boson-dephasing,spin_boson_13,2.0420352248333655,class_II_linearly_invertible_without_CPTP_inverse,True,True,True,False,False,2,4158112.7425723583
finite-mode-spin-boson-dephasing,spin_boson_13,2.199114857512855,class_II_linearly_invertible_without_CPTP_inverse,True,True,True,False,False,2,34475064.40489472
finite-mode-spin-boson-dephasing,spin_boson_13,2.356194490192345,class_II_linearly_invertible_without_CPTP_inverse,True,True,True,False,False,2,306456605.74141055
finite-mode-spin-boson-dephasing,spin_boson_13,2.5132741228718345,class_II_linearly_invertible_without_CPTP_inverse,True,True,True,False,False,2,2879702813.9355717
finite-mode-spin-boson-dephasing,spin_boson_13,2.670353755551324,class_II_analytically_invertible_numerically_effectively_singular_without_CPTP_inverse,False,True,False,,False,2,
finite-mode-spin-boson-dephasing,spin_boson_13,2.827433388230814,class_II_analytically_invertible_numerically_effectively_singular_without_CPTP_inverse,False,True,False,,False,2,
finite-mode-spin-boson-dephasing,spin_boson_13,2.9845130209103035,class_II_analytically_invertible_numerically_effectively_singular_without_CPTP_inverse,False,True,False,,False,2,
finite-mode-spin-boson-dephasing,spin_boson_13,3.141592653589793,class_II_analytically_invertible_numerically_effectively_singular_without_CPTP_inverse,False,True,False,,False,2,
finite-mode-spin-boson-dephasing,spin_boson_13,3.2986722862692828,class_II_analytically_invertible_numerically_effectively_singular_without_CPTP_inverse,False,True,False,,False,2,
finite-mode-spin-boson-dephasing,spin_boson_13,3.4557519189487724,class_II_analytically_invertible_numerically_effectively_singular_without_CPTP_inverse,False,True,False,,False,2,
finite-mode-spin-boson-dephasing,spin_boson_13,3.612831551628262,class_II_analytically_invertible_numerically_effectively_singular_without_CPTP_inverse,False,True,False,,False,2,
finite-mode-spin-boson-dephasing,spin_boson_13,3.7699111843077517,class_II_analytically_invertible_numerically_effectively_singular_without_CPTP_inverse,False,True,False,,False,2,
finite-mode-spin-boson-dephasing,spin_boson_13,3.9269908169872414,class_II_analytically_invertible_numerically_effectively_singular_without_CPTP_inverse,False,True,False,,False,2,
finite-mode-spin-boson-dephasing,spin_boson_13,4.084070449666731,class_II_analytically_invertible_numerically_effectively_singular_without_CPTP_inverse,False,True,False,,False,2,
finite-mode-spin-boson-dephasing,spin_boson_13,4.241150082346221,class_II_analytically_invertible_numerically_effectively_singular_without_CPTP_inverse,False,True,False,,False,2,
finite-mode-spin-boson-dephasing,spin_boson_13,4.39822971502571,class_II_analytically_invertible_numerically_effectively_singular_without_CPTP_inverse,False,True,False,,False,2,
finite-mode-spin-boson-dephasing,spin_boson_13,4.5553093477052,class_II_analytically_invertible_numerically_effectively_singular_without_CPTP_inverse,False,True,False,,False,2,
finite-mode-spin-boson-dephasing,spin_boson_13,4.71238898038469,class_II_analytically_invertible_numerically_effectively_singular_without_CPTP_inverse,False,True,False,,False,2,
finite-mode-spin-boson-dephasing,spin_boson_13,4.869468613064179,class_II_analytically_invertible_numerically_effectively_singular_without_CPTP_inverse,False,True,False,,False,2,
finite-mode-spin-boson-dephasing,spin_boson_13,5.026548245743669,class_II_analytically_invertible_numerically_effectively_singular_without_CPTP_inverse,False,True,False,,False,2,
finite-mode-spin-boson-dephasing,spin_boson_13,5.183627878423159,class_II_analytically_invertible_numerically_effectively_singular_without_CPTP_inverse,False,True,False,,False,2,
finite-mode-spin-boson-dephasing,spin_boson_13,5.340707511102648,class_II_analytically_invertible_numerically_effectively_singular_without_CPTP_inverse,False,True,False,,False,2,
finite-mode-spin-boson-dephasing,spin_boson_13,5.497787143782138,class_II_analytically_invertible_numerically_effectively_singular_without_CPTP_inverse,False,True,False,,False,2,
finite-mode-spin-boson-dephasing,spin_boson_13,5.654866776461628,class_II_analytically_invertible_numerically_effectively_singular_without_CPTP_inverse,False,True,False,,False,2,
finite-mode-spin-boson-dephasing,spin_boson_13,5.811946409141117,class_II_analytically_invertible_numerically_effectively_singular_without_CPTP_inverse,False,True,False,,False,2,
finite-mode-spin-boson-dephasing,spin_boson_13,5.969026041820607,class_II_analytically_invertible_numerically_effectively_singular_without_CPTP_inverse,False,True,False,,False,2,
finite-mode-spin-boson-dephasing,spin_boson_13,6.126105674500097,class_II_analytically_invertible_numerically_effectively_singular_without_CPTP_inverse,False,True,False,,False,2,
finite-mode-spin-boson-dephasing,spin_boson_13,6.283185307179586,class_II_analytically_invertible_numerically_effectively_singular_without_CPTP_inverse,False,True,False,,False,2,
finite-mode-spin-boson-dephasing,spin_boson_13,6.440264939859076,class_II_analytically_invertible_numerically_effectively_singular_without_CPTP_inverse,False,True,False,,False,2,
finite-mode-spin-boson-dephasing,spin_boson_13,6.5973445725385655,class_II_analytically_invertible_numerically_effectively_singular_without_CPTP_inverse,False,True,False,,False,2,
finite-mode-spin-boson-dephasing,spin_boson_13,6.754424205218055,class_II_analytically_invertible_numerically_effectively_singular_without_CPTP_inverse,False,True,False,,False,2,
finite-mode-spin-boson-dephasing,spin_boson_13,6.911503837897545,class_II_analytically_invertible_numerically_effectively_singular_without_CPTP_inverse,False,True,False,,False,2,
finite-mode-spin-boson-dephasing,spin_boson_13,7.0685834705770345,class_II_analytically_invertible_numerically_effectively_singular_without_CPTP_inverse,False,True,False,,False,2,
finite-mode-spin-boson-dephasing,spin_boson_13,7.225663103256524,class_II_analytically_invertible_numerically_effectively_singular_without_CPTP_inverse,False,True,False,,False,2,
finite-mode-spin-boson-dephasing,spin_boson_13,7.382742735936014,class_II_analytically_invertible_numerically_effectively_singular_without_CPTP_inverse,False,True,False,,False,2,
finite-mode-spin-boson-dephasing,spin_boson_13,7.5398223686155035,class_II_analytically_invertible_numerically_effectively_singular_without_CPTP_inverse,False,True,False,,False,2,
finite-mode-spin-boson-dephasing,spin_boson_13,7.696902001294993,class_II_analytically_invertible_numerically_effectively_singular_without_CPTP_inverse,False,True,False,,False,2,
finite-mode-spin-boson-dephasing,spin_boson_13,7.853981633974483,class_II_analytically_invertible_numerically_effectively_singular_without_CPTP_inverse,False,True,False,,False,2,
finite-mode-spin-boson-dephasing,spin_boson_13,8.011061266653972,class_II_analytically_invertible_numerically_effectively_singular_without_CPTP_inverse,False,True,False,,False,2,
finite-mode-spin-boson-dephasing,spin_boson_13,8.168140899333462,class_II_analytically_invertible_numerically_effectively_singular_without_CPTP_inverse,False,True,False,,False,2,
finite-mode-spin-boson-dephasing,spin_boson_13,8.325220532012953,class_II_analytically_invertible_numerically_effectively_singular_without_CPTP_inverse,False,True,False,,False,2,
finite-mode-spin-boson-dephasing,spin_boson_13,8.482300164692441,class_II_analytically_invertible_numerically_effectively_singular_without_CPTP_inverse,False,True,False,,False,2,
finite-mode-spin-boson-dephasing,spin_boson_13,8.63937979737193,class_II_analytically_invertible_numerically_effectively_singular_without_CPTP_inverse,False,True,False,,False,2,
finite-mode-spin-boson-dephasing,spin_boson_13,8.79645943005142,class_II_analytically_invertible_numerically_effectively_singular_without_CPTP_inverse,False,True,False,,False,2,
finite-mode-spin-boson-dephasing,spin_boson_13,8.953539062730911,class_II_analytically_invertible_numerically_effectively_singular_without_CPTP_inverse,False,True,False,,False,2,
finite-mode-spin-boson-dephasing,spin_boson_13,9.1106186954104,class_II_analytically_invertible_numerically_effectively_singular_without_CPTP_inverse,False,True,False,,False,2,
finite-mode-spin-boson-dephasing,spin_boson_13,9.267698328089889,class_II_analytically_invertible_numerically_effectively_singular_without_CPTP_inverse,False,True,False,,False,2,
finite-mode-spin-boson-dephasing,spin_boson_13,9.42477796076938,class_II_analytically_invertible_numerically_effectively_singular_without_CPTP_inverse,False,True,False,,False,2,
finite-mode-spin-boson-dephasing,spin_boson_13,9.58185759344887,class_II_analytically_invertible_numerically_effectively_singular_without_CPTP_inverse,False,True,False,,False,2,
finite-mode-spin-boson-dephasing,spin_boson_13,9.738937226128359,class_II_analytically_invertible_numerically_effectively_singular_without_CPTP_inverse,False,True,False,,False,2,
finite-mode-spin-boson-dephasing,spin_boson_13,9.896016858807847,class_II_analytically_invertible_numerically_effectively_singular_without_CPTP_inverse,False,True,False,,False,2,
finite-mode-spin-boson-dephasing,spin_boson_13,10.053096491487338,class_II_analytically_invertible_numerically_effectively_singular_without_CPTP_inverse,False,True,False,,False,2,
finite-mode-spin-boson-dephasing,spin_boson_13,10.210176124166829,class_II_analytically_invertible_numerically_effectively_singular_without_CPTP_inverse,False,True,False,,False,2,
finite-mode-spin-boson-dephasing,spin_boson_13,10.367255756846317,class_II_analytically_invertible_numerically_effectively_singular_without_CPTP_inverse,False,True,False,,False,2,
finite-mode-spin-boson-dephasing,spin_boson_13,10.524335389525806,class_II_analytically_invertible_numerically_effectively_singular_without_CPTP_inverse,False,True,False,,False,2,
finite-mode-spin-boson-dephasing,spin_boson_13,10.681415022205297,class_II_analytically_invertible_numerically_effectively_singular_without_CPTP_inverse,False,True,False,,False,2,
finite-mode-spin-boson-dephasing,spin_boson_13,10.838494654884787,class_II_analytically_invertible_numerically_effectively_singular_without_CPTP_inverse,False,True,False,,False,2,
finite-mode-spin-boson-dephasing,spin_boson_13,10.995574287564276,class_II_analytically_invertible_numerically_effectively_singular_without_CPTP_inverse,False,True,False,,False,2,
finite-mode-spin-boson-dephasing,spin_boson_13,11.152653920243765,class_II_analytically_invertible_numerically_effectively_singular_without_CPTP_inverse,False,True,False,,False,2,
finite-mode-spin-boson-dephasing,spin_boson_13,11.309733552923255,class_II_analytically_invertible_numerically_effectively_singular_without_CPTP_inverse,False,True,False,,False,2,
finite-mode-spin-boson-dephasing,spin_boson_13,11.466813185602746,class_II_analytically_invertible_numerically_effectively_singular_without_CPTP_inverse,False,True,False,,False,2,
finite-mode-spin-boson-dephasing,spin_boson_13,11.623892818282235,class_II_analytically_invertible_numerically_effectively_singular_without_CPTP_inverse,False,True,False,,False,2,
finite-mode-spin-boson-dephasing,spin_boson_13,11.780972450961723,class_II_analytically_invertible_numerically_effectively_singular_without_CPTP_inverse,False,True,False,,False,2,
finite-mode-spin-boson-dephasing,spin_boson_13,11.938052083641214,class_II_analytically_invertible_numerically_effectively_singular_without_CPTP_inverse,False,True,False,,False,2,
finite-mode-spin-boson-dephasing,spin_boson_13,12.095131716320704,class_II_analytically_invertible_numerically_effectively_singular_without_CPTP_inverse,False,True,False,,False,2,
finite-mode-spin-boson-dephasing,spin_boson_13,12.252211349000193,class_II_analytically_invertible_numerically_effectively_singular_without_CPTP_inverse,False,True,False,,False,2,
finite-mode-spin-boson-dephasing,spin_boson_13,12.409290981679682,class_II_analytically_invertible_numerically_effectively_singular_without_CPTP_inverse,False,True,False,,False,2,
finite-mode-spin-boson-dephasing,spin_boson_13,12.566370614359172,class_II_analytically_invertible_numerically_effectively_singular_without_CPTP_inverse,False,True,False,,False,2,
finite-mode-spin-boson-dephasing,spin_boson_14,0.0,class_I_direct_unitary_reversible,True,True,True,True,True,1,1.0
finite-mode-spin-boson-dephasing,spin_boson_14,0.15707963267948966,class_II_linearly_invertible_without_CPTP_inverse,True,True,True,False,False,2,1.1153451135464667
finite-mode-spin-boson-dephasing,spin_boson_14,0.3141592653589793,class_II_linearly_invertible_without_CPTP_inverse,True,True,True,False,False,2,1.5414570946088455
finite-mode-spin-boson-dephasing,spin_boson_14,0.47123889803846897,class_II_linearly_invertible_without_CPTP_inverse,True,True,True,False,False,2,2.6094828758219952
finite-mode-spin-boson-dephasing,spin_boson_14,0.6283185307179586,class_II_linearly_invertible_without_CPTP_inverse,True,True,True,False,False,2,5.312106317991277
finite-mode-spin-boson-dephasing,spin_boson_14,0.7853981633974483,class_II_linearly_invertible_without_CPTP_inverse,True,True,True,False,False,2,12.692416341115822
finite-mode-spin-boson-dephasing,spin_boson_14,0.9424777960769379,class_II_linearly_invertible_without_CPTP_inverse,True,True,True,False,False,2,34.59255145019033
finite-mode-spin-boson-dephasing,spin_boson_14,1.0995574287564276,class_II_linearly_invertible_without_CPTP_inverse,True,True,True,False,False,2,104.23865130646409
finite-mode-spin-boson-dephasing,spin_boson_14,1.2566370614359172,class_II_linearly_invertible_without_CPTP_inverse,True,True,True,False,False,2,336.3274318575059
finite-mode-spin-boson-dephasing,spin_boson_14,1.413716694115407,class_II_linearly_invertible_without_CPTP_inverse,True,True,True,False,False,2,1126.3400623662037
finite-mode-spin-boson-dephasing,spin_boson_14,1.5707963267948966,class_II_linearly_invertible_without_CPTP_inverse,True,True,True,False,False,2,3805.0472777215114
finite-mode-spin-boson-dephasing,spin_boson_14,1.7278759594743862,class_II_linearly_invertible_without_CPTP_inverse,True,True,True,False,False,2,12652.512823581306
finite-mode-spin-boson-dephasing,spin_boson_14,1.8849555921538759,class_II_linearly_invertible_without_CPTP_inverse,True,True,True,False,False,2,40612.70864543905
finite-mode-spin-boson-dephasing,spin_boson_14,2.0420352248333655,class_II_linearly_invertible_without_CPTP_inverse,True,True,True,False,False,2,124122.95685537226
finite-mode-spin-boson-dephasing,spin_boson_14,2.199114857512855,class_II_linearly_invertible_without_CPTP_inverse,True,True,True,False,False,2,358417.2412408028
finite-mode-spin-boson-dephasing,spin_boson_14,2.356194490192345,class_II_linearly_invertible_without_CPTP_inverse,True,True,True,False,False,2,975992.380625298
finite-mode-spin-boson-dephasing,spin_boson_14,2.5132741228718345,class_II_linearly_invertible_without_CPTP_inverse,True,True,True,False,False,2,2514721.3653167943
finite-mode-spin-boson-dephasing,spin_boson_14,2.670353755551324,class_II_linearly_invertible_without_CPTP_inverse,True,True,True,False,False,2,6178622.14870878
finite-mode-spin-boson-dephasing,spin_boson_14,2.827433388230814,class_II_linearly_invertible_without_CPTP_inverse,True,True,True,False,False,2,14636646.127216136
finite-mode-spin-boson-dephasing,spin_boson_14,2.9845130209103035,class_II_linearly_invertible_without_CPTP_inverse,True,True,True,False,False,2,33868333.453943565
finite-mode-spin-boson-dephasing,spin_boson_14,3.141592653589793,class_II_linearly_invertible_without_CPTP_inverse,True,True,True,False,False,2,77606130.31219037
finite-mode-spin-boson-dephasing,spin_boson_14,3.2986722862692828,class_II_linearly_invertible_without_CPTP_inverse,True,True,True,False,False,2,178420855.3527057
finite-mode-spin-boson-dephasing,spin_boson_14,3.4557519189487724,class_II_linearly_invertible_without_CPTP_inverse,True,True,True,False,False,2,416307084.0310221
finite-mode-spin-boson-dephasing,spin_boson_14,3.612831551628262,class_II_linearly_invertible_without_CPTP_inverse,True,True,True,False,False,2,994649721.6727515
finite-mode-spin-boson-dephasing,spin_boson_14,3.7699111843077517,class_II_linearly_invertible_without_CPTP_inverse,True,True,True,False,False,2,2447548302.0705585
finite-mode-spin-boson-dephasing,spin_boson_14,3.9269908169872414,class_II_linearly_invertible_without_CPTP_inverse,True,True,True,False,False,2,6217925104.026265
finite-mode-spin-boson-dephasing,spin_boson_14,4.084070449666731,class_II_analytically_invertible_numerically_effectively_singular_without_CPTP_inverse,False,True,False,,False,2,
finite-mode-spin-boson-dephasing,spin_boson_14,4.241150082346221,class_II_analytically_invertible_numerically_effectively_singular_without_CPTP_inverse,False,True,False,,False,2,
finite-mode-spin-boson-dephasing,spin_boson_14,4.39822971502571,class_II_analytically_invertible_numerically_effectively_singular_without_CPTP_inverse,False,True,False,,False,2,
finite-mode-spin-boson-dephasing,spin_boson_14,4.5553093477052,class_II_analytically_invertible_numerically_effectively_singular_without_CPTP_inverse,False,True,False,,False,2,
finite-mode-spin-boson-dephasing,spin_boson_14,4.71238898038469,class_II_analytically_invertible_numerically_effectively_singular_without_CPTP_inverse,False,True,False,,False,2,
finite-mode-spin-boson-dephasing,spin_boson_14,4.869468613064179,class_II_analytically_invertible_numerically_effectively_singular_without_CPTP_inverse,False,True,False,,False,2,
finite-mode-spin-boson-dephasing,spin_boson_14,5.026548245743669,class_II_analytically_invertible_numerically_effectively_singular_without_CPTP_inverse,False,True,False,,False,2,
finite-mode-spin-boson-dephasing,spin_boson_14,5.183627878423159,class_II_analytically_invertible_numerically_effectively_singular_without_CPTP_inverse,False,True,False,,False,2,
finite-mode-spin-boson-dephasing,spin_boson_14,5.340707511102648,class_II_analytically_invertible_numerically_effectively_singular_without_CPTP_inverse,False,True,False,,False,2,
finite-mode-spin-boson-dephasing,spin_boson_14,5.497787143782138,class_II_analytically_invertible_numerically_effectively_singular_without_CPTP_inverse,False,True,False,,False,2,
finite-mode-spin-boson-dephasing,spin_boson_14,5.654866776461628,class_II_analytically_invertible_numerically_effectively_singular_without_CPTP_inverse,False,True,False,,False,2,
finite-mode-spin-boson-dephasing,spin_boson_14,5.811946409141117,class_II_analytically_invertible_numerically_effectively_singular_without_CPTP_inverse,False,True,False,,False,2,
finite-mode-spin-boson-dephasing,spin_boson_14,5.969026041820607,class_II_analytically_invertible_numerically_effectively_singular_without_CPTP_inverse,False,True,False,,False,2,
finite-mode-spin-boson-dephasing,spin_boson_14,6.126105674500097,class_II_analytically_invertible_numerically_effectively_singular_without_CPTP_inverse,False,True,False,,False,2,
finite-mode-spin-boson-dephasing,spin_boson_14,6.283185307179586,class_II_analytically_invertible_numerically_effectively_singular_without_CPTP_inverse,False,True,False,,False,2,
finite-mode-spin-boson-dephasing,spin_boson_14,6.440264939859076,class_II_analytically_invertible_numerically_effectively_singular_without_CPTP_inverse,False,True,False,,False,2,
finite-mode-spin-boson-dephasing,spin_boson_14,6.5973445725385655,class_II_analytically_invertible_numerically_effectively_singular_without_CPTP_inverse,False,True,False,,False,2,
finite-mode-spin-boson-dephasing,spin_boson_14,6.754424205218055,class_II_analytically_invertible_numerically_effectively_singular_without_CPTP_inverse,False,True,False,,False,2,
finite-mode-spin-boson-dephasing,spin_boson_14,6.911503837897545,class_II_analytically_invertible_numerically_effectively_singular_without_CPTP_inverse,False,True,False,,False,2,
finite-mode-spin-boson-dephasing,spin_boson_14,7.0685834705770345,class_II_analytically_invertible_numerically_effectively_singular_without_CPTP_inverse,False,True,False,,False,2,
finite-mode-spin-boson-dephasing,spin_boson_14,7.225663103256524,class_II_analytically_invertible_numerically_effectively_singular_without_CPTP_inverse,False,True,False,,False,2,
finite-mode-spin-boson-dephasing,spin_boson_14,7.382742735936014,class_II_analytically_invertible_numerically_effectively_singular_without_CPTP_inverse,False,True,False,,False,2,
finite-mode-spin-boson-dephasing,spin_boson_14,7.5398223686155035,class_II_analytically_invertible_numerically_effectively_singular_without_CPTP_inverse,False,True,False,,False,2,
finite-mode-spin-boson-dephasing,spin_boson_14,7.696902001294993,class_II_analytically_invertible_numerically_effectively_singular_without_CPTP_inverse,False,True,False,,False,2,
finite-mode-spin-boson-dephasing,spin_boson_14,7.853981633974483,class_II_analytically_invertible_numerically_effectively_singular_without_CPTP_inverse,False,True,False,,False,2,
finite-mode-spin-boson-dephasing,spin_boson_14,8.011061266653972,class_II_analytically_invertible_numerically_effectively_singular_without_CPTP_inverse,False,True,False,,False,2,
finite-mode-spin-boson-dephasing,spin_boson_14,8.168140899333462,class_II_analytically_invertible_numerically_effectively_singular_without_CPTP_inverse,False,True,False,,False,2,
finite-mode-spin-boson-dephasing,spin_boson_14,8.325220532012953,class_II_analytically_invertible_numerically_effectively_singular_without_CPTP_inverse,False,True,False,,False,2,
finite-mode-spin-boson-dephasing,spin_boson_14,8.482300164692441,class_II_analytically_invertible_numerically_effectively_singular_without_CPTP_inverse,False,True,False,,False,2,
finite-mode-spin-boson-dephasing,spin_boson_14,8.63937979737193,class_II_analytically_invertible_numerically_effectively_singular_without_CPTP_inverse,False,True,False,,False,2,
finite-mode-spin-boson-dephasing,spin_boson_14,8.79645943005142,class_II_analytically_invertible_numerically_effectively_singular_without_CPTP_inverse,False,True,False,,False,2,
finite-mode-spin-boson-dephasing,spin_boson_14,8.953539062730911,class_II_analytically_invertible_numerically_effectively_singular_without_CPTP_inverse,False,True,False,,False,2,
finite-mode-spin-boson-dephasing,spin_boson_14,9.1106186954104,class_II_analytically_invertible_numerically_effectively_singular_without_CPTP_inverse,False,True,False,,False,2,
finite-mode-spin-boson-dephasing,spin_boson_14,9.267698328089889,class_II_analytically_invertible_numerically_effectively_singular_without_CPTP_inverse,False,True,False,,False,2,
finite-mode-spin-boson-dephasing,spin_boson_14,9.42477796076938,class_II_analytically_invertible_numerically_effectively_singular_without_CPTP_inverse,False,True,False,,False,2,
finite-mode-spin-boson-dephasing,spin_boson_14,9.58185759344887,class_II_analytically_invertible_numerically_effectively_singular_without_CPTP_inverse,False,True,False,,False,2,
finite-mode-spin-boson-dephasing,spin_boson_14,9.738937226128359,class_II_analytically_invertible_numerically_effectively_singular_without_CPTP_inverse,False,True,False,,False,2,
finite-mode-spin-boson-dephasing,spin_boson_14,9.896016858807847,class_II_analytically_invertible_numerically_effectively_singular_without_CPTP_inverse,False,True,False,,False,2,
finite-mode-spin-boson-dephasing,spin_boson_14,10.053096491487338,class_II_analytically_invertible_numerically_effectively_singular_without_CPTP_inverse,False,True,False,,False,2,
finite-mode-spin-boson-dephasing,spin_boson_14,10.210176124166829,class_II_analytically_invertible_numerically_effectively_singular_without_CPTP_inverse,False,True,False,,False,2,
finite-mode-spin-boson-dephasing,spin_boson_14,10.367255756846317,class_II_analytically_invertible_numerically_effectively_singular_without_CPTP_inverse,False,True,False,,False,2,
finite-mode-spin-boson-dephasing,spin_boson_14,10.524335389525806,class_II_analytically_invertible_numerically_effectively_singular_without_CPTP_inverse,False,True,False,,False,2,
finite-mode-spin-boson-dephasing,spin_boson_14,10.681415022205297,class_II_analytically_invertible_numerically_effectively_singular_without_CPTP_inverse,False,True,False,,False,2,
finite-mode-spin-boson-dephasing,spin_boson_14,10.838494654884787,class_II_analytically_invertible_numerically_effectively_singular_without_CPTP_inverse,False,True,False,,False,2,
finite-mode-spin-boson-dephasing,spin_boson_14,10.995574287564276,class_II_analytically_invertible_numerically_effectively_singular_without_CPTP_inverse,False,True,False,,False,2,
finite-mode-spin-boson-dephasing,spin_boson_14,11.152653920243765,class_II_analytically_invertible_numerically_effectively_singular_without_CPTP_inverse,False,True,False,,False,2,
finite-mode-spin-boson-dephasing,spin_boson_14,11.309733552923255,class_II_analytically_invertible_numerically_effectively_singular_without_CPTP_inverse,False,True,False,,False,2,
finite-mode-spin-boson-dephasing,spin_boson_14,11.466813185602746,class_II_analytically_invertible_numerically_effectively_singular_without_CPTP_inverse,False,True,False,,False,2,
finite-mode-spin-boson-dephasing,spin_boson_14,11.623892818282235,class_II_analytically_invertible_numerically_effectively_singular_without_CPTP_inverse,False,True,False,,False,2,
finite-mode-spin-boson-dephasing,spin_boson_14,11.780972450961723,class_II_analytically_invertible_numerically_effectively_singular_without_CPTP_inverse,False,True,False,,False,2,
finite-mode-spin-boson-dephasing,spin_boson_14,11.938052083641214,class_II_analytically_invertible_numerically_effectively_singular_without_CPTP_inverse,False,True,False,,False,2,
finite-mode-spin-boson-dephasing,spin_boson_14,12.095131716320704,class_II_analytically_invertible_numerically_effectively_singular_without_CPTP_inverse,False,True,False,,False,2,
finite-mode-spin-boson-dephasing,spin_boson_14,12.252211349000193,class_II_analytically_invertible_numerically_effectively_singular_without_CPTP_inverse,False,True,False,,False,2,
finite-mode-spin-boson-dephasing,spin_boson_14,12.409290981679682,class_II_analytically_invertible_numerically_effectively_singular_without_CPTP_inverse,False,True,False,,False,2,
finite-mode-spin-boson-dephasing,spin_boson_14,12.566370614359172,class_II_analytically_invertible_numerically_effectively_singular_without_CPTP_inverse,False,True,False,,False,2,
finite-mode-spin-boson-dephasing,spin_boson_15,0.0,class_I_direct_unitary_reversible,True,True,True,True,True,1,1.0
finite-mode-spin-boson-dephasing,spin_boson_15,0.15707963267948966,class_II_linearly_invertible_without_CPTP_inverse,True,True,True,False,False,2,1.2242982503700468
finite-mode-spin-boson-dephasing,spin_boson_15,0.3141592653589793,class_II_linearly_invertible_without_CPTP_inverse,True,True,True,False,False,2,2.231247995812058
finite-mode-spin-boson-dephasing,spin_boson_15,0.47123889803846897,class_II_linearly_invertible_without_CPTP_inverse,True,True,True,False,False,2,5.931428625815915
finite-mode-spin-boson-dephasing,spin_boson_15,0.6283185307179586,class_II_linearly_invertible_without_CPTP_inverse,True,True,True,False,False,2,22.264183765904374
finite-mode-spin-boson-dephasing,spin_boson_15,0.7853981633974483,class_II_linearly_invertible_without_CPTP_inverse,True,True,True,False,False,2,113.06365685101375
finite-mode-spin-boson-dephasing,spin_boson_15,0.9424777960769379,class_II_linearly_invertible_without_CPTP_inverse,True,True,True,False,False,2,738.5495394546924
finite-mode-spin-boson-dephasing,spin_boson_15,1.0995574287564276,class_II_linearly_invertible_without_CPTP_inverse,True,True,True,False,False,2,5871.547016858808
finite-mode-spin-boson-dephasing,spin_boson_15,1.2566370614359172,class_II_linearly_invertible_without_CPTP_inverse,True,True,True,False,False,2,53662.87124428442
finite-mode-spin-boson-dephasing,spin_boson_15,1.413716694115407,class_II_linearly_invertible_without_CPTP_inverse,True,True,True,False,False,2,533306.9916458598
finite-mode-spin-boson-dephasing,spin_boson_15,1.5707963267948966,class_II_linearly_invertible_without_CPTP_inverse,True,True,True,False,False,2,5474517.297617454
finite-mode-spin-boson-dephasing,spin_boson_15,1.7278759594743862,class_II_linearly_invertible_without_CPTP_inverse,True,True,True,False,False,2,55511411.69377328
finite-mode-spin-boson-dephasing,spin_boson_15,1.8849555921538759,class_II_linearly_invertible_without_CPTP_inverse,True,True,True,False,False,2,536332604.290089
finite-mode-spin-boson-dephasing,spin_boson_15,2.0420352248333655,class_II_linearly_invertible_without_CPTP_inverse,True,True,True,False,False,2,4809820453.93565
finite-mode-spin-boson-dephasing,spin_boson_15,2.199114857512855,class_II_analytically_invertible_numerically_effectively_singular_without_CPTP_inverse,False,True,False,,False,2,
finite-mode-spin-boson-dephasing,spin_boson_15,2.356194490192345,class_II_analytically_invertible_numerically_effectively_singular_without_CPTP_inverse,False,True,False,,False,2,
finite-mode-spin-boson-dephasing,spin_boson_15,2.5132741228718345,class_II_analytically_invertible_numerically_effectively_singular_without_CPTP_inverse,False,True,False,,False,2,
finite-mode-spin-boson-dephasing,spin_boson_15,2.670353755551324,class_II_analytically_invertible_numerically_effectively_singular_without_CPTP_inverse,False,True,False,,False,2,
finite-mode-spin-boson-dephasing,spin_boson_15,2.827433388230814,class_II_analytically_invertible_numerically_effectively_singular_without_CPTP_inverse,False,True,False,,False,2,
finite-mode-spin-boson-dephasing,spin_boson_15,2.9845130209103035,class_II_analytically_invertible_numerically_effectively_singular_without_CPTP_inverse,False,True,False,,False,2,
finite-mode-spin-boson-dephasing,spin_boson_15,3.141592653589793,class_II_analytically_invertible_numerically_effectively_singular_without_CPTP_inverse,False,True,False,,False,2,
finite-mode-spin-boson-dephasing,spin_boson_15,3.2986722862692828,class_II_analytically_invertible_numerically_effectively_singular_without_CPTP_inverse,False,True,False,,False,2,
finite-mode-spin-boson-dephasing,spin_boson_15,3.4557519189487724,class_II_analytically_invertible_numerically_effectively_singular_without_CPTP_inverse,False,True,False,,False,2,
finite-mode-spin-boson-dephasing,spin_boson_15,3.612831551628262,class_II_analytically_invertible_numerically_effectively_singular_without_CPTP_inverse,False,True,False,,False,2,
finite-mode-spin-boson-dephasing,spin_boson_15,3.7699111843077517,class_II_analytically_invertible_numerically_effectively_singular_without_CPTP_inverse,False,True,False,,False,2,
finite-mode-spin-boson-dephasing,spin_boson_15,3.9269908169872414,class_II_analytically_invertible_numerically_effectively_singular_without_CPTP_inverse,False,True,False,,False,2,
finite-mode-spin-boson-dephasing,spin_boson_15,4.084070449666731,class_II_analytically_invertible_numerically_effectively_singular_without_CPTP_inverse,False,True,False,,False,2,
finite-mode-spin-boson-dephasing,spin_boson_15,4.241150082346221,class_II_analytically_invertible_numerically_effectively_singular_without_CPTP_inverse,False,True,False,,False,2,
finite-mode-spin-boson-dephasing,spin_boson_15,4.39822971502571,class_II_analytically_invertible_numerically_effectively_singular_without_CPTP_inverse,False,True,False,,False,2,
finite-mode-spin-boson-dephasing,spin_boson_15,4.5553093477052,class_II_analytically_invertible_numerically_effectively_singular_without_CPTP_inverse,False,True,False,,False,2,
finite-mode-spin-boson-dephasing,spin_boson_15,4.71238898038469,class_II_analytically_invertible_numerically_effectively_singular_without_CPTP_inverse,False,True,False,,False,2,
finite-mode-spin-boson-dephasing,spin_boson_15,4.869468613064179,class_II_analytically_invertible_numerically_effectively_singular_without_CPTP_inverse,False,True,False,,False,2,
finite-mode-spin-boson-dephasing,spin_boson_15,5.026548245743669,class_II_analytically_invertible_numerically_effectively_singular_without_CPTP_inverse,False,True,False,,False,2,
finite-mode-spin-boson-dephasing,spin_boson_15,5.183627878423159,class_II_analytically_invertible_numerically_effectively_singular_without_CPTP_inverse,False,True,False,,False,2,
finite-mode-spin-boson-dephasing,spin_boson_15,5.340707511102648,class_II_analytically_invertible_numerically_effectively_singular_without_CPTP_inverse,False,True,False,,False,2,
finite-mode-spin-boson-dephasing,spin_boson_15,5.497787143782138,class_II_analytically_invertible_numerically_effectively_singular_without_CPTP_inverse,False,True,False,,False,2,
finite-mode-spin-boson-dephasing,spin_boson_15,5.654866776461628,class_II_analytically_invertible_numerically_effectively_singular_without_CPTP_inverse,False,True,False,,False,2,
finite-mode-spin-boson-dephasing,spin_boson_15,5.811946409141117,class_II_analytically_invertible_numerically_effectively_singular_without_CPTP_inverse,False,True,False,,False,2,
finite-mode-spin-boson-dephasing,spin_boson_15,5.969026041820607,class_II_analytically_invertible_numerically_effectively_singular_without_CPTP_inverse,False,True,False,,False,2,
finite-mode-spin-boson-dephasing,spin_boson_15,6.126105674500097,class_II_analytically_invertible_numerically_effectively_singular_without_CPTP_inverse,False,True,False,,False,2,
finite-mode-spin-boson-dephasing,spin_boson_15,6.283185307179586,class_II_analytically_invertible_numerically_effectively_singular_without_CPTP_inverse,False,True,False,,False,2,
finite-mode-spin-boson-dephasing,spin_boson_15,6.440264939859076,class_II_analytically_invertible_numerically_effectively_singular_without_CPTP_inverse,False,True,False,,False,2,
finite-mode-spin-boson-dephasing,spin_boson_15,6.5973445725385655,class_II_analytically_invertible_numerically_effectively_singular_without_CPTP_inverse,False,True,False,,False,2,
finite-mode-spin-boson-dephasing,spin_boson_15,6.754424205218055,class_II_analytically_invertible_numerically_effectively_singular_without_CPTP_inverse,False,True,False,,False,2,
finite-mode-spin-boson-dephasing,spin_boson_15,6.911503837897545,class_II_analytically_invertible_numerically_effectively_singular_without_CPTP_inverse,False,True,False,,False,2,
finite-mode-spin-boson-dephasing,spin_boson_15,7.0685834705770345,class_II_analytically_invertible_numerically_effectively_singular_without_CPTP_inverse,False,True,False,,False,2,
finite-mode-spin-boson-dephasing,spin_boson_15,7.225663103256524,class_II_analytically_invertible_numerically_effectively_singular_without_CPTP_inverse,False,True,False,,False,2,
finite-mode-spin-boson-dephasing,spin_boson_15,7.382742735936014,class_II_analytically_invertible_numerically_effectively_singular_without_CPTP_inverse,False,True,False,,False,2,
finite-mode-spin-boson-dephasing,spin_boson_15,7.5398223686155035,class_II_analytically_invertible_numerically_effectively_singular_without_CPTP_inverse,False,True,False,,False,2,
finite-mode-spin-boson-dephasing,spin_boson_15,7.696902001294993,class_II_analytically_invertible_numerically_effectively_singular_without_CPTP_inverse,False,True,False,,False,2,
finite-mode-spin-boson-dephasing,spin_boson_15,7.853981633974483,class_II_analytically_invertible_numerically_effectively_singular_without_CPTP_inverse,False,True,False,,False,2,
finite-mode-spin-boson-dephasing,spin_boson_15,8.011061266653972,class_II_analytically_invertible_numerically_effectively_singular_without_CPTP_inverse,False,True,False,,False,2,
finite-mode-spin-boson-dephasing,spin_boson_15,8.168140899333462,class_II_analytically_invertible_numerically_effectively_singular_without_CPTP_inverse,False,True,False,,False,2,
finite-mode-spin-boson-dephasing,spin_boson_15,8.325220532012953,class_II_analytically_invertible_numerically_effectively_singular_without_CPTP_inverse,False,True,False,,False,2,
finite-mode-spin-boson-dephasing,spin_boson_15,8.482300164692441,class_II_analytically_invertible_numerically_effectively_singular_without_CPTP_inverse,False,True,False,,False,2,
finite-mode-spin-boson-dephasing,spin_boson_15,8.63937979737193,class_II_analytically_invertible_numerically_effectively_singular_without_CPTP_inverse,False,True,False,,False,2,
finite-mode-spin-boson-dephasing,spin_boson_15,8.79645943005142,class_II_analytically_invertible_numerically_effectively_singular_without_CPTP_inverse,False,True,False,,False,2,
finite-mode-spin-boson-dephasing,spin_boson_15,8.953539062730911,class_II_analytically_invertible_numerically_effectively_singular_without_CPTP_inverse,False,True,False,,False,2,
finite-mode-spin-boson-dephasing,spin_boson_15,9.1106186954104,class_II_analytically_invertible_numerically_effectively_singular_without_CPTP_inverse,False,True,False,,False,2,
finite-mode-spin-boson-dephasing,spin_boson_15,9.267698328089889,class_II_analytically_invertible_numerically_effectively_singular_without_CPTP_inverse,False,True,False,,False,2,
finite-mode-spin-boson-dephasing,spin_boson_15,9.42477796076938,class_II_analytically_invertible_numerically_effectively_singular_without_CPTP_inverse,False,True,False,,False,2,
finite-mode-spin-boson-dephasing,spin_boson_15,9.58185759344887,class_II_analytically_invertible_numerically_effectively_singular_without_CPTP_inverse,False,True,False,,False,2,
finite-mode-spin-boson-dephasing,spin_boson_15,9.738937226128359,class_II_analytically_invertible_numerically_effectively_singular_without_CPTP_inverse,False,True,False,,False,2,
finite-mode-spin-boson-dephasing,spin_boson_15,9.896016858807847,class_II_analytically_invertible_numerically_effectively_singular_without_CPTP_inverse,False,True,False,,False,2,
finite-mode-spin-boson-dephasing,spin_boson_15,10.053096491487338,class_II_analytically_invertible_numerically_effectively_singular_without_CPTP_inverse,False,True,False,,False,2,
finite-mode-spin-boson-dephasing,spin_boson_15,10.210176124166829,class_II_analytically_invertible_numerically_effectively_singular_without_CPTP_inverse,False,True,False,,False,2,
finite-mode-spin-boson-dephasing,spin_boson_15,10.367255756846317,class_II_analytically_invertible_numerically_effectively_singular_without_CPTP_inverse,False,True,False,,False,2,
finite-mode-spin-boson-dephasing,spin_boson_15,10.524335389525806,class_II_analytically_invertible_numerically_effectively_singular_without_CPTP_inverse,False,True,False,,False,2,
finite-mode-spin-boson-dephasing,spin_boson_15,10.681415022205297,class_II_analytically_invertible_numerically_effectively_singular_without_CPTP_inverse,False,True,False,,False,2,
finite-mode-spin-boson-dephasing,spin_boson_15,10.838494654884787,class_II_analytically_invertible_numerically_effectively_singular_without_CPTP_inverse,False,True,False,,False,2,
finite-mode-spin-boson-dephasing,spin_boson_15,10.995574287564276,class_II_analytically_invertible_numerically_effectively_singular_without_CPTP_inverse,False,True,False,,False,2,
finite-mode-spin-boson-dephasing,spin_boson_15,11.152653920243765,class_II_analytically_invertible_numerically_effectively_singular_without_CPTP_inverse,False,True,False,,False,2,
finite-mode-spin-boson-dephasing,spin_boson_15,11.309733552923255,class_II_analytically_invertible_numerically_effectively_singular_without_CPTP_inverse,False,True,False,,False,2,
finite-mode-spin-boson-dephasing,spin_boson_15,11.466813185602746,class_II_analytically_invertible_numerically_effectively_singular_without_CPTP_inverse,False,True,False,,False,2,
finite-mode-spin-boson-dephasing,spin_boson_15,11.623892818282235,class_II_analytically_invertible_numerically_effectively_singular_without_CPTP_inverse,False,True,False,,False,2,
finite-mode-spin-boson-dephasing,spin_boson_15,11.780972450961723,class_II_analytically_invertible_numerically_effectively_singular_without_CPTP_inverse,False,True,False,,False,2,
finite-mode-spin-boson-dephasing,spin_boson_15,11.938052083641214,class_II_analytically_invertible_numerically_effectively_singular_without_CPTP_inverse,False,True,False,,False,2,
finite-mode-spin-boson-dephasing,spin_boson_15,12.095131716320704,class_II_analytically_invertible_numerically_effectively_singular_without_CPTP_inverse,False,True,False,,False,2,
finite-mode-spin-boson-dephasing,spin_boson_15,12.252211349000193,class_II_analytically_invertible_numerically_effectively_singular_without_CPTP_inverse,False,True,False,,False,2,
finite-mode-spin-boson-dephasing,spin_boson_15,12.409290981679682,class_II_analytically_invertible_numerically_effectively_singular_without_CPTP_inverse,False,True,False,,False,2,
finite-mode-spin-boson-dephasing,spin_boson_15,12.566370614359172,class_II_analytically_invertible_numerically_effectively_singular_without_CPTP_inverse,False,True,False,,False,2,
